gbif_key,fieldguide_id,cover_image_url,antenna_id,inat_id,category_map_index,common_name_en,Unnamed: 8,training_images_count,example_occurrence_image_url,speciesKey,gbif_name,genus,family
1730769,,,,,0,,,7,https://inaturalist-open-data.s3.amazonaws.com/photos/180526040/original.jpg,1730769,Givira minuta,Givira,Cossidae
1732371,,,,,1,,,11,https://inaturalist-open-data.s3.amazonaws.com/photos/6414599/original.jpeg,1732371,Prorifrons tremula,Prorifrons,Lasiocampidae
1732901,,,,,2,,,1000,https://inaturalist-open-data.s3.amazonaws.com/photos/70157693/original.jpeg,1732901,Artace cribrarius,Artace,Lasiocampidae
1733029,,,,,3,,,6,https://inaturalist-open-data.s3.amazonaws.com/photos/364094035/original.jpg,1733029,Nesara dalceroides,Nesara,Lasiocampidae
1733031,,,,,4,,,5,https://inaturalist-open-data.s3.amazonaws.com/photos/108947602/original.jpeg,1733031,Nesara francesca,Nesara,Lasiocampidae
1733038,,,,,5,,,7,http://www.boldsystems.org/pics/MHAOA/07-SRNP-45268-DHJ381019+1222372210.jpg,1733038,Nesara casada,Nesara,Lasiocampidae
1733051,,,,,6,,,10,https://inaturalist-open-data.s3.amazonaws.com/photos/103863655/original.jpeg,1733051,Nesara caramina,Nesara,Lasiocampidae
1733068,,,,,7,,,11,https://inaturalist-open-data.s3.amazonaws.com/photos/103862637/original.jpeg,1733068,Tytocha lineata,Tytocha,Lasiocampidae
1733328,,,,,8,,,13,https://inaturalist-open-data.s3.amazonaws.com/photos/99104377/original.jpeg,1733328,Labedera primitiva,Labedera,Lasiocampidae
1733824,,,,,9,,,7,https://inaturalist-open-data.s3.amazonaws.com/photos/103863998/original.jpeg,1733824,Eutachyptera psidii,Eutachyptera,Lasiocampidae
1741826,,,,,10,,,684,https://inaturalist-open-data.s3.amazonaws.com/photos/32341384/original.jpg,1741826,Platynota rostrana,Platynota,Tortricidae
1743215,,,,,11,,,7,https://inaturalist-open-data.s3.amazonaws.com/photos/13732593/original.jpg,1743215,Orthocomotis herbacea,Orthocomotis,Tortricidae
1743288,,,,,12,,,6,https://inaturalist-open-data.s3.amazonaws.com/photos/294676870/original.jpg,1743288,Pseudatteria leopardina,Pseudatteria,Tortricidae
1743297,,,,,13,,,20,https://inaturalist-open-data.s3.amazonaws.com/photos/385347797/original.jpeg,1743297,Pseudatteria volcanica,Pseudatteria,Tortricidae
1743793,,,,,14,,,21,https://inaturalist-open-data.s3.amazonaws.com/photos/165986886/original.jpg,1743793,Mictopsichia hubneriana,Mictopsichia,Tortricidae
1748056,,,,,15,,,6,https://inaturalist-open-data.s3.amazonaws.com/photos/43703336/original.jpg,1748056,Hilarographa plectanodes,Hilarographa,Tortricidae
1748062,,,,,16,,,8,https://inaturalist-open-data.s3.amazonaws.com/photos/66919660/original.jpeg,1748062,Hilarographa swederiana,Hilarographa,Tortricidae
1751492,,,,,17,,,19,https://inaturalist-open-data.s3.amazonaws.com/photos/161088038/original.jpg,1751492,Trosia dimas,Trosia,Megalopygidae
1751496,,,,,18,,,13,https://inaturalist-open-data.s3.amazonaws.com/photos/185674982/original.jpeg,1751496,Trosia incostata,Trosia,Megalopygidae
1751497,,,,,19,,,83,https://inaturalist-open-data.s3.amazonaws.com/photos/356595188/original.jpg,1751497,Trosia semirufa,Trosia,Megalopygidae
1751512,,,,,20,,,9,https://inaturalist-open-data.s3.amazonaws.com/photos/118581180/original.jpeg,1751512,Trosia fallax,Trosia,Megalopygidae
1751524,,,,,21,,,61,https://inaturalist-open-data.s3.amazonaws.com/photos/29584191/original.jpg,1751524,Thoscora ribbei,Thoscora,Megalopygidae
1751568,,,,,22,,,17,https://inaturalist-open-data.s3.amazonaws.com/photos/363903595/original.jpeg,1751568,Megalopyge megalopygae,Megalopyge,Megalopygidae
1751572,,,,,23,,,1000,https://inaturalist-open-data.s3.amazonaws.com/photos/299863909/original.jpeg,1751572,Megalopyge opercularis,Megalopyge,Megalopygidae
1751581,,,,,24,,,39,https://inaturalist-open-data.s3.amazonaws.com/photos/277982178/original.jpeg,1751581,Megalopyge perseae,Megalopyge,Megalopygidae
1751588,,,,,25,,,359,https://inaturalist-open-data.s3.amazonaws.com/photos/184373043/original.jpg,1751588,Megalopyge lanata,Megalopyge,Megalopygidae
1751590,,,,,26,,,39,https://inaturalist-open-data.s3.amazonaws.com/photos/325271403/original.jpg,1751590,Megalopyge tharops,Megalopyge,Megalopygidae
1751600,,,,,27,,,26,https://inaturalist-open-data.s3.amazonaws.com/photos/170176089/original.png,1751600,Megalopyge lampra,Megalopyge,Megalopygidae
1751607,,,,,28,,,14,https://inaturalist-open-data.s3.amazonaws.com/photos/161189787/original.jpeg,1751607,Megalopyge hina,Megalopyge,Megalopygidae
1751613,,,,,29,,,56,https://inaturalist-open-data.s3.amazonaws.com/photos/146435795/original.jpeg,1751613,Megalopyge salebrosa,Megalopyge,Megalopygidae
1751624,,,,,30,,,28,https://inaturalist-open-data.s3.amazonaws.com/photos/378237866/original.jpeg,1751624,Megalopyge xanthopasa,Megalopyge,Megalopygidae
1751625,,,,,31,,,368,https://inaturalist-open-data.s3.amazonaws.com/photos/311711274/original.jpg,1751625,Megalopyge albicollis,Megalopyge,Megalopygidae
1751626,,,,,32,,,12,https://inaturalist-open-data.s3.amazonaws.com/photos/348771836/original.jpg,1751626,Megalopyge defoliata,Megalopyge,Megalopygidae
1751670,,,,,33,,,173,https://inaturalist-open-data.s3.amazonaws.com/photos/129557790/original.jpeg,1751670,Norape virgo,Norape,Megalopygidae
1751735,,,,,34,,,9,https://inaturalist-open-data.s3.amazonaws.com/photos/235219651/original.jpg,1751735,Mesoscia eriophora,Mesoscia,Megalopygidae
1751739,,,,,35,,,9,https://inaturalist-open-data.s3.amazonaws.com/photos/150637637/original.jpeg,1751739,Mesoscia dumilla,Mesoscia,Megalopygidae
1751747,,,,,36,,,17,https://inaturalist-open-data.s3.amazonaws.com/photos/64295332/original.jpeg,1751747,Mesoscia dyari,Mesoscia,Megalopygidae
1751748,,,,,37,,,19,https://inaturalist-open-data.s3.amazonaws.com/photos/243777687/original.jpg,1751748,Mesoscia guttifascia,Mesoscia,Megalopygidae
1751750,,,,,38,,,35,https://inaturalist-open-data.s3.amazonaws.com/photos/177238778/original.jpg,1751750,Mesoscia terminata,Mesoscia,Megalopygidae
1751758,,,,,39,,,24,https://inaturalist-open-data.s3.amazonaws.com/photos/118910072/original.jpg,1751758,Aithorape roseicornis,Aithorape,Megalopygidae
1751779,,,,,40,,,6,https://inaturalist-open-data.s3.amazonaws.com/photos/100071031/original.jpg,1751779,Macara argentea,Macara,Megalopygidae
1751785,,,,,41,,,39,https://inaturalist-open-data.s3.amazonaws.com/photos/136864868/original.jpeg,1751785,Macara alydda,Macara,Megalopygidae
1751929,,,,,42,,,43,https://inaturalist-open-data.s3.amazonaws.com/photos/98985886/original.jpeg,1751929,Aidos yamouna,Aidos,Aididae
1751930,,,,,43,,,8,https://inaturalist-open-data.s3.amazonaws.com/photos/91050455/original.jpeg,1751930,Aidos perfusa,Aidos,Aididae
1751980,,,,,44,,,100,https://inaturalist-open-data.s3.amazonaws.com/photos/247956350/original.jpg,1751980,Perola villosipes,Perola,Limacodidae
1751986,,,,,45,,,69,https://inaturalist-open-data.s3.amazonaws.com/photos/258812597/original.jpg,1751986,Perola sericea,Perola,Limacodidae
1751990,,,,,46,,,14,https://inaturalist-open-data.s3.amazonaws.com/photos/282320292/original.jpeg,1751990,Perola nitidissima,Perola,Limacodidae
1751991,,,,,47,,,10,https://inaturalist-open-data.s3.amazonaws.com/photos/26031237/original.jpg,1751991,Perola sinaloensis,Perola,Limacodidae
1752001,,,,,48,,,26,https://inaturalist-open-data.s3.amazonaws.com/photos/310440920/original.jpeg,1752001,Perola clara,Perola,Limacodidae
1752033,,,,,49,,,11,https://inaturalist-open-data.s3.amazonaws.com/photos/100521915/original.jpg,1752033,Perola laopepe,Perola,Limacodidae
1752034,,,,,50,,,51,https://inaturalist-open-data.s3.amazonaws.com/photos/240222857/original.jpeg,1752034,Perola repetita,Perola,Limacodidae
1752109,,,,,51,,,263,https://inaturalist-open-data.s3.amazonaws.com/photos/98328630/original.jpg,1752109,Phobetron hipparchia,Phobetron,Limacodidae
1752464,,,,,52,,,14,https://inaturalist-open-data.s3.amazonaws.com/photos/253982185/original.jpg,1752464,Venadicodia denderia,Venadicodia,Limacodidae
1752742,,,,,53,,,17,https://inaturalist-open-data.s3.amazonaws.com/photos/178153031/original.jpeg,1752742,Tanadema neutra,Tanadema,Limacodidae
1752775,,,,,54,,,130,https://inaturalist-open-data.s3.amazonaws.com/photos/181192343/original.jpeg,1752775,Miresa clarissa,Miresa,Limacodidae
1752778,,,,,55,,,34,https://inaturalist-open-data.s3.amazonaws.com/photos/143830208/original.jpg,1752778,Miresa argentea,Miresa,Limacodidae
1752825,,,,,56,,,523,https://inaturalist-open-data.s3.amazonaws.com/photos/41317607/original.jpg,1752825,Prolimacodes badia,Prolimacodes,Limacodidae
1752827,,,,,57,,,27,https://inaturalist-open-data.s3.amazonaws.com/photos/226980782/original.jpg,1752827,Prolimacodes triangulifera,Prolimacodes,Limacodidae
1752892,,,,,58,,,9,https://inaturalist-open-data.s3.amazonaws.com/photos/288074299/original.jpeg,1752892,Isochaetes rufescens,Isochaetes,Limacodidae
1753035,,,,,59,,,14,https://inaturalist-open-data.s3.amazonaws.com/photos/217832526/original.jpeg,1753035,Epiperola vafera,Epiperola,Limacodidae
1753043,,,,,60,,,17,https://inaturalist-open-data.s3.amazonaws.com/photos/119807166/original.jpeg,1753043,Epiperola peluda,Epiperola,Limacodidae
1753046,,,,,61,,,7,https://inaturalist-open-data.s3.amazonaws.com/photos/280238584/original.jpeg,1753046,Epiperola vaferella,Epiperola,Limacodidae
1753049,,,,,62,,,37,https://inaturalist-open-data.s3.amazonaws.com/photos/97364698/original.jpeg,1753049,Epiperola grandiosa,Epiperola,Limacodidae
1753050,,,,,63,,,6,https://inaturalist-open-data.s3.amazonaws.com/photos/186731312/original.jpg,1753050,Epiperola monochroma,Epiperola,Limacodidae
1753538,,,,,64,,,13,https://inaturalist-open-data.s3.amazonaws.com/photos/261371186/original.jpg,1753538,Vipsania melanois,Vipsania,Limacodidae
1753544,,,,,65,,,8,https://inaturalist-open-data.s3.amazonaws.com/photos/143911158/original.jpg,1753544,Vipsania rosabella,Vipsania,Limacodidae
1753603,,,,,66,,,38,https://inaturalist-open-data.s3.amazonaws.com/photos/240222451/original.jpeg,1753603,Semyra bella,Semyra,Limacodidae
1753604,,,,,67,,,36,https://inaturalist-open-data.s3.amazonaws.com/photos/65614395/original.jpeg,1753604,Semyra coarctata,Semyra,Limacodidae
1753612,,,,,68,,,26,https://inaturalist-open-data.s3.amazonaws.com/photos/253102694/original.jpg,1753612,Semyra irena,Semyra,Limacodidae
1753661,,,,,69,,,39,https://inaturalist-open-data.s3.amazonaws.com/photos/132201053/original.jpg,1753661,Natada lucens,Natada,Limacodidae
1753674,,,,,70,,,6,https://inaturalist-open-data.s3.amazonaws.com/photos/240223163/original.jpg,1753674,Natada daona,Natada,Limacodidae
1753688,,,,,71,,,6,https://inaturalist-open-data.s3.amazonaws.com/photos/314427819/original.jpeg,1753688,Natada incandescens,Natada,Limacodidae
1753697,,,,,72,,,5,https://inaturalist-open-data.s3.amazonaws.com/photos/171821649/original.jpeg,1753697,Natada nindla,Natada,Limacodidae
1753707,,,,,73,,,9,https://inaturalist-open-data.s3.amazonaws.com/photos/25869527/original.jpg,1753707,Natada caria,Natada,Limacodidae
1753712,,,,,74,,,25,https://inaturalist-open-data.s3.amazonaws.com/photos/119827410/original.jpeg,1753712,Natada michorta,Natada,Limacodidae
1753817,,,,,75,,,21,https://inaturalist-open-data.s3.amazonaws.com/photos/257370754/original.jpeg,1753817,Euphobetron moorei,Euphobetron,Limacodidae
1753818,,,,,76,,,20,https://inaturalist-open-data.s3.amazonaws.com/photos/297261636/original.jpeg,1753818,Euphobetron cupreitincta,Euphobetron,Limacodidae
1753824,,,,,77,,,24,https://inaturalist-open-data.s3.amazonaws.com/photos/9358433/original.jpeg,1753824,Euphobetron cypris,Euphobetron,Limacodidae
1753871,,,,,78,,,60,https://inaturalist-open-data.s3.amazonaws.com/photos/12276043/original.jpg,1753871,Sibine nesea,Sibine,Limacodidae
1758269,,,,,79,,,11,https://inaturalist-open-data.s3.amazonaws.com/photos/120039734/original.jpeg,1758269,Paracraga argentea,Paracraga,Dalceridae
1758336,,,,,80,,,50,https://inaturalist-open-data.s3.amazonaws.com/photos/383805685/original.jpeg,1758336,Acraga coa,Acraga,Dalceridae
1759866,,,,,81,,,10,https://inaturalist-open-data.s3.amazonaws.com/photos/82224566/original.jpeg,1759866,Dolichosomastis leucogrammica,Dolichosomastis,Erebidae
1759875,,,,,82,,,31,https://inaturalist-open-data.s3.amazonaws.com/photos/251546419/original.jpg,1759875,Drepanoperas falcigera,Drepanoperas,Erebidae
1760213,,,,,83,,,4,http://www.boldsystems.org/pics/BLPAA/19-SRNP-104760-DHJ713919+1683647148.JPG,1760213,Micromonodes semiluna,Micromonodes,Noctuidae
1760288,,,,,84,,,4,https://inaturalist-open-data.s3.amazonaws.com/photos/81303837/original.jpeg,1760288,Cropia hadenoides,Cropia,Noctuidae
1760293,,,,,85,,,5,https://inaturalist-open-data.s3.amazonaws.com/photos/30681136/original.jpeg,1760293,Cropia isidora,Cropia,Noctuidae
1760308,,,,,86,,,8,https://inaturalist-open-data.s3.amazonaws.com/photos/168230182/original.jpg,1760308,Cropia phila,Cropia,Noctuidae
1760309,,,,,87,,,29,http://www.boldsystems.org/pics/BLPAA/19-SRNP-101713-DHJ710872+1683644022.JPG,1760309,Cropia connecta,Cropia,Noctuidae
1760317,,,,,88,,,14,https://inaturalist-open-data.s3.amazonaws.com/photos/172941902/original.jpeg,1760317,Cropia cedica,Cropia,Noctuidae
1760373,,,,,89,,,5,https://inaturalist-open-data.s3.amazonaws.com/photos/89843709/original.jpg,1760373,Habershonia areos,Habershonia,Erebidae
1761138,,,,,90,,,28,https://inaturalist-open-data.s3.amazonaws.com/photos/225948391/original.jpeg,1761138,Gerra aelia,Gerra,Noctuidae
1761143,,,,,91,,,90,https://inaturalist-open-data.s3.amazonaws.com/photos/24572887/original.jpg,1761143,Gerra sevorsa,Gerra,Noctuidae
1761204,,,,,92,,,10,https://inaturalist-open-data.s3.amazonaws.com/photos/183972120/original.jpeg,1761204,Eugoniella sapota,Eugoniella,Erebidae
1761206,,,,,93,,,13,https://inaturalist-open-data.s3.amazonaws.com/photos/231850368/original.jpeg,1761206,Fracara viridata,Fracara,Noctuidae
1761271,,,,,94,,,9,https://inaturalist-open-data.s3.amazonaws.com/photos/343077242/original.jpeg,1761271,Rejectaria lysandria,Rejectaria,Erebidae
1761280,,,,,95,,,11,https://inaturalist-open-data.s3.amazonaws.com/photos/322782520/original.jpeg,1761280,Rejectaria pharusalis,Rejectaria,Erebidae
1761286,,,,,96,,,8,https://inaturalist-open-data.s3.amazonaws.com/photos/387669661/original.jpeg,1761286,Rejectaria lineata,Rejectaria,Erebidae
1761290,,,,,97,,,4,https://inaturalist-open-data.s3.amazonaws.com/photos/248690581/original.jpeg,1761290,Rejectaria aratus,Rejectaria,Erebidae
1761293,,,,,98,,,13,https://inaturalist-open-data.s3.amazonaws.com/photos/7584286/original.jpg,1761293,Rejectaria cocytalis,Rejectaria,Erebidae
1761301,,,,,99,,,8,https://inaturalist-open-data.s3.amazonaws.com/photos/387658735/original.jpeg,1761301,Rejectaria amicalis,Rejectaria,Erebidae
1761305,,,,,100,,,13,https://inaturalist-open-data.s3.amazonaws.com/photos/25042781/original.jpeg,1761305,Rejectaria niciasalis,Rejectaria,Erebidae
1761624,,,,,101,,,6,https://inaturalist-open-data.s3.amazonaws.com/photos/86185182/original.jpg,1761624,Athyrma tuberosa,Athyrma,Erebidae
1761679,,,,,102,,,4,https://inaturalist-open-data.s3.amazonaws.com/photos/359420009/original.jpeg,1761679,Euclystis sublignaris,Euclystis,Erebidae
1761694,,,,,103,,,37,https://inaturalist-open-data.s3.amazonaws.com/photos/220915127/original.jpeg,1761694,Euclystis guerini,Euclystis,Erebidae
1761808,,,,,104,,,4,https://inaturalist-open-data.s3.amazonaws.com/photos/333383762/original.jpg,1761808,Dyops cuprescens,Dyops,Erebidae
1761813,,,,,105,,,7,https://inaturalist-open-data.s3.amazonaws.com/photos/310552029/original.jpeg,1761813,Dyops chromatophila,Dyops,Erebidae
1761839,,,,,106,,,4,https://inaturalist-open-data.s3.amazonaws.com/photos/238224912/original.jpg,1761839,Lascoria nivea,Lascoria,Erebidae
1761842,,,,,107,,,5,https://api.idigbio.org/v2/media/70e57832a835e2085ae293eeec510e2a,1761842,Lascoria aon,Lascoria,Erebidae
1761846,,,,,108,,,4,https://inaturalist-open-data.s3.amazonaws.com/photos/201457421/original.jpeg,1761846,Lascoria leucorhabdota,Lascoria,Erebidae
1761853,,,,,109,,,6,https://inaturalist-open-data.s3.amazonaws.com/photos/245514592/original.jpeg,1761853,Lascoria laurentia,Lascoria,Erebidae
1761891,,,,,110,,,25,https://inaturalist-open-data.s3.amazonaws.com/photos/55437414/original.jpeg,1761891,Anicla ignicans,Anicla,Noctuidae
1761892,,,,,111,,,675,https://inaturalist-open-data.s3.amazonaws.com/photos/237647164/original.jpeg,1761892,Anicla infecta,Anicla,Noctuidae
1762102,,,,,112,,,32,https://inaturalist-open-data.s3.amazonaws.com/photos/400126543/original.jpeg,1762102,Epithisanotia sanctijohannis,Epithisanotia,Noctuidae
1762139,,,,,113,,,4,https://inaturalist-open-data.s3.amazonaws.com/photos/111787160/original.jpeg,1762139,Erocha leucotelus,Erocha,Noctuidae
1762662,,,,,114,,,6,https://inaturalist-open-data.s3.amazonaws.com/photos/46529607/original.jpeg,1762662,Tiracola grandirena,Tiracola,Noctuidae
1763152,,,,,115,,,22,https://inaturalist-open-data.s3.amazonaws.com/photos/249184699/original.jpg,1763152,Eulepidotis vincentiata,Eulepidotis,Erebidae
1763156,,,,,116,,,52,https://inaturalist-open-data.s3.amazonaws.com/photos/12456606/original.jpg,1763156,Eulepidotis hermura,Eulepidotis,Erebidae
1763163,,,,,117,,,66,https://inaturalist-open-data.s3.amazonaws.com/photos/400474173/original.jpeg,1763163,Eulepidotis juncida,Eulepidotis,Erebidae
1763164,,,,,118,,,33,https://inaturalist-open-data.s3.amazonaws.com/photos/245459249/original.jpeg,1763164,Eulepidotis addens,Eulepidotis,Erebidae
1763167,,,,,119,,,5,https://inaturalist-open-data.s3.amazonaws.com/photos/29785897/original.jpg,1763167,Eulepidotis electa,Eulepidotis,Erebidae
1763169,,,,,120,,,22,https://inaturalist-open-data.s3.amazonaws.com/photos/44865465/original.jpeg,1763169,Eulepidotis persimilis,Eulepidotis,Erebidae
1763175,,,,,121,,,7,https://inaturalist-open-data.s3.amazonaws.com/photos/302419404/original.jpeg,1763175,Eulepidotis superior,Eulepidotis,Erebidae
1763178,,,,,122,,,21,https://inaturalist-open-data.s3.amazonaws.com/photos/272280377/original.jpeg,1763178,Eulepidotis dominicata,Eulepidotis,Erebidae
1763184,,,,,123,,,122,https://inaturalist-open-data.s3.amazonaws.com/photos/245681556/original.jpg,1763184,Eulepidotis julianata,Eulepidotis,Erebidae
1763187,,,,,124,,,9,https://inaturalist-open-data.s3.amazonaws.com/photos/200133402/original.jpeg,1763187,Eulepidotis ezra,Eulepidotis,Erebidae
1763188,,,,,125,,,9,https://inaturalist-open-data.s3.amazonaws.com/photos/245343174/original.jpeg,1763188,Eulepidotis argyritis,Eulepidotis,Erebidae
1763197,,,,,126,,,11,http://www.boldsystems.org/pics/MHAUB/88-srnp-19253-dhj315659+1140457950.jpg,1763197,Eulepidotis santosina,Eulepidotis,Erebidae
1763199,,,,,127,,,174,https://inaturalist-open-data.s3.amazonaws.com/photos/143874799/original.jpeg,1763199,Eulepidotis rectimargo,Eulepidotis,Erebidae
1763221,,,,,128,,,9,https://inaturalist-open-data.s3.amazonaws.com/photos/265977498/original.jpg,1763221,Eulepidotis nicaea,Eulepidotis,Erebidae
1763223,,,,,129,,,51,https://scan-bugs.org:443/imglib/scan/MISSA_MEM/MEM375/MEM375967_Eulepidotis_testacei_1553283130_lg.jpg,1763223,Eulepidotis testaceiceps,Eulepidotis,Erebidae
1763224,,,,,130,,,23,https://inaturalist-open-data.s3.amazonaws.com/photos/328932125/original.jpg,1763224,Eulepidotis alabastraria,Eulepidotis,Erebidae
1763234,,,,,131,,,32,https://inaturalist-open-data.s3.amazonaws.com/photos/7645790/original.jpg,1763234,Eulepidotis inclyta,Eulepidotis,Erebidae
1763244,,,,,132,,,23,https://inaturalist-open-data.s3.amazonaws.com/photos/363243040/original.jpg,1763244,Eulepidotis geminata,Eulepidotis,Erebidae
1763249,,,,,133,,,6,https://inaturalist-open-data.s3.amazonaws.com/photos/349232251/original.jpeg,1763249,Eulepidotis mabis,Eulepidotis,Erebidae
1763255,,,,,134,,,16,https://inaturalist-open-data.s3.amazonaws.com/photos/77184063/original.jpeg,1763255,Eulepidotis micca,Eulepidotis,Erebidae
1763256,,,,,135,,,59,https://inaturalist-open-data.s3.amazonaws.com/photos/211032860/original.jpeg,1763256,Eulepidotis viridissima,Eulepidotis,Erebidae
1763258,,,,,136,,,4,https://inaturalist-open-data.s3.amazonaws.com/photos/51949607/original.jpeg,1763258,Eulepidotis junetta,Eulepidotis,Erebidae
1763260,,,,,137,,,20,https://inaturalist-open-data.s3.amazonaws.com/photos/246174396/original.jpeg,1763260,Eulepidotis affinis,Eulepidotis,Erebidae
1763642,,,,,138,,,11,https://inaturalist-open-data.s3.amazonaws.com/photos/250962545/original.jpg,1763642,Arsaciodes rufa,Arsaciodes,Erebidae
1764142,,,,,139,,,50,https://inaturalist-open-data.s3.amazonaws.com/photos/174189598/original.jpeg,1764142,Bryolymnia bicon,Bryolymnia,Noctuidae
1764145,,,,,140,,,33,https://inaturalist-open-data.s3.amazonaws.com/photos/248019659/original.jpeg,1764145,Bryolymnia marginata,Bryolymnia,Noctuidae
1764146,,,,,141,,,4,https://inaturalist-open-data.s3.amazonaws.com/photos/56032787/original.jpeg,1764146,Bryolymnia poasia,Bryolymnia,Noctuidae
1764152,,,,,142,,,15,http://www.boldsystems.org/pics/BLPDF/18-SRNP-106732-DHJ707819+1683302944.JPG,1764152,Bryolymnia roma,Bryolymnia,Noctuidae
1764686,,,,,143,,,176,http://www.boldsystems.org/pics/BLPAA/17-SRNP-100819-DHJ693798+1528305778.JPG,1764686,Micrathetis dasarada,Micrathetis,Noctuidae
1764687,,,,,144,,,101,http://www.boldsystems.org/pics/BLPED/11-SRNP-105394-DHJ666064+1331927514.JPG,1764687,Micrathetis tecnion,Micrathetis,Noctuidae
1765113,,,,,145,,,4,https://inaturalist-open-data.s3.amazonaws.com/photos/123669768/original.jpg,1765113,Dyomyx cimolia,Dyomyx,Erebidae
1765131,,,,,146,,,15,https://inaturalist-open-data.s3.amazonaws.com/photos/280498270/original.jpeg,1765131,Dyomyx inferior,Dyomyx,Erebidae
1765147,,,,,147,,,6,https://inaturalist-open-data.s3.amazonaws.com/photos/286064867/original.jpeg,1765147,Chamyna lamponia,Chamyna,Erebidae
1765151,,,,,148,,,4,https://inaturalist-open-data.s3.amazonaws.com/photos/2987366/original.jpg,1765151,Chamyna modesta,Chamyna,Erebidae
1765155,,,,,149,,,30,https://inaturalist-open-data.s3.amazonaws.com/photos/80863590/original.jpeg,1765155,Oxythres splendens,Oxythres,Noctuidae
1765453,,,,,150,,,7,https://inaturalist-open-data.s3.amazonaws.com/photos/284321700/original.jpg,1765453,Heterochroma amphion,Heterochroma,Noctuidae
1765454,,,,,151,,,14,https://inaturalist-open-data.s3.amazonaws.com/photos/65718685/original.jpeg,1765454,Heterochroma beryllus,Heterochroma,Noctuidae
1765463,,,,,152,,,16,https://inaturalist-open-data.s3.amazonaws.com/photos/349715044/original.jpg,1765463,Heterochroma berylloides,Heterochroma,Noctuidae
1765464,,,,,153,,,6,http://www.boldsystems.org/pics/BLPAA/18-SRNP-107252-DHJ708339+1683302052.JPG,1765464,Heterochroma singularis,Heterochroma,Noctuidae
1765477,,,,,154,,,26,https://inaturalist-open-data.s3.amazonaws.com/photos/251809836/original.jpeg,1765477,Heterochroma hypatia,Heterochroma,Noctuidae
1765478,,,,,155,,,12,https://inaturalist-open-data.s3.amazonaws.com/photos/387266269/original.jpeg,1765478,Heterochroma lineata,Heterochroma,Noctuidae
1765519,,,,,156,,,7,https://inaturalist-open-data.s3.amazonaws.com/photos/287341713/original.jpeg,1765519,Eusceptis lelae,Eusceptis,Noctuidae
1765524,,,,,157,,,7,http://www.boldsystems.org/pics/MHAUA/90-srnp-727-dhj312154+1140458118.jpg,1765524,Eusceptis obscura,Eusceptis,Noctuidae
1765683,,,,,158,,,19,https://ecdysis.org/imglib/scan/MISSA_MEM/MEM456/456116_1654291651_lg.jpg,1765683,Phuphena multilinea,Phuphena,Noctuidae
1765693,,,,,159,,,15,https://inaturalist-open-data.s3.amazonaws.com/photos/269885511/original.jpeg,1765693,Gorgone fellearis,Gorgone,Erebidae
1765696,,,,,160,,,19,https://inaturalist-open-data.s3.amazonaws.com/photos/338605170/original.jpg,1765696,Gorgone augusta,Gorgone,Erebidae
1765907,,,,,161,,,13,https://inaturalist-open-data.s3.amazonaws.com/photos/218365722/original.jpg,1765907,Gonuris flaminia,Gonuris,Erebidae
1766222,,,,,162,,,9,https://inaturalist-open-data.s3.amazonaws.com/photos/204100795/original.jpeg,1766222,Sanys irrosea,Sanys,Erebidae
1766228,,,,,163,,,6,http://www.boldsystems.org/pics/MHAUF/92-SRNP-3818-DHJ322040+1145315208.jpg,1766228,Sanys capsicata,Sanys,Erebidae
1766358,,,,,164,,,5,https://inaturalist-open-data.s3.amazonaws.com/photos/88388098/original.jpeg,1766358,Pseudophisma pritanis,Pseudophisma,Erebidae
1766359,,,,,165,,,10,https://inaturalist-open-data.s3.amazonaws.com/photos/61476528/original.jpeg,1766359,Pseudophisma aeolida,Pseudophisma,Erebidae
1766846,,,,,166,,,11,https://inaturalist-open-data.s3.amazonaws.com/photos/133206426/original.jpg,1766846,Litoprosopus confligens,Litoprosopus,Erebidae
1766879,,,,,167,,,12,https://inaturalist-open-data.s3.amazonaws.com/photos/201246965/original.jpeg,1766879,Coxina ensipalpis,Coxina,Erebidae
1767038,,,,,168,,,25,https://inaturalist-open-data.s3.amazonaws.com/photos/256056232/original.jpeg,1767038,Cymatophoropsis heurippa,Cymatophoropsis,Erebidae
1767052,,,,,169,,,669,https://inaturalist-open-data.s3.amazonaws.com/photos/93121703/original.jpg,1767052,Magusa divaricata,Magusa,Noctuidae
1767103,,,,,170,,,23,https://inaturalist-open-data.s3.amazonaws.com/photos/28211333/original.jpeg,1767103,Chytonix splendens,Chytonix,Noctuidae
1767117,,,,,171,,,8,https://inaturalist-open-data.s3.amazonaws.com/photos/87569626/original.jpeg,1767117,Chytonix mniochroa,Chytonix,Noctuidae
1767123,,,,,172,,,13,https://inaturalist-open-data.s3.amazonaws.com/photos/89853030/original.jpeg,1767123,Chytonix elegans,Chytonix,Noctuidae
1767174,,,,,173,,,15,https://inaturalist-open-data.s3.amazonaws.com/photos/98673162/original.jpeg,1767174,Radara nealcesalis,Radara,Erebidae
1767433,,,,,174,,,8,https://inaturalist-open-data.s3.amazonaws.com/photos/10611910/original.jpeg,1767433,Hydroeciodes azteca,Hydroeciodes,Noctuidae
1767499,,,,,175,,,127,https://inaturalist-open-data.s3.amazonaws.com/photos/252544754/original.jpeg,1767499,Ramphia albizona,Ramphia,Erebidae
1767571,,,,,176,,,385,https://inaturalist-open-data.s3.amazonaws.com/photos/239220548/original.jpg,1767571,Bagisara repanda,Bagisara,Noctuidae
1767575,,,,,177,,,4,http://www.boldsystems.org/pics/BLPEG/14-SRNP-101593-DHJ678610+1407854484.JPG,1767575,Bagisara avangareza,Bagisara,Noctuidae
1767578,,,,,178,,,6,http://www.boldsystems.org/pics/MHAUB/92-srnp-10951-dhj313187+1140458410.jpg,1767578,Bagisara pacifica,Bagisara,Noctuidae
1767583,,,,,179,,,11,https://inaturalist-open-data.s3.amazonaws.com/photos/59376380/original.jpg,1767583,Bagisara albicosta,Bagisara,Noctuidae
1767915,,,,,180,,,5,https://inaturalist-open-data.s3.amazonaws.com/photos/142327337/original.jpg,1767915,Nicetas panamensis,Nicetas,Erebidae
1768283,,,,,181,,,120,https://inaturalist-open-data.s3.amazonaws.com/photos/336669378/original.jpg,1768283,Latebraria amphipyroides,Latebraria,Erebidae
1768471,,,,,182,,,32,https://bugguide.net/images/cache/1LI/ZCL/1LIZCL7Z6L6ROZ8RZH5RHH5RKHERHHIZAL5RTL8RAL4RHH5RAL6RVL4RLHKRTZSRJZIRYZIR9LRZOZKR9LXZTL6RHH.jpg,1768471,Ephyrodes cacata,Ephyrodes,Erebidae
1768928,,,,,183,,,4,https://inaturalist-open-data.s3.amazonaws.com/photos/341038198/original.jpeg,1768928,Cryptochrostis crocea,Cryptochrostis,Erebidae
1768976,,,,,184,,,21,https://inaturalist-open-data.s3.amazonaws.com/photos/135951452/original.jpeg,1768976,Argyrosticta ditissima,Argyrosticta,Noctuidae
1768982,,,,,185,,,8,https://inaturalist-open-data.s3.amazonaws.com/photos/215879117/original.jpeg,1768982,Argyrosticta aurifundens,Argyrosticta,Noctuidae
1768990,,,,,186,,,4,https://inaturalist-open-data.s3.amazonaws.com/photos/223158372/original.jpeg,1768990,Argyrosticta bellinita,Argyrosticta,Noctuidae
1768996,,,,,187,,,4,https://inaturalist-open-data.s3.amazonaws.com/photos/378313635/original.jpeg,1768996,Argyrosticta vauaurea,Argyrosticta,Noctuidae
1769048,,,,,188,,,4,https://inaturalist-open-data.s3.amazonaws.com/photos/249735614/original.jpeg,1769048,Janseodes melanospila,Janseodes,Noctuidae
1769834,,,,,189,,,17,https://inaturalist-open-data.s3.amazonaws.com/photos/130846855/original.jpeg,1769834,Rivula pusilla,Rivula,Erebidae
1770012,,,,,190,,,18,https://inaturalist-open-data.s3.amazonaws.com/photos/181406883/original.jpg,1770012,Gonodonta clotilda,Gonodonta,Erebidae
1770017,,,,,191,,,7,https://inaturalist-open-data.s3.amazonaws.com/photos/192159374/original.jpg,1770017,Gonodonta fulvangula,Gonodonta,Erebidae
1770021,,,,,192,,,11,https://inaturalist-open-data.s3.amazonaws.com/photos/184150432/original.jpeg,1770021,Gonodonta indentata,Gonodonta,Erebidae
1770032,,,,,193,,,10,https://inaturalist-open-data.s3.amazonaws.com/photos/353764990/original.jpg,1770032,Gonodonta holosericea,Gonodonta,Erebidae
1770038,,,,,194,,,97,https://inaturalist-open-data.s3.amazonaws.com/photos/58995430/original.jpg,1770038,Gonodonta sinaldus,Gonodonta,Erebidae
1770042,,,,,195,,,10,https://inaturalist-open-data.s3.amazonaws.com/photos/340584968/original.jpeg,1770042,Gonodonta uxor,Gonodonta,Erebidae
1770044,,,,,196,,,152,https://inaturalist-open-data.s3.amazonaws.com/photos/108238681/original.jpeg,1770044,Gonodonta pyrgo,Gonodonta,Erebidae
1770069,,,,,197,,,46,https://inaturalist-open-data.s3.amazonaws.com/photos/183885787/original.jpg,1770069,Gonodonta sicheas,Gonodonta,Erebidae
1770074,,,,,198,,,5,https://inaturalist-open-data.s3.amazonaws.com/photos/174544035/original.jpeg,1770074,Gonodonta lincus,Gonodonta,Erebidae
1770077,,,,,199,,,26,https://ecdysis.org/imglib/scan/MISSA_MEM/MEM375/MEM375469_Gonodonta_bidens_IWF_1542818917_lg.jpg,1770077,Gonodonta bidens,Gonodonta,Erebidae
1770078,,,,,200,,,11,https://ecdysis.org/imglib/scan/MISSA_MEM/MEM375/MEM375471_Gonodonta_immacula_I_1542831260_lg.jpg,1770078,Gonodonta immacula,Gonodonta,Erebidae
1770079,,,,,201,,,8,https://inaturalist-open-data.s3.amazonaws.com/photos/243862329/original.jpeg,1770079,Gonodonta mexicana,Gonodonta,Erebidae
1770263,,,,,202,,,52,https://inaturalist-open-data.s3.amazonaws.com/photos/150170013/original.jpeg,1770263,Pyrgion repanda,Pyrgion,Erebidae
1770659,,,,,203,,,633,https://inaturalist-open-data.s3.amazonaws.com/photos/319412181/original.jpg,1770659,Metaponpneumata rogenhoferi,Metaponpneumata,Noctuidae
1771449,,,,,204,,,12,https://ecdysis.org/imglib/scan/MISSA_MEM/MEM38/MEM38766_Cissusa_inconspicua_I_1551204376.jpeg,1771449,Cissusa inconspicua,Cissusa,Erebidae
1771849,,,,,205,,,6,https://inaturalist-open-data.s3.amazonaws.com/photos/130992966/original.jpeg,1771849,Hypsoropha adeona,Hypsoropha,Erebidae
1771934,,,,,206,,,10,https://inaturalist-open-data.s3.amazonaws.com/photos/31378023/original.jpeg,1771934,Erebostrota stenelea,Erebostrota,Erebidae
1772119,,,,,207,,,13,https://inaturalist-open-data.s3.amazonaws.com/photos/102197629/original.jpeg,1772119,Darceta falcata,Darceta,Noctuidae
1772121,,,,,208,,,6,https://inaturalist-open-data.s3.amazonaws.com/photos/58749973/original.jpg,1772121,Darceta severa,Darceta,Noctuidae
1772218,,,,,209,,,4,https://inaturalist-open-data.s3.amazonaws.com/photos/148457395/original.jpeg,1772218,Epitausa laetabilis,Epitausa,Erebidae
1772235,,,,,210,,,26,https://inaturalist-open-data.s3.amazonaws.com/photos/187578868/original.jpg,1772235,Epitausa dilina,Epitausa,Erebidae
1773736,,,,,211,,,21,https://inaturalist-open-data.s3.amazonaws.com/photos/190839673/original.jpg,1773736,Ferenta stolliana,Ferenta,Erebidae
1773994,,,,,212,,,6,https://inaturalist-open-data.s3.amazonaws.com/photos/32168249/original.jpg,1773994,Chalcoecia patricia,Chalcoecia,Noctuidae
1773996,,,,,213,,,11,https://inaturalist-open-data.s3.amazonaws.com/photos/51958366/original.jpg,1773996,Chalcoecia gloria,Chalcoecia,Noctuidae
1773997,,,,,214,,,5,http://www.boldsystems.org/pics/BLPEG/14-SRNP-101598-DHJ678615+1407854484.JPG,1773997,Chalcoecia emessa,Chalcoecia,Noctuidae
1773999,,,,,215,,,13,https://inaturalist-open-data.s3.amazonaws.com/photos/254623090/original.jpeg,1773999,Coenobela joha,Coenobela,Erebidae
1774000,,,,,216,,,22,https://inaturalist-open-data.s3.amazonaws.com/photos/308287850/original.jpeg,1774000,Coenobela paucula,Coenobela,Erebidae
1774356,,,,,217,,,9,https://inaturalist-open-data.s3.amazonaws.com/photos/323732402/original.jpeg,1774356,Heterodelta nea,Heterodelta,Noctuidae
1774361,,,,,218,,,18,https://inaturalist-open-data.s3.amazonaws.com/photos/83476867/original.jpeg,1774361,Calyptis idonea,Calyptis,Erebidae
1774362,,,,,219,,,7,https://inaturalist-open-data.s3.amazonaws.com/photos/199532660/original.jpeg,1774362,Calyptis semicuprea,Calyptis,Erebidae
1774431,,,,,220,,,4,https://inaturalist-open-data.s3.amazonaws.com/photos/97895321/original.jpeg,1774431,Eustrotia ora,Eustrotia,Noctuidae
1774929,,,,,221,,,91,http://www.boldsystems.org/pics/BLPDF/18-SRNP-106773-DHJ707860+1683302948.JPG,1774929,Gonodes liquida,Gonodes,Noctuidae
1774931,,,,,222,,,4,https://inaturalist-open-data.s3.amazonaws.com/photos/87666373/original.jpeg,1774931,Gonodes obliqua,Gonodes,Noctuidae
1774934,,,,,223,,,4,https://inaturalist-open-data.s3.amazonaws.com/photos/98515501/original.jpeg,1774934,Gonodes echion,Gonodes,Noctuidae
1775295,,,,,224,,,7,https://inaturalist-open-data.s3.amazonaws.com/photos/347584579/original.jpeg,1775295,Vespola caeruleifera,Vespola,Noctuidae
1775796,,,,,225,,,1000,https://inaturalist-open-data.s3.amazonaws.com/photos/206852349/original.jpg,1775796,Ascalapha odorata,Ascalapha,Erebidae
1776511,,,,,226,,,13,https://inaturalist-open-data.s3.amazonaws.com/photos/107658035/original.jpeg,1776511,Scopifera falsirenalis,Scopifera,Erebidae
1776512,,,,,227,,,8,https://inaturalist-open-data.s3.amazonaws.com/photos/181539231/original.jpeg,1776512,Scopifera lycagusalis,Scopifera,Erebidae
1776520,,,,,228,,,15,http://www.boldsystems.org/pics/LNAUY/CCDB-33589-G02+1580230440.jpg,1776520,Scopifera menippusalis,Scopifera,Erebidae
1776522,,,,,229,,,4,https://inaturalist-open-data.s3.amazonaws.com/photos/100538335/original.jpeg,1776522,Scopifera poasalis,Scopifera,Erebidae
1776584,,,,,230,,,22,https://inaturalist-open-data.s3.amazonaws.com/photos/163903390/original.jpg,1776584,Euplexia triplaga,Euplexia,Noctuidae
1776870,,,,,231,,,9,http://www.boldsystems.org/pics/BLPAA/18-SRNP-107659-DHJ708746+1683641354.JPG,1776870,Dypterygia ordinarius,Dypterygia,Noctuidae
1776890,,,,,232,,,8,https://inaturalist-open-data.s3.amazonaws.com/photos/309501512/original.jpeg,1776890,Dymba coryphata,Dymba,Noctuidae
1776959,,,,,233,,,33,https://inaturalist-open-data.s3.amazonaws.com/photos/119899658/original.jpg,1776959,Tautobriga euspila,Tautobriga,Erebidae
1776970,,,,,234,,,9,https://inaturalist-open-data.s3.amazonaws.com/photos/50439946/original.jpg,1776970,Pachyplastis apicalis,Pachyplastis,Erebidae
1777093,,,,,235,,,12,https://inaturalist-open-data.s3.amazonaws.com/photos/12860848/original.jpg,1777093,Metalectra carneomacula,Metalectra,Erebidae
1777149,,,,,236,,,4,https://inaturalist-open-data.s3.amazonaws.com/photos/359314828/original.jpg,1777149,Sigela leucozona,Sigela,Erebidae
1777179,,,,,237,,,101,https://ecdysis.org/imglib/scan/DMNS_Ento/ZE106/ZE106190-dorsal_1545235989_lg.jpg,1777179,Panula inconstans,Panula,Erebidae
1777431,,,,,238,,,4,https://ecdysis.org/imglib/scan/MISSA_MEM/MEM305/MEM305464_Eutelia_chrysotermin_1554303934_lg.jpg,1777431,Eutelia chrysotermina,Eutelia,Euteliidae
1777462,,,,,239,,,19,https://inaturalist-open-data.s3.amazonaws.com/photos/98494597/original.jpeg,1777462,Eutelia abscondens,Eutelia,Euteliidae
1777463,,,,,240,,,64,https://inaturalist-open-data.s3.amazonaws.com/photos/304287382/original.jpeg,1777463,Eutelia furcata,Eutelia,Euteliidae
1777475,,,,,241,,,11,https://inaturalist-open-data.s3.amazonaws.com/photos/190226184/original.jpeg,1777475,Eutelia ablatrix,Eutelia,Euteliidae
1777484,,,,,242,,,14,https://inaturalist-open-data.s3.amazonaws.com/photos/302981248/original.jpeg,1777484,Eutelia auratrix,Eutelia,Euteliidae
1777551,,,,,243,,,5,https://inaturalist-open-data.s3.amazonaws.com/photos/149099149/original.jpeg,1777551,Eutelia apithana,Eutelia,Euteliidae
1777684,,,,,244,,,20,https://inaturalist-open-data.s3.amazonaws.com/photos/159974454/original.jpeg,1777684,Drobeta melagonia,Drobeta,Noctuidae
1777708,,,,,245,,,19,https://inaturalist-open-data.s3.amazonaws.com/photos/180039938/original.jpeg,1777708,Carteris lineata,Carteris,Erebidae
1777720,,,,,246,,,13,https://inaturalist-open-data.s3.amazonaws.com/photos/247036142/original.jpeg,1777720,Macrodes columbalis,Macrodes,Erebidae
1777723,,,,,247,,,29,https://inaturalist-open-data.s3.amazonaws.com/photos/230093800/original.jpeg,1777723,Macrodes cynara,Macrodes,Erebidae
1777727,,,,,248,,,205,https://inaturalist-open-data.s3.amazonaws.com/photos/231712544/original.jpg,1777727,Xanthopastis timais,Xanthopastis,Noctuidae
1777737,,,,,249,,,88,https://inaturalist-open-data.s3.amazonaws.com/photos/322216837/original.jpg,1777737,Azeta melanea,Azeta,Erebidae
1777755,,,,,250,,,4,https://inaturalist-open-data.s3.amazonaws.com/photos/255781550/original.jpeg,1777755,Azeta signans,Azeta,Erebidae
1777928,,,,,251,,,6,https://inaturalist-open-data.s3.amazonaws.com/photos/63458587/original.jpeg,1777928,Anticarsia anisospila,Anticarsia,Erebidae
1777942,,,,,252,,,676,https://inaturalist-open-data.s3.amazonaws.com/photos/2168246/original.JPG,1777942,Anticarsia gemmatalis,Anticarsia,Erebidae
1778237,,,,,253,,,7,https://inaturalist-open-data.s3.amazonaws.com/photos/98519913/original.jpeg,1778237,Lephana metacrocea,Lephana,Erebidae
1779303,,,,,254,,,17,https://inaturalist-open-data.s3.amazonaws.com/photos/279930627/original.jpeg,1779303,Licha undilinealis,Licha,Noctuidae
1779740,,,,,255,,,91,https://inaturalist-open-data.s3.amazonaws.com/photos/87058638/original.jpeg,1779740,Bendisodes aeolia,Bendisodes,Erebidae
1780066,,,,,256,,,29,https://inaturalist-open-data.s3.amazonaws.com/photos/93572724/original.jpg,1780066,Ipnista marina,Ipnista,Erebidae
1780163,,,,,257,,,10,https://inaturalist-open-data.s3.amazonaws.com/photos/163650116/original.jpeg,1780163,Paratrachea laches,Paratrachea,Noctuidae
1780309,,,,,258,,,697,https://inaturalist-open-data.s3.amazonaws.com/photos/310587027/original.jpg,1780309,Elaphria chalcedonia,Elaphria,Noctuidae
1780319,,,,,259,,,4,https://inaturalist-open-data.s3.amazonaws.com/photos/96903871/original.jpeg,1780319,Elaphria medioclara,Elaphria,Noctuidae
1780346,,,,,260,,,4,https://inaturalist-open-data.s3.amazonaws.com/photos/397878666/original.jpeg,1780346,Elaphria marmorata,Elaphria,Noctuidae
1780348,,,,,261,,,4,https://inaturalist-open-data.s3.amazonaws.com/photos/306075276/original.jpeg,1780348,Elaphria cohaerens,Elaphria,Noctuidae
1780350,,,,,262,,,10,https://inaturalist-open-data.s3.amazonaws.com/photos/84989207/original.jpeg,1780350,Elaphria hypophaea,Elaphria,Noctuidae
1780362,,,,,263,,,19,https://inaturalist-open-data.s3.amazonaws.com/photos/350182876/original.jpeg,1780362,Elaphria pulchra,Elaphria,Noctuidae
1780365,,,,,264,,,9,https://inaturalist-open-data.s3.amazonaws.com/photos/306387915/original.jpeg,1780365,Elaphria pallescens,Elaphria,Noctuidae
1780379,,,,,265,,,12,http://www.boldsystems.org/pics/BLPAA/18-SRNP-107247-DHJ708334+1683302052.JPG,1780379,Elaphria delenifica,Elaphria,Noctuidae
1780383,,,,,266,,,13,https://inaturalist-open-data.s3.amazonaws.com/photos/43517420/original.jpeg,1780383,Elaphria jalapensis,Elaphria,Noctuidae
1780389,,,,,267,,,6,https://inaturalist-open-data.s3.amazonaws.com/photos/202150341/original.jpg,1780389,Elaphria optata,Elaphria,Noctuidae
1780390,,,,,268,,,118,https://inaturalist-open-data.s3.amazonaws.com/photos/172420111/original.jpg,1780390,Elaphria agrotina,Elaphria,Noctuidae
1780393,,,,,269,,,134,http://www.boldsystems.org/pics/BLPAG/06-SRNP-105852_DHJ605852+1201560780.jpg,1780393,Elaphria trolia,Elaphria,Noctuidae
1780397,,,,,270,,,9,https://inaturalist-open-data.s3.amazonaws.com/photos/300826318/original.jpg,1780397,Elaphria rubripicta,Elaphria,Noctuidae
1780403,,,,,271,,,4,https://inaturalist-open-data.s3.amazonaws.com/photos/347346289/original.jpg,1780403,Elaphria acaste,Elaphria,Noctuidae
1780404,,,,,272,,,7,http://www.boldsystems.org/pics/BLPEF/14-SRNP-106044-DHJ683061+1468513412.JPG,1780404,Elaphria devara,Elaphria,Noctuidae
1780407,,,,,273,,,65,https://inaturalist-open-data.s3.amazonaws.com/photos/247304414/original.jpeg,1780407,Elaphria subobliqua,Elaphria,Noctuidae
1780437,,,,,274,,,699,https://bugguide.net/images/cache/MRT/Z0R/MRTZ0RDZ6R6LMZAL3LAL3LBLQZVLERKH0ZCLSZQHERLH0ZRH0ZCLIZOL0ZCLERJZ7RTZZZ3Z0RPLXRTZQR6LRZDLPRVL.jpg,1780437,Elaphria grata,Elaphria,Noctuidae
1780440,,,,,275,,,112,https://inaturalist-open-data.s3.amazonaws.com/photos/112011718/original.jpeg,1780440,Elaphria deltoides,Elaphria,Noctuidae
1780446,,,,,276,,,11,https://inaturalist-open-data.s3.amazonaws.com/photos/66798238/original.jpg,1780446,Elaphria barbarossa,Elaphria,Noctuidae
1780461,,,,,277,,,4,http://www.boldsystems.org/pics/BLPAA/19-SRNP-100518-DHJ709677+1683641836.JPG,1780461,Elaphria phlegyas,Elaphria,Noctuidae
1780505,,,,,278,,,25,https://inaturalist-open-data.s3.amazonaws.com/photos/72808278/original.jpeg,1780505,Mictochroa zonella,Mictochroa,Noctuidae
1780596,,,,,279,,,19,https://inaturalist-open-data.s3.amazonaws.com/photos/21401544/original.jpeg,1780596,Charmodia vectis,Charmodia,Erebidae
1780618,,,,,280,,,16,https://inaturalist-open-data.s3.amazonaws.com/photos/84358261/original.jpg,1780618,Paectes arcigera,Paectes,Euteliidae
1780646,,,,,281,,,656,https://inaturalist-open-data.s3.amazonaws.com/photos/9671072/original.jpeg,1780646,Paectes abrostoloides,Paectes,Euteliidae
1780654,,,,,282,,,14,https://inaturalist-open-data.s3.amazonaws.com/photos/51921669/original.jpg,1780654,Paectes nubifera,Paectes,Euteliidae
1780657,,,,,283,,,7,http://www.boldsystems.org/pics/MHAUC/01-srnp-10014-dhj320333+1140446176.jpg,1780657,Paectes fuscescens,Paectes,Euteliidae
1780673,,,,,284,,,6,https://ecdysis.org/imglib/scan/MISSA_MEM/MEM305/MEM305418_Paectes_nana_IWF_1554303716_lg.jpg,1780673,Paectes canofusa,Paectes,Euteliidae
1780678,,,,,285,,,6,https://inaturalist-open-data.s3.amazonaws.com/photos/31992076/original.jpeg,1780678,Paectes fovifera,Paectes,Euteliidae
1781029,,,,,286,,,337,https://bugguide.net/images/cache/90R/0E0/90R0E0L080ORHQ9R3KDR0QORIQFRQQS0G0DQYKTRQQK060K0N0TR0QOR7QJRSQCRIQVRFKVRFKBR7QDRW0S090R07Q.jpg,1781029,Hemeroplanis scopulepes,Hemeroplanis,Erebidae
1781124,,,,,287,,,12,https://inaturalist-open-data.s3.amazonaws.com/photos/99228936/original.jpeg,1781124,Argidia palmipes,Argidia,Erebidae
1781140,,,,,288,,,14,https://inaturalist-open-data.s3.amazonaws.com/photos/296891062/original.jpeg,1781140,Argidia tarchon,Argidia,Erebidae
1781420,,,,,289,,,697,https://inaturalist-open-data.s3.amazonaws.com/photos/239604380/original.jpeg,1781420,Hypocala andremona,Hypocala,Erebidae
1781489,,,,,290,,,6,https://inaturalist-open-data.s3.amazonaws.com/photos/179453709/original.jpeg,1781489,Ampelasia azelinoides,Ampelasia,Erebidae
1781817,,,,,291,,,10,https://inaturalist-open-data.s3.amazonaws.com/photos/83003985/original.jpeg,1781817,Lithacodia editha,Lithacodia,Noctuidae
1781940,,,,,292,,,18,https://inaturalist-open-data.s3.amazonaws.com/photos/347707882/original.jpeg,1781940,Palthis bizialis,Palthis,Erebidae
1782152,,,,,293,,,4,https://inaturalist-open-data.s3.amazonaws.com/photos/351110820/original.jpeg,1782152,Chalenata quella,Chalenata,Noctuidae
1782420,,,,,294,,,58,https://inaturalist-open-data.s3.amazonaws.com/photos/330309438/original.jpg,1782420,Cydosia curvinella,Cydosia,Noctuidae
1782424,,,,,295,,,121,https://inaturalist-open-data.s3.amazonaws.com/photos/316390412/original.jpg,1782424,Cydosia nobilitella,Cydosia,Noctuidae
1783341,,,,,296,,,11,https://inaturalist-open-data.s3.amazonaws.com/photos/155457087/original.jpeg,1783341,Satrapodes dosca,Satrapodes,Noctuidae
1783805,,,,,297,,,14,http://www.boldsystems.org/pics/MHMYK/15-SRNP-100994-DHJ684172+1468513882.JPG,1783805,Cobubatha hippotes,Cobubatha,Noctuidae
1784250,,,,,298,,,25,https://inaturalist-open-data.s3.amazonaws.com/photos/156576518/original.jpeg,1784250,Phlyctaina irrigualis,Phlyctaina,Erebidae
1784450,,,,,299,,,6,https://inaturalist-open-data.s3.amazonaws.com/photos/154818637/original.jpg,1784450,Ozarba geta,Ozarba,Noctuidae
1784736,,,,,300,,,10,https://inaturalist-open-data.s3.amazonaws.com/photos/27542654/original.jpg,1784736,Antachara denterna,Antachara,Noctuidae
1784737,,,,,301,,,7,https://inaturalist-open-data.s3.amazonaws.com/photos/346811981/original.jpg,1784737,Antachara ecuadoriensis,Antachara,Noctuidae
1784738,,,,,302,,,5,https://inaturalist-open-data.s3.amazonaws.com/photos/305978050/original.jpeg,1784738,Antachara diminuta,Antachara,Noctuidae
1784752,,,,,303,,,4,https://inaturalist-open-data.s3.amazonaws.com/photos/328766673/original.jpg,1784752,Ocalaria pavo,Ocalaria,Erebidae
1784757,,,,,304,,,4,https://inaturalist-open-data.s3.amazonaws.com/photos/188345094/original.jpeg,1784757,Ocalaria cohabita,Ocalaria,Erebidae
1784957,,,,,305,,,173,http://www.boldsystems.org/pics/MHMYH/09-SRNP-41825-DHJ522388+1281962388.jpg,1784957,Anomis luridula,Anomis,Erebidae
1784959,,,,,306,,,110,https://inaturalist-open-data.s3.amazonaws.com/photos/54948444/original.jpg,1784959,Anomis illita,Anomis,Erebidae
1785024,,,,,307,,,122,https://inaturalist-open-data.s3.amazonaws.com/photos/156600426/original.jpg,1785024,Anomis erosa,Anomis,Erebidae
1785096,,,,,308,,,14,https://inaturalist-open-data.s3.amazonaws.com/photos/314212299/original.jpg,1785096,Anomis editrix,Anomis,Erebidae
1785168,,,,,309,,,677,https://inaturalist-open-data.s3.amazonaws.com/photos/243458997/original.jpeg,1785168,Chrysodeixis includens,Chrysodeixis,Noctuidae
1785254,,,,,310,,,6,https://inaturalist-open-data.s3.amazonaws.com/photos/263261412/original.jpg,1785254,Polygoniodes laciniata,Polygoniodes,Erebidae
1785331,,,,,311,,,574,https://inaturalist-open-data.s3.amazonaws.com/photos/31153592/original.jpeg,1785331,Ctenoplusia oxygramma,Ctenoplusia,Noctuidae
1785440,,,,,312,,,15,https://inaturalist-open-data.s3.amazonaws.com/photos/59300778/original.jpg,1785440,Emarginea niphoplaga,Emarginea,Noctuidae
1785457,,,,,313,,,29,https://inaturalist-open-data.s3.amazonaws.com/photos/15585831/original.jpeg,1785457,Autoplusia egenoides,Autoplusia,Noctuidae
1786038,,,,,314,,,23,https://inaturalist-open-data.s3.amazonaws.com/photos/378548433/original.jpeg,1786038,Renodes liturata,Renodes,Erebidae
1786047,,,,,315,,,20,https://inaturalist-open-data.s3.amazonaws.com/photos/133205162/original.jpg,1786047,Renodes curviluna,Renodes,Erebidae
1786214,,,,,316,,,23,https://inaturalist-open-data.s3.amazonaws.com/photos/152353270/original.jpeg,1786214,Hemeroblemma leontia,Hemeroblemma,Erebidae
1786217,,,,,317,,,41,https://inaturalist-open-data.s3.amazonaws.com/photos/114858321/original.jpg,1786217,Hemeroblemma acron,Hemeroblemma,Erebidae
1786219,,,,,318,,,106,https://inaturalist-open-data.s3.amazonaws.com/photos/113245983/original.jpeg,1786219,Hemeroblemma opigena,Hemeroblemma,Erebidae
1786220,,,,,319,,,7,https://inaturalist-open-data.s3.amazonaws.com/photos/62728794/original.jpg,1786220,Hemeroblemma scolopacea,Hemeroblemma,Erebidae
1786230,,,,,320,,,6,https://inaturalist-open-data.s3.amazonaws.com/photos/298487959/original.jpg,1786230,Hemeroblemma schausiana,Hemeroblemma,Erebidae
1786242,,,,,321,,,11,https://inaturalist-open-data.s3.amazonaws.com/photos/123795949/original.jpeg,1786242,Hemeroblemma ochrolinea,Hemeroblemma,Erebidae
1786247,,,,,322,,,126,https://inaturalist-open-data.s3.amazonaws.com/photos/331604876/original.jpeg,1786247,Hemeroblemma mexicana,Hemeroblemma,Erebidae
1786250,,,,,323,,,22,https://inaturalist-open-data.s3.amazonaws.com/photos/76563059/original.jpg,1786250,Hemeroblemma malitiosa,Hemeroblemma,Erebidae
1786264,,,,,324,,,7,https://inaturalist-open-data.s3.amazonaws.com/photos/335580561/original.jpg,1786264,Hemeroblemma dolosina,Hemeroblemma,Erebidae
1787397,,,,,325,,,32,https://inaturalist-open-data.s3.amazonaws.com/photos/160892439/original.jpeg,1787397,Goniocarsia electrica,Goniocarsia,Erebidae
1787426,,,,,326,,,8,https://inaturalist-open-data.s3.amazonaws.com/photos/112244048/original.jpeg,1787426,Gigia obliqua,Gigia,Erebidae
1787430,,,,,327,,,8,https://inaturalist-open-data.s3.amazonaws.com/photos/260229919/original.jpeg,1787430,Galgula hippotamada,Galgula,Noctuidae
1787453,,,,,328,,,29,https://inaturalist-open-data.s3.amazonaws.com/photos/57735451/original.jpeg,1787453,Perasia helvina,Perasia,Erebidae
1787464,,,,,329,,,41,https://inaturalist-open-data.s3.amazonaws.com/photos/13601800/original.jpeg,1787464,Perasia garnoti,Perasia,Erebidae
1787491,,,,,330,,,5,https://inaturalist-open-data.s3.amazonaws.com/photos/13128988/original.jpg,1787491,Perasia flexa,Perasia,Erebidae
1788041,,,,,331,,,4,https://inaturalist-open-data.s3.amazonaws.com/photos/33520818/original.jpeg,1788041,Leucosigma uncifera,Leucosigma,Noctuidae
1788294,,,,,332,,,22,https://inaturalist-open-data.s3.amazonaws.com/photos/376121860/original.jpeg,1788294,Erastroides emarginata,Erastroides,Noctuidae
1788318,,,,,333,,,17,https://inaturalist-open-data.s3.amazonaws.com/photos/208898821/original.jpg,1788318,Syllectra congemmalis,Syllectra,Erebidae
1788342,,,,,334,,,4,https://inaturalist-open-data.s3.amazonaws.com/photos/99440542/original.jpeg,1788342,Letis albidentina,Letis,Erebidae
1788345,,,,,335,,,7,https://live.staticflickr.com/65535/49837569697_2a8500e621_b.jpg,1788345,Letis herilia,Letis,Erebidae
1788370,,,,,336,,,27,https://inaturalist-open-data.s3.amazonaws.com/photos/307993313/original.jpg,1788370,Letis iphianasse,Letis,Erebidae
1788534,,,,,337,,,7,https://inaturalist-open-data.s3.amazonaws.com/photos/61657195/original.jpg,1788534,Trauaxa obliqualis,Trauaxa,Erebidae
1788667,,,,,338,,,5,http://www.boldsystems.org/pics/BLPAA/19-SRNP-103570-DHJ712729+1683644178.JPG,1788667,Ogdoconta pulvilinea,Ogdoconta,Noctuidae
1788677,,,,,339,,,43,https://inaturalist-open-data.s3.amazonaws.com/photos/7317336/original.jpg,1788677,Ogdoconta tacna,Ogdoconta,Noctuidae
1788791,,,,,340,,,6,https://inaturalist-open-data.s3.amazonaws.com/photos/100538497/original.jpeg,1788791,Tarista lydia,Tarista,Erebidae
1788793,,,,,341,,,7,https://inaturalist-open-data.s3.amazonaws.com/photos/4895471/original.jpeg,1788793,Tarista ricalis,Tarista,Erebidae
1788795,,,,,342,,,9,https://inaturalist-open-data.s3.amazonaws.com/photos/112774208/original.jpeg,1788795,Tarista albiapicalis,Tarista,Erebidae
1788870,,,,,343,,,5,https://inaturalist-open-data.s3.amazonaws.com/photos/240705923/original.jpeg,1788870,Plusiodonta incitans,Plusiodonta,Erebidae
1788879,,,,,344,,,5,https://inaturalist-open-data.s3.amazonaws.com/photos/347080268/original.jpeg,1788879,Plusiodonta effulgens,Plusiodonta,Erebidae
1789023,,,,,345,,,9,https://inaturalist-open-data.s3.amazonaws.com/photos/178037152/original.jpeg,1789023,Baniana veluta,Baniana,Erebidae
1789112,,,,,346,,,5,https://inaturalist-open-data.s3.amazonaws.com/photos/46729397/original.jpg,1789112,Parachaea macaria,Parachaea,Erebidae
1789537,,,,,347,,,8,https://inaturalist-open-data.s3.amazonaws.com/photos/42164688/original.jpeg,1789537,Parachabora abydas,Parachabora,Erebidae
1789820,,,,,348,,,37,https://inaturalist-open-data.s3.amazonaws.com/photos/308289783/original.jpeg,1789820,Mursa phtisialis,Mursa,Erebidae
1790244,,,,,349,,,25,https://inaturalist-open-data.s3.amazonaws.com/photos/206419436/original.jpg,1790244,Melipotis punctifinis,Melipotis,Erebidae
1790246,,,,,350,,,538,https://inaturalist-open-data.s3.amazonaws.com/photos/163784195/original.jpg,1790246,Melipotis fasciolaris,Melipotis,Erebidae
1790248,,,,,351,,,319,https://inaturalist-open-data.s3.amazonaws.com/photos/30335123/original.jpeg,1790248,Melipotis famelica,Melipotis,Erebidae
1790257,,,,,352,,,671,https://inaturalist-open-data.s3.amazonaws.com/photos/157613201/original.jpg,1790257,Melipotis indomita,Melipotis,Erebidae
1790276,,,,,353,,,33,https://inaturalist-open-data.s3.amazonaws.com/photos/13055862/original.jpg,1790276,Melipotis januaris,Melipotis,Erebidae
1790281,,,,,354,,,64,https://ecdysis.org/imglib/scan/CSU_CSUC/CSU_ENT1169/CSU_ENT1169321_1-2_1630085660_lg.jpg,1790281,Melipotis nigrobasis,Melipotis,Erebidae
1790287,,,,,355,,,428,https://inaturalist-open-data.s3.amazonaws.com/photos/210690517/original.jpeg,1790287,Melipotis perpendicularis,Melipotis,Erebidae
1790308,,,,,356,,,134,https://inaturalist-open-data.s3.amazonaws.com/photos/118180506/original.jpg,1790308,Melipotis ochrodes,Melipotis,Erebidae
1790420,,,,,357,,,12,https://inaturalist-open-data.s3.amazonaws.com/photos/73272660/original.jpg,1790420,Mastixis albilimbata,Mastixis,Erebidae
1790423,,,,,358,,,6,https://inaturalist-open-data.s3.amazonaws.com/photos/51604918/original.jpg,1790423,Mastixis polybealis,Mastixis,Erebidae
1790425,,,,,359,,,4,https://inaturalist-open-data.s3.amazonaws.com/photos/149775772/original.jpeg,1790425,Mastixis tessellata,Mastixis,Erebidae
1790706,,,,,360,,,13,https://inaturalist-open-data.s3.amazonaws.com/photos/331877938/original.jpg,1790706,Agyra marchandi,Agyra,Erebidae
1790742,,,,,361,,,4,https://inaturalist-open-data.s3.amazonaws.com/photos/300324847/original.jpg,1790742,Perigea leucanioides,Perigea,Noctuidae
1790746,,,,,362,,,7,https://inaturalist-open-data.s3.amazonaws.com/photos/98296467/original.jpeg,1790746,Perigea agnonia,Perigea,Noctuidae
1790785,,,,,363,,,6,https://inaturalist-open-data.s3.amazonaws.com/photos/32460841/original.jpg,1790785,Tyrissa recurva,Tyrissa,Erebidae
1790943,,,,,364,,,18,https://inaturalist-open-data.s3.amazonaws.com/photos/2619615/original.jpg,1790943,Isogona natatrix,Isogona,Erebidae
1791018,,,,,365,,,5,https://inaturalist-open-data.s3.amazonaws.com/photos/7436103/original.jpg,1791018,Periphrage barbatula,Periphrage,Erebidae
1791106,,,,,366,,,5,https://inaturalist-open-data.s3.amazonaws.com/photos/28079097/original.jpeg,1791106,Diopa creta,Diopa,Erebidae
1791114,,,,,367,,,10,https://inaturalist-open-data.s3.amazonaws.com/photos/395993398/original.jpeg,1791114,Orodesma apicina,Orodesma,Erebidae
1791319,,,,,368,,,6,https://inaturalist-open-data.s3.amazonaws.com/photos/101814904/original.jpeg,1791319,Hampsonodes melagona,Hampsonodes,Noctuidae
1791325,,,,,369,,,18,https://inaturalist-open-data.s3.amazonaws.com/photos/113770474/original.jpeg,1791325,Hampsonodes orbica,Hampsonodes,Noctuidae
1791331,,,,,370,,,71,https://inaturalist-open-data.s3.amazonaws.com/photos/63073458/original.jpg,1791331,Hampsonodes mastoides,Hampsonodes,Noctuidae
1791336,,,,,371,,,14,https://inaturalist-open-data.s3.amazonaws.com/photos/144259845/original.jpeg,1791336,Hampsonodes naevia,Hampsonodes,Noctuidae
1791351,,,,,372,,,9,https://inaturalist-open-data.s3.amazonaws.com/photos/190777513/original.jpeg,1791351,Hampsonodes confisa,Hampsonodes,Noctuidae
1791709,,,,,373,,,9,https://inaturalist-open-data.s3.amazonaws.com/photos/262761128/original.jpg,1791709,Oraesia nobilis,Oraesia,Erebidae
1791801,,,,,374,,,5,https://inaturalist-open-data.s3.amazonaws.com/photos/343597132/original.jpeg,1791801,Hemicephalis grandirena,Hemicephalis,Erebidae
1791802,,,,,375,,,11,https://inaturalist-open-data.s3.amazonaws.com/photos/13128948/original.jpg,1791802,Hemicephalis alesa,Hemicephalis,Erebidae
1791803,,,,,376,,,10,https://inaturalist-open-data.s3.amazonaws.com/photos/204892067/original.jpeg,1791803,Hemicephalis paulina,Hemicephalis,Erebidae
1791804,,,,,377,,,17,https://inaturalist-open-data.s3.amazonaws.com/photos/52760630/original.jpg,1791804,Hemicephalis agenoria,Hemicephalis,Erebidae
1791806,,,,,378,,,10,http://www.boldsystems.org/pics/MHAUB/94-srnp-3516-dhj315394+1140459066.jpg,1791806,Hemicephalis laronia,Hemicephalis,Erebidae
1791807,,,,,379,,,7,https://inaturalist-open-data.s3.amazonaws.com/photos/334447582/original.jpg,1791807,Hemicephalis characteria,Hemicephalis,Erebidae
1791862,,,,,380,,,258,https://inaturalist-open-data.s3.amazonaws.com/photos/321192416/original.jpg,1791862,Neogalea sunia,Neogalea,Noctuidae
1791870,,,,,381,,,38,https://inaturalist-open-data.s3.amazonaws.com/photos/387503306/original.jpg,1791870,Selambina trajiciens,Selambina,Noctuidae
1792659,,,,,382,,,8,https://inaturalist-open-data.s3.amazonaws.com/photos/32460858/original.jpg,1792659,Encruphion leena,Encruphion,Erebidae
1792762,,,,,383,,,14,https://inaturalist-open-data.s3.amazonaws.com/photos/270662719/original.jpeg,1792762,Calymniodes pyrostrota,Calymniodes,Noctuidae
1792827,,,,,384,,,33,https://inaturalist-open-data.s3.amazonaws.com/photos/244468762/original.jpeg,1792827,Celiptera levina,Celiptera,Erebidae
1793043,,,,,385,,,7,https://inaturalist-open-data.s3.amazonaws.com/photos/98501475/original.jpeg,1793043,Peridroma semidolens,Peridroma,Noctuidae
1793499,,,,,386,,,4,https://inaturalist-open-data.s3.amazonaws.com/photos/109422303/original.jpeg,1793499,Bleptina obscura,Bleptina,Erebidae
1793681,,,,,387,,,13,https://inaturalist-open-data.s3.amazonaws.com/photos/256333549/original.jpeg,1793681,Micranthops alceste,Micranthops,Erebidae
1793912,,,,,388,,,7,https://inaturalist-open-data.s3.amazonaws.com/photos/353828458/original.jpg,1793912,Neophaenis respondens,Neophaenis,Noctuidae
1794238,,,,,389,,,6,https://inaturalist-open-data.s3.amazonaws.com/photos/62868159/original.jpeg,1794238,Pseudogerespa usipetes,Pseudogerespa,Erebidae
1794376,,,,,390,,,4,http://www.boldsystems.org/pics/MHAUA/91-srnp-27-dhj314425+1140458260.jpg,1794376,Deinopa fulvia,Deinopa,Erebidae
1794379,,,,,391,,,7,https://inaturalist-open-data.s3.amazonaws.com/photos/98519138/original.jpeg,1794379,Deinopa biligula,Deinopa,Erebidae
1794621,,,,,392,,,9,https://inaturalist-open-data.s3.amazonaws.com/photos/341910455/original.jpeg,1794621,Pseudbarydia japeta,Pseudbarydia,Erebidae
1794636,,,,,393,,,6,https://inaturalist-open-data.s3.amazonaws.com/photos/106006686/original.jpeg,1794636,Antiblemma harmodia,Antiblemma,Erebidae
1794637,,,,,394,,,24,https://inaturalist-open-data.s3.amazonaws.com/photos/54426876/original.jpg,1794637,Antiblemma perornata,Antiblemma,Erebidae
1794639,,,,,395,,,13,https://inaturalist-open-data.s3.amazonaws.com/photos/170543673/original.jpg,1794639,Antiblemma acclinalis,Antiblemma,Erebidae
1794642,,,,,396,,,24,https://inaturalist-open-data.s3.amazonaws.com/photos/98194188/original.jpeg,1794642,Antiblemma concinnula,Antiblemma,Erebidae
1794646,,,,,397,,,8,https://inaturalist-open-data.s3.amazonaws.com/photos/158957337/original.jpeg,1794646,Antiblemma rubida,Antiblemma,Erebidae
1794650,,,,,398,,,7,https://inaturalist-open-data.s3.amazonaws.com/photos/322871485/original.jpeg,1794650,Antiblemma penelope,Antiblemma,Erebidae
1794653,,,,,399,,,4,https://inaturalist-open-data.s3.amazonaws.com/photos/71642684/original.jpeg,1794653,Antiblemma erythromma,Antiblemma,Erebidae
1794671,,,,,400,,,10,https://inaturalist-open-data.s3.amazonaws.com/photos/225881972/original.jpeg,1794671,Antiblemma melanoides,Antiblemma,Erebidae
1794687,,,,,401,,,4,http://www.boldsystems.org/pics/MHAUB/97-srnp-388-dhj315366+1140463120.jpg,1794687,Antiblemma laranda,Antiblemma,Erebidae
1794689,,,,,402,,,4,https://inaturalist-open-data.s3.amazonaws.com/photos/361016211/original.jpg,1794689,Antiblemma restricta,Antiblemma,Erebidae
1794690,,,,,403,,,4,https://inaturalist-open-data.s3.amazonaws.com/photos/369363193/original.jpeg,1794690,Antiblemma lacteigera,Antiblemma,Erebidae
1794694,,,,,404,,,10,https://inaturalist-open-data.s3.amazonaws.com/photos/7196509/original.jpg,1794694,Antiblemma agnita,Antiblemma,Erebidae
1794697,,,,,405,,,9,https://inaturalist-open-data.s3.amazonaws.com/photos/103360863/original.jpeg,1794697,Antiblemma sterope,Antiblemma,Erebidae
1794702,,,,,406,,,6,https://ecdysis.org/imglib/scan/MISSA_MEM/MEM375/MEM375988_Antiblemma_borrega_I_1553283647_lg.jpg,1794702,Antiblemma borrega,Antiblemma,Erebidae
1794704,,,,,407,,,4,https://inaturalist-open-data.s3.amazonaws.com/photos/330673622/original.jpeg,1794704,Antiblemma anguinea,Antiblemma,Erebidae
1794717,,,,,408,,,9,https://inaturalist-open-data.s3.amazonaws.com/photos/353470176/original.jpeg,1794717,Antiblemma imitans,Antiblemma,Erebidae
1794721,,,,,409,,,95,http://www.boldsystems.org/pics/MHMYP/11-SRNP-71655-DHJ554123+1343250546.jpg,1794721,Antiblemma fuscireticulata,Antiblemma,Erebidae
1794723,,,,,410,,,6,https://inaturalist-open-data.s3.amazonaws.com/photos/293894362/original.jpeg,1794723,Antiblemma sufficiens,Antiblemma,Erebidae
1794726,,,,,411,,,4,https://inaturalist-open-data.s3.amazonaws.com/photos/33277283/original.jpeg,1794726,Antiblemma ceras,Antiblemma,Erebidae
1794729,,,,,412,,,4,https://inaturalist-open-data.s3.amazonaws.com/photos/256333191/original.jpeg,1794729,Antiblemma leucocyma,Antiblemma,Erebidae
1794737,,,,,413,,,11,https://ecdysis.org/imglib/scan/MISSA_MEM/MEM375/MEM375997_Antiblemma_sexplagia_1553525830_lg.jpg,1794737,Antiblemma neptis,Antiblemma,Erebidae
1794742,,,,,414,,,6,https://inaturalist-open-data.s3.amazonaws.com/photos/54301839/original.jpg,1794742,Antiblemma amalthea,Antiblemma,Erebidae
1794760,,,,,415,,,16,https://inaturalist-open-data.s3.amazonaws.com/photos/343938419/original.jpg,1794760,Antiblemma mundicola,Antiblemma,Erebidae
1794780,,,,,416,,,5,https://inaturalist-open-data.s3.amazonaws.com/photos/285854892/original.jpeg,1794780,Antiblemma herilis,Antiblemma,Erebidae
1794846,,,,,417,,,6,https://inaturalist-open-data.s3.amazonaws.com/photos/135417106/original.jpeg,1794846,Eriopyga limonis,Eriopyga,Noctuidae
1794891,,,,,418,,,9,https://inaturalist-open-data.s3.amazonaws.com/photos/167776931/original.jpg,1794891,Eriopyga ditissima,Eriopyga,Noctuidae
1794955,,,,,419,,,4,https://inaturalist-open-data.s3.amazonaws.com/photos/98497739/original.jpeg,1794955,Eriopyga pyropis,Eriopyga,Noctuidae
1795010,,,,,420,,,4,https://inaturalist-open-data.s3.amazonaws.com/photos/98496264/original.jpeg,1795010,Eriopyga macrolepia,Eriopyga,Noctuidae
1795012,,,,,421,,,5,https://inaturalist-open-data.s3.amazonaws.com/photos/98514538/original.jpeg,1795012,Eriopyga hyposcota,Eriopyga,Noctuidae
1795042,,,,,422,,,687,https://inaturalist-open-data.s3.amazonaws.com/photos/217260200/original.jpg,1795042,Tetanolita floridana,Tetanolita,Erebidae
1795124,,,,,423,,,7,https://inaturalist-open-data.s3.amazonaws.com/photos/93659501/original.jpeg,1795124,Peteroma denticulata,Peteroma,Erebidae
1795507,,,,,424,,,125,https://scan-bugs.org:443/imglib/scan/MISSA_MEM/MEM456/456138_1654291684_lg.jpg,1795507,Stauropides persimilis,Stauropides,Noctuidae
1795666,,,,,425,,,17,https://inaturalist-open-data.s3.amazonaws.com/photos/171786677/original.jpeg,1795666,Pharga pholausalis,Pharga,Erebidae
1796276,,,,,426,,,78,https://scan-bugs.org:443/imglib/scan/UD_UDCC/UDCC_TCN00117/UDCC_TCN_00117300_2_1516978182_lg.jpg,1796276,Condica cupentia,Condica,Noctuidae
1796321,,,,,427,,,12,https://inaturalist-open-data.s3.amazonaws.com/photos/315377556/original.jpg,1796321,Phaeoblemma dares,Phaeoblemma,Erebidae
1796406,,,,,428,,,4,https://inaturalist-open-data.s3.amazonaws.com/photos/114276668/original.jpeg,1796406,Metaprosphera modesta,Metaprosphera,Erebidae
1796602,,,,,429,,,33,https://inaturalist-open-data.s3.amazonaws.com/photos/166572039/original.jpeg,1796602,Massala obvertens,Massala,Erebidae
1796604,,,,,430,,,30,https://inaturalist-open-data.s3.amazonaws.com/photos/349396374/original.jpeg,1796604,Massala abdara,Massala,Erebidae
1796699,,,,,431,,,4,https://inaturalist-open-data.s3.amazonaws.com/photos/52659829/original.jpg,1796699,Obroatis chloropis,Obroatis,Erebidae
1797654,,,,,432,,,7,https://inaturalist-open-data.s3.amazonaws.com/photos/6414591/original.jpeg,1797654,Oroscopa variegata,Oroscopa,Erebidae
1797663,,,,,433,,,7,https://inaturalist-open-data.s3.amazonaws.com/photos/163703737/original.jpeg,1797663,Oroscopa delicata,Oroscopa,Erebidae
1797774,,,,,434,,,39,https://inaturalist-open-data.s3.amazonaws.com/photos/214385180/original.jpg,1797774,Eublemma cinnamomea,Eublemma,Noctuidae
1798288,,,,,435,,,701,https://inaturalist-open-data.s3.amazonaws.com/photos/19914380/original.jpeg,1798288,Marimatha nigrofimbria,Marimatha,Noctuidae
1798289,,,,,436,,,10,https://inaturalist-open-data.s3.amazonaws.com/photos/109425373/original.jpeg,1798289,Marimatha botyoides,Marimatha,Noctuidae
1798291,,,,,437,,,5,https://inaturalist-open-data.s3.amazonaws.com/photos/339846977/original.jpeg,1798291,Marimatha rufescens,Marimatha,Noctuidae
1798354,,,,,438,,,24,https://inaturalist-open-data.s3.amazonaws.com/photos/199818703/original.jpeg,1798354,Graphigona regina,Graphigona,Erebidae
1798427,,,,,439,,,332,https://inaturalist-open-data.s3.amazonaws.com/photos/91578910/original.jpeg,1798427,Selenisa sueroides,Selenisa,Erebidae
1798431,,,,,440,,,5,https://inaturalist-open-data.s3.amazonaws.com/photos/204796336/original.jpg,1798431,Selenisa lanipes,Selenisa,Erebidae
1798434,,,,,441,,,8,https://inaturalist-open-data.s3.amazonaws.com/photos/253456735/original.jpeg,1798434,Selenisa specifica,Selenisa,Erebidae
1799879,,,,,442,,,53,https://bugguide.net/images/cache/HZ2/LJL/HZ2LJLPLMZOZ6RQHERZH6R3ZSRCZ4RDZQRCZJLWLSRTZQRTZXRSHMZKH2RSH0ZCLHZTZKRFZ0RYZXRTZ0R3ZXR2LYLDZ.jpg,1799879,Lacinipolia comis,Lacinipolia,Noctuidae
1800099,,,,,443,,,20,https://inaturalist-open-data.s3.amazonaws.com/photos/291966090/original.jpeg,1800099,Lichnoptera gulo,Lichnoptera,Noctuidae
1800101,,,,,444,,,6,https://inaturalist-open-data.s3.amazonaws.com/photos/288592497/original.jpeg,1800101,Lichnoptera moesta,Lichnoptera,Noctuidae
1800132,,,,,445,,,4,https://ecdysis.org/imglib/scan/MISSA_MEM/MEM324/MEM324080_Charadra_nitens_IWF_1556632342_lg.jpg,1800132,Charadra nitens,Charadra,Noctuidae
1801824,,,,,446,,,7,https://inaturalist-open-data.s3.amazonaws.com/photos/73181856/original.jpeg,1801824,Nola lagunculariae,Nola,Nolidae
1801851,,,,,447,,,4,https://inaturalist-open-data.s3.amazonaws.com/photos/177325669/original.jpeg,1801851,Nola turbana,Nola,Nolidae
1801968,,,,,448,,,7,https://inaturalist-open-data.s3.amazonaws.com/photos/73178159/original.jpeg,1801968,Nola mesographa,Nola,Nolidae
1803218,,,,,449,,,581,https://inaturalist-open-data.s3.amazonaws.com/photos/40318153/original.jpg,1803218,Utetheisa ornatrix,Utetheisa,Erebidae
1803261,,,,,450,,,11,https://www.artportalen.se/MediaLibrary/bugs/2012/large/367090.jpg,1803261,Antichloris viridis,Antichloris,Erebidae
1803266,,,,,451,,,62,https://inaturalist-open-data.s3.amazonaws.com/photos/120645116/original.jpeg,1803266,Antichloris eriphia,Antichloris,Erebidae
1803315,,,,,452,,,6,https://inaturalist-open-data.s3.amazonaws.com/photos/256010006/original.jpg,1803315,Correbidia elegans,Correbidia,Erebidae
1803324,,,,,453,,,7,https://inaturalist-open-data.s3.amazonaws.com/photos/255866285/original.jpeg,1803324,Correbidia terminalis,Correbidia,Erebidae
1803326,,,,,454,,,98,http://www.boldsystems.org/pics/BLPBA/06-SRNP-107473_DHJ607473+1199992020.jpg,1803326,Correbidia costinotata,Correbidia,Erebidae
1803620,,,,,455,,,229,http://www.boldsystems.org/pics/LEMMZ/2044_dorsal+1330545398.JPG,1803620,Ormetica ataenia,Ormetica,Erebidae
1803622,,,,,456,,,7,https://inaturalist-open-data.s3.amazonaws.com/photos/358141502/original.jpeg,1803622,Ormetica taniala,Ormetica,Erebidae
1803628,,,,,457,,,48,https://inaturalist-open-data.s3.amazonaws.com/photos/310900772/original.jpeg,1803628,Ormetica ameoides,Ormetica,Erebidae
1803641,,,,,458,,,27,https://inaturalist-open-data.s3.amazonaws.com/photos/67353441/original.jpeg,1803641,Ormetica sicilia,Ormetica,Erebidae
1803661,,,,,459,,,4,https://inaturalist-open-data.s3.amazonaws.com/photos/22544931/original.jpeg,1803661,Ormetica maura,Ormetica,Erebidae
1803667,,,,,460,,,4,https://inaturalist-open-data.s3.amazonaws.com/photos/325427626/original.jpg,1803667,Ormetica guapisa,Ormetica,Erebidae
1803688,,,,,461,,,56,https://inaturalist-open-data.s3.amazonaws.com/photos/285035772/original.jpeg,1803688,Eupseudosoma involuta,Eupseudosoma,Erebidae
1803745,,,,,462,,,10,https://inaturalist-open-data.s3.amazonaws.com/photos/114060051/original.jpeg,1803745,Parevia metachryseis,Parevia,Erebidae
1803926,,,,,463,,,22,https://inaturalist-open-data.s3.amazonaws.com/photos/300201583/original.jpeg,1803926,Rhipha flammans,Rhipha,Erebidae
1803935,,,,,464,,,6,https://inaturalist-open-data.s3.amazonaws.com/photos/8885148/original.jpeg,1803935,Rhipha chionoplaga,Rhipha,Erebidae
1803937,,,,,465,,,5,https://inaturalist-open-data.s3.amazonaws.com/photos/366307394/original.jpeg,1803937,Rhipha flavoplaga,Rhipha,Erebidae
1803948,,,,,466,,,17,http://n2t.net/ark:/65665/m3f4f8261e-9c34-4703-82eb-492d7286108f,1803948,Balbura intervenata,Balbura,Erebidae
1803949,,,,,467,,,6,https://inaturalist-open-data.s3.amazonaws.com/photos/27748568/original.jpg,1803949,Balbura fasciata,Balbura,Erebidae
1804093,,,,,468,,,4,https://inaturalist-open-data.s3.amazonaws.com/photos/110955285/original.jpeg,1804093,Nezula grisea,Nezula,Erebidae
1804186,,,,,469,,,20,https://scan-bugs.org:443/imglib/scan/MISSA_MEM/MEM339/MEM339226_Hyalurga_fenestra_CE_1539270597_lg.jpg,1804186,Hyalurga fenestra,Hyalurga,Erebidae
1804194,,,,,470,,,12,https://inaturalist-open-data.s3.amazonaws.com/photos/102951942/original.jpeg,1804194,Hyalurga urioides,Hyalurga,Erebidae
1804196,,,,,471,,,20,https://inaturalist-open-data.s3.amazonaws.com/photos/82627556/original.jpeg,1804196,Hyalurga sora,Hyalurga,Erebidae
1804212,,,,,472,,,4,https://inaturalist-open-data.s3.amazonaws.com/photos/13033233/original.jpeg,1804212,Hyalurga sixola,Hyalurga,Erebidae
1804225,,,,,473,,,5,https://inaturalist-open-data.s3.amazonaws.com/photos/101989715/original.jpeg,1804225,Hyalurga subnormalis,Hyalurga,Erebidae
1804409,,,,,474,,,194,https://inaturalist-open-data.s3.amazonaws.com/photos/47091172/original.jpeg,1804409,Pygarctia roseicapitis,Pygarctia,Erebidae
1804522,,,,,475,,,56,https://inaturalist-open-data.s3.amazonaws.com/photos/116763835/original.jpeg,1804522,Scena potentia,Scena,Erebidae
1804657,,,,,476,,,19,https://inaturalist-open-data.s3.amazonaws.com/photos/7921192/original.jpeg,1804657,Scelilasia erythrozonata,Scelilasia,Erebidae
1804754,,,,,477,,,5,https://inaturalist-open-data.s3.amazonaws.com/photos/110660841/original.jpeg,1804754,Sauritinia dubiosa,Sauritinia,Erebidae
1804886,,,,,478,,,7,https://inaturalist-open-data.s3.amazonaws.com/photos/59593977/original.jpg,1804886,Araeomolis rhodographa,Araeomolis,Erebidae
1804889,,,,,479,,,14,https://inaturalist-open-data.s3.amazonaws.com/photos/247914357/original.jpeg,1804889,Sciopsyche tropica,Sciopsyche,Erebidae
1804958,,,,,480,,,4,https://archive.org/download/faunaBiogrepalma/Mariposas%20%28106%29.PNG,1804958,Munona iridescens,Munona,Erebidae
1804985,,,,,481,,,9,https://inaturalist-open-data.s3.amazonaws.com/photos/177073/original.JPG,1804985,Metaloba nana,Metaloba,Erebidae
1805071,,,,,482,,,18,https://inaturalist-open-data.s3.amazonaws.com/photos/266618890/original.jpeg,1805071,Ichoria quadrigutta,Ichoria,Erebidae
1805074,,,,,483,,,7,https://inaturalist-open-data.s3.amazonaws.com/photos/245446145/original.jpeg,1805074,Ichoria demona,Ichoria,Erebidae
1805192,,,,,484,,,6,http://www.boldsystems.org/pics/MHMXD/06-SRNP-41529-DHJ349465+1175913936.jpg,1805192,Macrocneme cabimensis,Macrocneme,Erebidae
1805197,,,,,485,,,269,https://inaturalist-open-data.s3.amazonaws.com/photos/98701877/original.jpg,1805197,Macrocneme chrysitis,Macrocneme,Erebidae
1805238,,,,,486,,,6,https://inaturalist-open-data.s3.amazonaws.com/photos/341658830/original.jpeg,1805238,Symphlebia muscosa,Symphlebia,Erebidae
1805256,,,,,487,,,4,https://inaturalist-open-data.s3.amazonaws.com/photos/12389096/original.jpeg,1805256,Symphlebia aryllis,Symphlebia,Erebidae
1805261,,,,,488,,,26,https://inaturalist-open-data.s3.amazonaws.com/photos/293032240/original.jpg,1805261,Symphlebia ipsea,Symphlebia,Erebidae
1805266,,,,,489,,,14,https://inaturalist-open-data.s3.amazonaws.com/photos/216118489/original.jpg,1805266,Symphlebia hyalina,Symphlebia,Erebidae
1805268,,,,,490,,,6,https://inaturalist-open-data.s3.amazonaws.com/photos/111928218/original.jpeg,1805268,Symphlebia tessellata,Symphlebia,Erebidae
1805271,,,,,491,,,22,https://inaturalist-open-data.s3.amazonaws.com/photos/31386215/original.jpeg,1805271,Symphlebia perflua,Symphlebia,Erebidae
1805272,,,,,492,,,7,https://inaturalist-open-data.s3.amazonaws.com/photos/235078053/original.jpg,1805272,Symphlebia underwoodi,Symphlebia,Erebidae
1805282,,,,,493,,,6,https://inaturalist-open-data.s3.amazonaws.com/photos/279671492/original.jpeg,1805282,Symphlebia tolimensis,Symphlebia,Erebidae
1805284,,,,,494,,,80,http://www.boldsystems.org/pics/BLPAA/17-SRNP-104952-DHJ697931+1528305984.JPG,1805284,Symphlebia pyrgion,Symphlebia,Erebidae
1805289,,,,,495,,,25,https://inaturalist-open-data.s3.amazonaws.com/photos/347228441/original.jpg,1805289,Symphlebia palmeri,Symphlebia,Erebidae
1805359,,,,,496,,,4,https://ecdysis.org/imglib/scan/MISSA_MEM/MEM334/MEM334333_Praeamastus_albicinc_1537539479_lg.jpg,1805359,Praemastus albicinctus,Praemastus,Erebidae
1805395,,,,,497,,,11,https://inaturalist-open-data.s3.amazonaws.com/photos/41389297/original.jpg,1805395,Hypocrita reedia,Hypocrita,Erebidae
1805396,,,,,498,,,13,https://inaturalist-open-data.s3.amazonaws.com/photos/115435285/original.jpeg,1805396,Hypocrita arcaei,Hypocrita,Erebidae
1805397,,,,,499,,,18,https://inaturalist-open-data.s3.amazonaws.com/photos/277216437/original.jpeg,1805397,Hypocrita drucei,Hypocrita,Erebidae
1805406,,,,,500,,,14,https://inaturalist-open-data.s3.amazonaws.com/photos/259365968/original.jpeg,1805406,Hypocrita aletta,Hypocrita,Erebidae
1805437,,,,,501,,,27,https://inaturalist-open-data.s3.amazonaws.com/photos/91411233/original.jpeg,1805437,Autochloris jansonis,Autochloris,Erebidae
1805454,,,,,502,,,5,https://inaturalist-open-data.s3.amazonaws.com/photos/266856397/original.jpg,1805454,Autochloris mathani,Autochloris,Erebidae
1805478,,,,,503,,,7,https://inaturalist-open-data.s3.amazonaws.com/photos/5568730/original.jpg,1805478,Neonerita dorsipuncta,Neonerita,Erebidae
1805587,,,,,504,,,8,https://inaturalist-open-data.s3.amazonaws.com/photos/3939409/original.jpg,1805587,Emurena tripunctata,Emurena,Erebidae
1805649,,,,,505,,,10,https://inaturalist-open-data.s3.amazonaws.com/photos/51639717/original.jpeg,1805649,Gymnelia colona,Gymnelia,Erebidae
1805651,,,,,506,,,12,https://inaturalist-open-data.s3.amazonaws.com/photos/173224086/original.jpeg,1805651,Gymnelia pavo,Gymnelia,Erebidae
1805669,,,,,507,,,17,https://inaturalist-open-data.s3.amazonaws.com/photos/3995204/original.JPG,1805669,Gymnelia nobilis,Gymnelia,Erebidae
1805672,,,,,508,,,12,https://inaturalist-open-data.s3.amazonaws.com/photos/185847990/original.jpg,1805672,Gymnelia salvini,Gymnelia,Erebidae
1805689,,,,,509,,,9,https://inaturalist-open-data.s3.amazonaws.com/photos/107215027/original.jpeg,1805689,Uranophora albiplaga,Uranophora,Erebidae
1805691,,,,,510,,,231,https://inaturalist-open-data.s3.amazonaws.com/photos/172584024/original.jpeg,1805691,Uranophora leucotela,Uranophora,Erebidae
1805717,,,,,511,,,62,https://inaturalist-open-data.s3.amazonaws.com/photos/61839029/original.jpeg,1805717,Uranophora walkeri,Uranophora,Erebidae
1805730,,,,,512,,,11,https://inaturalist-open-data.s3.amazonaws.com/photos/63686531/original.jpg,1805730,Uranophora lelex,Uranophora,Erebidae
1805809,,,,,513,,,6,https://inaturalist-open-data.s3.amazonaws.com/photos/117332322/original.jpeg,1805809,Dolichesia falsimonia,Dolichesia,Erebidae
1805851,,,,,514,,,11,https://inaturalist-open-data.s3.amazonaws.com/photos/191909230/original.jpg,1805851,Cacostatia saphira,Cacostatia,Erebidae
1805871,,,,,515,,,15,https://inaturalist-open-data.s3.amazonaws.com/photos/61673161/original.jpg,1805871,Theages flavicaput,Theages,Erebidae
1805873,,,,,516,,,29,https://inaturalist-open-data.s3.amazonaws.com/photos/233625166/original.jpeg,1805873,Theages xantura,Theages,Erebidae
1805888,,,,,517,,,4,https://inaturalist-open-data.s3.amazonaws.com/photos/131676021/original.jpeg,1805888,Scaptius obscurata,Scaptius,Erebidae
1805924,,,,,518,,,11,https://inaturalist-open-data.s3.amazonaws.com/photos/92876151/original.jpg,1805924,Cyanopepla panamensis,Cyanopepla,Erebidae
1805930,,,,,519,,,27,https://inaturalist-open-data.s3.amazonaws.com/photos/175055545/original.jpeg,1805930,Cyanopepla fulgens,Cyanopepla,Erebidae
1805931,,,,,520,,,42,https://inaturalist-open-data.s3.amazonaws.com/photos/175161350/original.jpeg,1805931,Cyanopepla micans,Cyanopepla,Erebidae
1805932,,,,,521,,,45,https://inaturalist-open-data.s3.amazonaws.com/photos/278146573/original.jpeg,1805932,Cyanopepla scintillans,Cyanopepla,Erebidae
1805934,,,,,522,,,5,https://inaturalist-open-data.s3.amazonaws.com/photos/119690362/original.jpeg,1805934,Cyanopepla cinctipennis,Cyanopepla,Erebidae
1805945,,,,,523,,,37,https://inaturalist-open-data.s3.amazonaws.com/photos/315399230/original.jpeg,1805945,Cyanopepla alonzo,Cyanopepla,Erebidae
1805952,,,,,524,,,9,https://inaturalist-open-data.s3.amazonaws.com/photos/110841479/original.jpeg,1805952,Cyanopepla lystra,Cyanopepla,Erebidae
1805955,,,,,525,,,65,https://inaturalist-open-data.s3.amazonaws.com/photos/31097636/original.jpg,1805955,Cyanopepla submacula,Cyanopepla,Erebidae
1805977,,,,,526,,,52,https://inaturalist-open-data.s3.amazonaws.com/photos/57298495/original.jpg,1805977,Cyanopepla arrogans,Cyanopepla,Erebidae
1805998,,,,,527,,,5,https://mediaphoto.mnhn.fr/media/1583921824628kWKuoC1RRs3rz2Gw,1805998,Pachydota albiceps,Pachydota,Erebidae
1805999,,,,,528,,,30,https://inaturalist-open-data.s3.amazonaws.com/photos/158382174/original.jpeg,1805999,Pachydota drucei,Pachydota,Erebidae
1806017,,,,,529,,,16,https://inaturalist-open-data.s3.amazonaws.com/photos/188929493/original.jpeg,1806017,Areva trigemmis,Areva,Erebidae
1806414,,,,,530,,,4,https://inaturalist-open-data.s3.amazonaws.com/photos/41678988/original.jpeg,1806414,Isostola philomela,Isostola,Erebidae
1806475,,,,,531,,,6,https://inaturalist-open-data.s3.amazonaws.com/photos/63977227/original.jpeg,1806475,Chetone ithomia,Chetone,Erebidae
1806476,,,,,532,,,10,https://inaturalist-open-data.s3.amazonaws.com/photos/100552147/original.jpg,1806476,Chetone kenara,Chetone,Erebidae
1806477,,,,,533,,,142,http://www.boldsystems.org/pics/BLPCO/08-SRNP-103935_DHJ627999+1221772452.jpg,1806477,Chetone angulosa,Chetone,Erebidae
1806631,,,,,534,,,20,https://inaturalist-open-data.s3.amazonaws.com/photos/186606418/original.jpg,1806631,Histioea bellatrix,Histioea,Erebidae
1806651,,,,,535,,,10,http://live.staticflickr.com/1639/23558844024_ed8cb90b74_b.jpg,1806651,Histioea meldolae,Histioea,Erebidae
1806687,,,,,536,,,59,https://inaturalist-open-data.s3.amazonaws.com/photos/180939322/original.jpg,1806687,Horama oedippus,Horama,Erebidae
1806690,,,,,537,,,76,https://inaturalist-open-data.s3.amazonaws.com/photos/58211894/original.jpeg,1806690,Horama plumipes,Horama,Erebidae
1806845,,,,,538,,,40,https://inaturalist-open-data.s3.amazonaws.com/photos/359258477/original.jpeg,1806845,Virbia medarda,Virbia,Erebidae
1806872,,,,,539,,,978,https://inaturalist-open-data.s3.amazonaws.com/photos/252415334/original.jpeg,1806872,Pareuchaetes insulata,Pareuchaetes,Erebidae
1806885,,,,,540,,,6,https://inaturalist-open-data.s3.amazonaws.com/photos/239224325/original.jpeg,1806885,Pronola perdiffusa,Pronola,Erebidae
1806887,,,,,541,,,138,https://inaturalist-open-data.s3.amazonaws.com/photos/183380727/original.jpeg,1806887,Pronola magniplaga,Pronola,Erebidae
1807281,,,,,542,,,32,https://inaturalist-open-data.s3.amazonaws.com/photos/173153477/original.jpeg,1807281,Anycles anthracina,Anycles,Erebidae
1807370,,,,,543,,,5,https://inaturalist-open-data.s3.amazonaws.com/photos/317120901/original.jpeg,1807370,Argyroeides minuta,Argyroeides,Erebidae
1807383,,,,,544,,,76,https://inaturalist-open-data.s3.amazonaws.com/photos/115237547/original.jpg,1807383,Argyroeides ophion,Argyroeides,Erebidae
1807553,,,,,545,,,35,https://inaturalist-open-data.s3.amazonaws.com/photos/358696308/original.jpg,1807553,Xanthoarctia pseudameoides,Xanthoarctia,Erebidae
1807558,,,,,546,,,12,https://inaturalist-open-data.s3.amazonaws.com/photos/214477236/original.jpg,1807558,Trichura latifascia,Trichura,Erebidae
1807569,,,,,547,,,143,https://inaturalist-open-data.s3.amazonaws.com/photos/91707526/original.jpeg,1807569,Trichura cerberus,Trichura,Erebidae
1807755,,,,,548,,,8,https://inaturalist-open-data.s3.amazonaws.com/photos/53417446/original.jpeg,1807755,Metallosia nitens,Metallosia,Erebidae
1807905,,,,,549,,,13,https://inaturalist-open-data.s3.amazonaws.com/photos/306591763/original.jpeg,1807905,Epeiromulona hamata,Epeiromulona,Erebidae
1807909,,,,,550,,,7,http://www.boldsystems.org/pics/BLPED/11-SRNP-104794-DHJ665464+1331927074.JPG,1807909,Epeiromulona biloba,Epeiromulona,Erebidae
1807988,,,,,551,,,12,https://inaturalist-open-data.s3.amazonaws.com/photos/114626264/original.jpeg,1807988,Viviennea salma,Viviennea,Erebidae
1807991,,,,,552,,,9,https://scan-bugs.org:443/imglib/scan/MISSA_MEM/MEM340/MEM340335_Erebidae_IWF_1542391698_lg.jpg,1807991,Viviennea tegyra,Viviennea,Erebidae
1807998,,,,,553,,,8,https://inaturalist-open-data.s3.amazonaws.com/photos/47781495/original.jpg,1807998,Viviennea ardesiaca,Viviennea,Erebidae
1808013,,,,,554,,,19,https://inaturalist-open-data.s3.amazonaws.com/photos/135310531/original.jpg,1808013,Viviennea moma,Viviennea,Erebidae
1808020,,,,,555,,,11,https://inaturalist-open-data.s3.amazonaws.com/photos/275161287/original.jpg,1808020,Timalus caeruleus,Timalus,Erebidae
1808023,,,,,556,,,5,https://inaturalist-open-data.s3.amazonaws.com/photos/249261302/original.jpeg,1808023,Timalus leucomela,Timalus,Erebidae
1808067,,,,,557,,,14,https://inaturalist-open-data.s3.amazonaws.com/photos/362784718/original.jpg,1808067,Rhynchopyga flavicollis,Rhynchopyga,Erebidae
1808093,,,,,558,,,13,https://inaturalist-open-data.s3.amazonaws.com/photos/30193328/original.jpg,1808093,Coiffaitarctia steniptera,Coiffaitarctia,Erebidae
1808649,,,,,559,,,9,https://inaturalist-open-data.s3.amazonaws.com/photos/79774460/original.jpeg,1808649,Cissura plumbea,Cissura,Erebidae
1808651,,,,,560,,,8,https://inaturalist-open-data.s3.amazonaws.com/photos/293871187/original.jpg,1808651,Cissura unilineata,Cissura,Erebidae
1808675,,,,,561,,,6,https://inaturalist-open-data.s3.amazonaws.com/photos/111020484/original.jpeg,1808675,Delphyre testacea,Delphyre,Erebidae
1808826,,,,,562,,,8,https://inaturalist-open-data.s3.amazonaws.com/photos/31341053/original.jpeg,1808826,Nudur fractivittarum,Nudur,Erebidae
1808900,,,,,563,,,20,https://inaturalist-open-data.s3.amazonaws.com/photos/215849482/original.jpg,1808900,Eriphioides ustulata,Eriphioides,Erebidae
1808902,,,,,564,,,9,https://inaturalist-open-data.s3.amazonaws.com/photos/349217107/original.jpeg,1808902,Eriphioides fastidiosa,Eriphioides,Erebidae
1809033,,,,,565,,,78,http://www.boldsystems.org/pics/BCIAR/LEARCN-22000034-BCI23293-D+1279888334.JPG,1809033,Castrica phalaenoides,Castrica,Erebidae
1809066,,,,,566,,,56,https://inaturalist-open-data.s3.amazonaws.com/photos/134488907/original.jpeg,1809066,Cratoplastis diluta,Cratoplastis,Erebidae
1809087,,,,,567,,,4,https://inaturalist-open-data.s3.amazonaws.com/photos/60310817/original.jpeg,1809087,Watsonidia reimona,Watsonidia,Erebidae
1809127,,,,,568,,,404,https://inaturalist-open-data.s3.amazonaws.com/photos/277109835/original.jpg,1809127,Syntomeida melanthus,Syntomeida,Erebidae
1809176,,,,,569,,,37,https://inaturalist-open-data.s3.amazonaws.com/photos/59074055/original.jpg,1809176,Dasysphinx volatilis,Dasysphinx,Erebidae
1809200,,,,,570,,,6,https://inaturalist-open-data.s3.amazonaws.com/photos/108538998/original.jpg,1809200,Pseudophaloe troetschi,Pseudophaloe,Erebidae
1809294,,,,,571,,,176,https://inaturalist-open-data.s3.amazonaws.com/photos/328159954/original.jpeg,1809294,Carales astur,Carales,Erebidae
1809337,,,,,572,,,5,https://ecdysis.org/imglib/scan/MISSA_MEM/MEM325/MEM325256_Calidota_obscurator__1534354827_lg.jpg,1809337,Calidota obscurator,Calidota,Erebidae
1809339,,,,,573,,,11,https://inaturalist-open-data.s3.amazonaws.com/photos/178607056/original.jpeg,1809339,Gaudeator paidicus,Gaudeator,Erebidae
1809341,,,,,574,,,28,https://inaturalist-open-data.s3.amazonaws.com/photos/171876904/original.jpg,1809341,Syntrichura virens,Syntrichura,Erebidae
1809348,,,,,575,,,153,https://inaturalist-open-data.s3.amazonaws.com/photos/172199233/original.jpeg,1809348,Phaloesia saucia,Phaloesia,Erebidae
1809408,,,,,576,,,4,http://www.boldsystems.org/pics/ASARC/INB0003935169-BAES002085+1315857186.jpg,1809408,Onythes pallidicosta,Onythes,Erebidae
1809440,,,,,577,,,5,https://inaturalist-open-data.s3.amazonaws.com/photos/32083013/original.jpg,1809440,Nodozana thricophora,Nodozana,Erebidae
1809491,,,,,578,,,43,https://inaturalist-open-data.s3.amazonaws.com/photos/149552989/original.jpeg,1809491,Saurita temenus,Saurita,Erebidae
1809493,,,,,579,,,7,https://ecdysis.org/imglib/scan/MISSA_MEM/MEM340/340017_1654550795_lg.jpg,1809493,Saurita watsoni,Saurita,Erebidae
1809499,,,,,580,,,168,https://inaturalist-open-data.s3.amazonaws.com/photos/206718284/original.jpeg,1809499,Saurita cassandra,Saurita,Erebidae
1809514,,,,,581,,,26,https://inaturalist-open-data.s3.amazonaws.com/photos/77462927/original.jpeg,1809514,Saurita nigripalpia,Saurita,Erebidae
1809515,,,,,582,,,5,https://inaturalist-open-data.s3.amazonaws.com/photos/258437918/original.jpeg,1809515,Saurita sanguinea,Saurita,Erebidae
1809524,,,,,583,,,6,https://inaturalist-open-data.s3.amazonaws.com/photos/32461089/original.jpg,1809524,Saurita phoenicosticta,Saurita,Erebidae
1809533,,,,,584,,,6,https://inaturalist-open-data.s3.amazonaws.com/photos/172240094/original.jpeg,1809533,Saurita anselma,Saurita,Erebidae
1809542,,,,,585,,,16,https://inaturalist-open-data.s3.amazonaws.com/photos/296530798/original.jpg,1809542,Saurita tipulina,Saurita,Erebidae
1809957,,,,,586,,,4,https://inaturalist-open-data.s3.amazonaws.com/photos/273911229/original.jpg,1809957,Leucanopsis malodonta,Leucanopsis,Erebidae
1809971,,,,,587,,,41,https://inaturalist-open-data.s3.amazonaws.com/photos/38417562/original.jpeg,1809971,Leucanopsis leucanina,Leucanopsis,Erebidae
1809981,,,,,588,,,4,http://www.boldsystems.org/pics/NFECU/FBE06023_A+1696957380.JPG,1809981,Leucanopsis luridioides,Leucanopsis,Erebidae
1810004,,,,,589,,,5,https://inaturalist-open-data.s3.amazonaws.com/photos/79779631/original.jpeg,1810004,Leucanopsis aurantiaca,Leucanopsis,Erebidae
1810072,,,,,590,,,7,http://www.boldsystems.org/pics/NFECU/FBE06022_C+1696957390.JPG,1810072,Leucanopsis stipulata,Leucanopsis,Erebidae
1810114,,,,,591,,,11,https://inaturalist-open-data.s3.amazonaws.com/photos/119181583/original.jpeg,1810114,Anaxita suprema,Anaxita,Erebidae
1810148,,,,,592,,,5,https://inaturalist-open-data.s3.amazonaws.com/photos/172757775/original.jpeg,1810148,Eucereon obscura,Eucereon,Erebidae
1810172,,,,,593,,,96,https://inaturalist-open-data.s3.amazonaws.com/photos/338709209/original.jpeg,1810172,Eucereon tigrata,Eucereon,Erebidae
1810196,,,,,594,,,14,https://inaturalist-open-data.s3.amazonaws.com/photos/160045560/original.jpg,1810196,Eucereon phaeoproctum,Eucereon,Erebidae
1810209,,,,,595,,,12,http://mediaphoto.mnhn.fr/media/1537976583983tqWpQXC8E0LljlqY,1810209,Eucereon maja,Eucereon,Erebidae
1810211,,,,,596,,,20,https://inaturalist-open-data.s3.amazonaws.com/photos/388588010/original.jpg,1810211,Eucereon costulatum,Eucereon,Erebidae
1810220,,,,,597,,,8,https://inaturalist-open-data.s3.amazonaws.com/photos/91453045/original.jpeg,1810220,Eucereon aroa,Eucereon,Erebidae
1810226,,,,,598,,,7,https://inaturalist-open-data.s3.amazonaws.com/photos/262097363/original.jpg,1810226,Eucereon argutum,Eucereon,Erebidae
1810229,,,,,599,,,28,https://inaturalist-open-data.s3.amazonaws.com/photos/381942181/original.jpeg,1810229,Eucereon tarona,Eucereon,Erebidae
1810258,,,,,600,,,16,https://inaturalist-open-data.s3.amazonaws.com/photos/161296095/original.jpeg,1810258,Eucereon discolor,Eucereon,Erebidae
1810274,,,,,601,,,7,https://inaturalist-open-data.s3.amazonaws.com/photos/302255901/original.jpeg,1810274,Eucereon patrona,Eucereon,Erebidae
1810281,,,,,602,,,4,https://inaturalist-open-data.s3.amazonaws.com/photos/63553812/original.jpeg,1810281,Eucereon aoris,Eucereon,Erebidae
1810308,,,,,603,,,7,https://inaturalist-open-data.s3.amazonaws.com/photos/63000194/original.jpeg,1810308,Eucereon xanthoperas,Eucereon,Erebidae
1810315,,,,,604,,,6,https://inaturalist-open-data.s3.amazonaws.com/photos/67962319/original.jpeg,1810315,Eucereon chloraenoma,Eucereon,Erebidae
1810318,,,,,605,,,40,https://inaturalist-open-data.s3.amazonaws.com/photos/303642545/original.jpeg,1810318,Eucereon vestalis,Eucereon,Erebidae
1810319,,,,,606,,,8,https://inaturalist-open-data.s3.amazonaws.com/photos/225413909/original.jpeg,1810319,Eucereon formosum,Eucereon,Erebidae
1810322,,,,,607,,,5,https://ecdysis.org/imglib/scan/MISSA_MEM/MEM331/MEM331250_Eucereon_aurantiaca__1536257983_lg.jpg,1810322,Eucereon pseudarchias,Eucereon,Erebidae
1810348,,,,,608,,,129,http://www.boldsystems.org/pics/MHMYM/11-SRNP-1760-DHJ544009+1365548308.jpg,1810348,Eucereon aeolum,Eucereon,Erebidae
1810350,,,,,609,,,5,https://inaturalist-open-data.s3.amazonaws.com/photos/55365098/original.jpeg,1810350,Eucereon facundum,Eucereon,Erebidae
1810352,,,,,610,,,17,https://ecdysis.org/imglib/scan/MISSA_MEM/MEM331/MEM331268_Eucereon_consorta_CE_1536854585_lg.jpg,1810352,Eucereon consorta,Eucereon,Erebidae
1810356,,,,,611,,,6,https://inaturalist-open-data.s3.amazonaws.com/photos/119923800/original.jpeg,1810356,Eucereon pittieri,Eucereon,Erebidae
1810357,,,,,612,,,4,https://inaturalist-open-data.s3.amazonaws.com/photos/126108844/original.jpeg,1810357,Eucereon tripunctatum,Eucereon,Erebidae
1810445,,,,,613,,,5,https://inaturalist-open-data.s3.amazonaws.com/photos/374184273/original.jpeg,1810445,Astralarctia pulverosa,Astralarctia,Erebidae
1810482,,,,,614,,,12,https://inaturalist-open-data.s3.amazonaws.com/photos/250436252/original.jpeg,1810482,Sarosa notata,Sarosa,Erebidae
1810500,,,,,615,,,5,https://inaturalist-open-data.s3.amazonaws.com/photos/100564379/original.jpg,1810500,Sarosa annotata,Sarosa,Erebidae
1810794,,,,,616,,,4,https://inaturalist-open-data.s3.amazonaws.com/photos/95055522/original.jpeg,1810794,Odozana sixola,Odozana,Erebidae
1810818,,,,,617,,,10,https://inaturalist-open-data.s3.amazonaws.com/photos/258565658/original.jpg,1810818,Ixylasia schausi,Ixylasia,Erebidae
1810824,,,,,618,,,45,https://inaturalist-open-data.s3.amazonaws.com/photos/245716084/original.jpeg,1810824,Hyaleucerea vulnerata,Hyaleucerea,Erebidae
1810844,,,,,619,,,11,https://inaturalist-open-data.s3.amazonaws.com/photos/98480529/original.jpeg,1810844,Hyaleucerea gigantea,Hyaleucerea,Erebidae
1810846,,,,,620,,,35,https://inaturalist-open-data.s3.amazonaws.com/photos/12599930/original.jpg,1810846,Psychophasma erosa,Psychophasma,Erebidae
1810866,,,,,621,,,47,https://inaturalist-open-data.s3.amazonaws.com/photos/191668921/original.jpg,1810866,Phoenicoprocta sanguinea,Phoenicoprocta,Erebidae
1810884,,,,,622,,,9,https://ecdysis.org/imglib/scan/MISSA_MEM/MEM418/418795_1656015739_lg.jpg,1810884,Phoenicoprocta lydia,Phoenicoprocta,Erebidae
1810980,,,,,623,,,49,https://inaturalist-open-data.s3.amazonaws.com/photos/321850437/original.jpg,1810980,Hypercompe nemophila,Hypercompe,Erebidae
1810981,,,,,624,,,7,https://inaturalist-open-data.s3.amazonaws.com/photos/15099374/original.jpeg,1810981,Hypercompe trinitatis,Hypercompe,Erebidae
1811016,,,,,625,,,12,https://inaturalist-open-data.s3.amazonaws.com/photos/171572171/original.jpg,1811016,Hypercompe cotyora,Hypercompe,Erebidae
1811019,,,,,626,,,173,https://inaturalist-open-data.s3.amazonaws.com/photos/28324918/original.jpg,1811019,Hypercompe caudata,Hypercompe,Erebidae
1811041,,,,,627,,,4,https://inaturalist-open-data.s3.amazonaws.com/photos/163418349/original.jpg,1811041,Hypercompe magdalenae,Hypercompe,Erebidae
1811075,,,,,628,,,25,https://inaturalist-open-data.s3.amazonaws.com/photos/299045594/original.jpeg,1811075,Hypercompe muzina,Hypercompe,Erebidae
1811100,,,,,629,,,13,https://inaturalist-open-data.s3.amazonaws.com/photos/2964479/original.JPG,1811100,Hypercompe albescens,Hypercompe,Erebidae
1811106,,,,,630,,,123,https://inaturalist-open-data.s3.amazonaws.com/photos/176389856/original.jpeg,1811106,Hypercompe laeta,Hypercompe,Erebidae
1811121,,,,,631,,,48,https://inaturalist-open-data.s3.amazonaws.com/photos/123412733/original.jpg,1811121,Hypercompe icasia,Hypercompe,Erebidae
1811138,,,,,632,,,7,https://inaturalist-open-data.s3.amazonaws.com/photos/58551034/original.jpeg,1811138,Calonotos helymus,Calonotos,Erebidae
1811142,,,,,633,,,21,https://inaturalist-open-data.s3.amazonaws.com/photos/261759733/original.jpg,1811142,Calonotos tiburtus,Calonotos,Erebidae
1811178,,,,,634,,,31,https://inaturalist-open-data.s3.amazonaws.com/photos/247618144/original.jpeg,1811178,Isanthrene basifera,Isanthrene,Erebidae
1811186,,,,,635,,,4,https://inaturalist-open-data.s3.amazonaws.com/photos/360797189/original.jpg,1811186,Isanthrene azia,Isanthrene,Erebidae
1811190,,,,,636,,,7,https://inaturalist-open-data.s3.amazonaws.com/photos/356083714/original.jpg,1811190,Isanthrene championi,Isanthrene,Erebidae
1811192,,,,,637,,,34,https://inaturalist-open-data.s3.amazonaws.com/photos/54982821/original.jpg,1811192,Isanthrene crabroniformis,Isanthrene,Erebidae
1811196,,,,,638,,,29,https://inaturalist-open-data.s3.amazonaws.com/photos/363304026/original.jpg,1811196,Isanthrene monticola,Isanthrene,Erebidae
1811198,,,,,639,,,9,https://inaturalist-open-data.s3.amazonaws.com/photos/111923407/original.jpeg,1811198,Isanthrene cazador,Isanthrene,Erebidae
1811202,,,,,640,,,28,https://inaturalist-open-data.s3.amazonaws.com/photos/66391437/original.jpeg,1811202,Isanthrene felderi,Isanthrene,Erebidae
1811255,,,,,641,,,116,http://www.boldsystems.org/pics/BLPEG/14-SRNP-102865-DHJ679882+1429632548.JPG,1811255,Rhabdatomis cora,Rhabdatomis,Erebidae
1811258,,,,,642,,,28,https://inaturalist-open-data.s3.amazonaws.com/photos/162997143/original.jpeg,1811258,Rhabdatomis laudamia,Rhabdatomis,Erebidae
1811298,,,,,643,,,4,https://inaturalist-open-data.s3.amazonaws.com/photos/121728219/original.jpeg,1811298,Elysius superba,Elysius,Erebidae
1811312,,,,,644,,,17,https://scan-bugs.org:443/imglib/scan/MISSA_MEM/MEM334/MEM334847_Elysius_conspersus_C_1539183215_lg.jpg,1811312,Elysius conspersus,Elysius,Erebidae
1811315,,,,,645,,,13,https://inaturalist-open-data.s3.amazonaws.com/photos/91765249/original.jpg,1811315,Elysius melanoplaga,Elysius,Erebidae
1811338,,,,,646,,,6,https://inaturalist-open-data.s3.amazonaws.com/photos/175475732/original.jpeg,1811338,Elysius terra,Elysius,Erebidae
1811342,,,,,647,,,9,https://inaturalist-open-data.s3.amazonaws.com/photos/349951584/original.jpg,1811342,Hypidalia sanguirena,Hypidalia,Erebidae
1811384,,,,,648,,,9,https://inaturalist-open-data.s3.amazonaws.com/photos/52418245/original.jpg,1811384,Cresera ilus,Cresera,Erebidae
1811391,,,,,649,,,10,https://ecdysis.org/imglib/scan/MISSA_MEM/MEM425/425831_1659105721_lg.jpg,1811391,Cresera optimus,Cresera,Erebidae
1811476,,,,,650,,,8,https://inaturalist-open-data.s3.amazonaws.com/photos/22187380/original.jpg,1811476,Pheia haemapleura,Pheia,Erebidae
1811489,,,,,651,,,15,https://inaturalist-open-data.s3.amazonaws.com/photos/98859278/original.jpg,1811489,Pheia albisigna,Pheia,Erebidae
1811498,,,,,652,,,7,https://inaturalist-open-data.s3.amazonaws.com/photos/161083379/original.jpg,1811498,Pheia utica,Pheia,Erebidae
1811503,,,,,653,,,7,https://inaturalist-open-data.s3.amazonaws.com/photos/241293244/original.jpg,1811503,Pheia mathona,Pheia,Erebidae
1811506,,,,,654,,,17,https://inaturalist-open-data.s3.amazonaws.com/photos/6241597/original.jpeg,1811506,Pheia elegans,Pheia,Erebidae
1811546,,,,,655,,,12,https://inaturalist-open-data.s3.amazonaws.com/photos/109481630/original.jpeg,1811546,Correbia lycoides,Correbia,Erebidae
1811551,,,,,656,,,85,http://www.boldsystems.org/pics/BLPBB/06-SRNP-108461_DHJ608461+1199992200.jpg,1811551,Correbia undulata,Correbia,Erebidae
1811568,,,,,657,,,5,https://inaturalist-open-data.s3.amazonaws.com/photos/2996300/original.jpg,1811568,Correbia affinis,Correbia,Erebidae
1812491,,,,,658,,,28,https://inaturalist-open-data.s3.amazonaws.com/photos/128292015/original.jpeg,1812491,Procalypta subcyanea,Procalypta,Erebidae
1812519,,,,,659,,,9,https://inaturalist-open-data.s3.amazonaws.com/photos/234902762/original.jpeg,1812519,Ordishia rutilus,Ordishia,Erebidae
1812520,,,,,660,,,4,https://inaturalist-open-data.s3.amazonaws.com/photos/110868441/original.jpeg,1812520,Ordishia godmani,Ordishia,Erebidae
1812555,,,,,661,,,8,https://inaturalist-open-data.s3.amazonaws.com/photos/178752311/original.jpeg,1812555,Mesothen erythaema,Mesothen,Erebidae
1812559,,,,,662,,,12,https://inaturalist-open-data.s3.amazonaws.com/photos/343797011/original.jpeg,1812559,Mesothen montana,Mesothen,Erebidae
1812564,,,,,663,,,4,https://ecdysis.org/imglib/scan/MISSA_MEM/MEM339/339401_1654895572_lg.jpg,1812564,Mesothen dorsimacula,Mesothen,Erebidae
1812573,,,,,664,,,87,https://inaturalist-open-data.s3.amazonaws.com/photos/178740212/original.jpg,1812573,Mesothen nomia,Mesothen,Erebidae
1812605,,,,,665,,,6,https://inaturalist-open-data.s3.amazonaws.com/photos/85742538/original.jpg,1812605,Ptychotricos zeus,Ptychotricos,Erebidae
1812741,,,,,666,,,40,https://inaturalist-open-data.s3.amazonaws.com/photos/169915773/original.jpeg,1812741,Psoloptera thoracica,Psoloptera,Erebidae
1812744,,,,,667,,,20,https://inaturalist-open-data.s3.amazonaws.com/photos/91524830/original.jpeg,1812744,Psoloptera basifulva,Psoloptera,Erebidae
1812828,,,,,668,,,22,https://inaturalist-open-data.s3.amazonaws.com/photos/190900575/original.jpeg,1812828,Prepiella aurea,Prepiella,Erebidae
1812830,,,,,669,,,4,https://inaturalist-open-data.s3.amazonaws.com/photos/253542154/original.jpg,1812830,Prepiella pexicera,Prepiella,Erebidae
1812845,,,,,670,,,13,https://inaturalist-open-data.s3.amazonaws.com/photos/301332782/original.jpeg,1812845,Eupyra ducalis,Eupyra,Erebidae
1812880,,,,,671,,,6,https://inaturalist-open-data.s3.amazonaws.com/photos/363563324/original.jpeg,1812880,Phaio stratiotes,Phaio,Erebidae
1812881,,,,,672,,,55,https://inaturalist-open-data.s3.amazonaws.com/photos/116532407/original.jpeg,1812881,Phaio acquiguttata,Phaio,Erebidae
1813187,,,,,673,,,14,https://inaturalist-open-data.s3.amazonaws.com/photos/79107337/original.jpeg,1813187,Lycomorphodes sordida,Lycomorphodes,Erebidae
1813217,,,,,674,,,25,https://inaturalist-open-data.s3.amazonaws.com/photos/116011352/original.jpeg,1813217,Phaenarete diana,Phaenarete,Erebidae
1813332,,,,,675,,,6,https://inaturalist-open-data.s3.amazonaws.com/photos/63589048/original.jpeg,1813332,Heliura thysbodes,Heliura,Erebidae
1813339,,,,,676,,,5,https://inaturalist-open-data.s3.amazonaws.com/photos/329054159/original.jpg,1813339,Heliura flavopunctata,Heliura,Erebidae
1813362,,,,,677,,,5,https://inaturalist-open-data.s3.amazonaws.com/photos/292593591/original.jpg,1813362,Heliura gigantea,Heliura,Erebidae
1813366,,,,,678,,,4,https://inaturalist-open-data.s3.amazonaws.com/photos/280824381/original.jpeg,1813366,Heliura rhodophila,Heliura,Erebidae
1813372,,,,,679,,,39,http://www.boldsystems.org/pics/BLPEE/13-SRNP-104055-DHJ676776+1407854412.JPG,1813372,Heliura banoca,Heliura,Erebidae
1813413,,,,,680,,,77,https://inaturalist-open-data.s3.amazonaws.com/photos/79774937/original.jpeg,1813413,Estigmene albida,Estigmene,Erebidae
1814034,,,,,681,,,31,https://inaturalist-open-data.s3.amazonaws.com/photos/81496232/original.jpeg,1814034,Amaxia chaon,Amaxia,Erebidae
1814045,,,,,682,,,90,http://www.boldsystems.org/pics/XAA/03-SRNP-19647b.jpg,1814045,Amaxia apyga,Amaxia,Erebidae
1814048,,,,,683,,,13,https://inaturalist-open-data.s3.amazonaws.com/photos/106594861/original.jpeg,1814048,Amaxia carinosa,Amaxia,Erebidae
1814052,,,,,684,,,13,https://inaturalist-open-data.s3.amazonaws.com/photos/99435645/original.jpeg,1814052,Amaxia lepida,Amaxia,Erebidae
1814056,,,,,685,,,16,https://inaturalist-open-data.s3.amazonaws.com/photos/93819484/original.jpeg,1814056,Amaxia pandama,Amaxia,Erebidae
1814182,,,,,686,,,132,https://inaturalist-open-data.s3.amazonaws.com/photos/171917059/original.jpg,1814182,Ammalo helops,Ammalo,Erebidae
1814206,,,,,687,,,17,https://inaturalist-open-data.s3.amazonaws.com/photos/115435863/original.jpeg,1814206,Phaeomolis lineatus,Phaeomolis,Erebidae
1814231,,,,,688,,,7,https://inaturalist-open-data.s3.amazonaws.com/photos/172592195/original.jpg,1814231,Agyrta dux,Agyrta,Erebidae
1814250,,,,,689,,,14,https://inaturalist-open-data.s3.amazonaws.com/photos/83302732/original.jpg,1814250,Poliopastea auripes,Poliopastea,Erebidae
1814264,,,,,690,,,6,https://inaturalist-open-data.s3.amazonaws.com/photos/225957265/original.jpeg,1814264,Poliopastea clavipes,Poliopastea,Erebidae
1814266,,,,,691,,,4,https://inaturalist-open-data.s3.amazonaws.com/photos/110902302/original.jpeg,1814266,Poliopastea cyllarus,Poliopastea,Erebidae
1814274,,,,,692,,,4,https://inaturalist-open-data.s3.amazonaws.com/photos/46404789/original.jpg,1814274,Poliopastea laciades,Poliopastea,Erebidae
1814277,,,,,693,,,6,https://inaturalist-open-data.s3.amazonaws.com/photos/100581441/original.jpg,1814277,Poliopastea chrysotarsia,Poliopastea,Erebidae
1814330,,,,,694,,,22,https://inaturalist-open-data.s3.amazonaws.com/photos/265942825/original.jpg,1814330,Halysidota orientalis,Halysidota,Erebidae
1814333,,,,,695,,,6,https://ecdysis.org/imglib/scan/CSU_CSUC/CSU_ENT1011/CSU_ENT1011139_1_35600_1494598070_lg.jpg,1814333,Halysidota atra,Halysidota,Erebidae
1814341,,,,,696,,,7,https://ecdysis.org/imglib/scan/CSU_CSUC/CSU_ENT1011/CSU_ENT1011116_1_35602_1494598202_lg.jpg,1814341,Halysidota underwoodi,Halysidota,Erebidae
1814342,,,,,697,,,4,https://inaturalist-open-data.s3.amazonaws.com/photos/393110875/original.jpeg,1814342,Halysidota semibrunnea,Halysidota,Erebidae
1814359,,,,,698,,,113,https://inaturalist-open-data.s3.amazonaws.com/photos/25962465/original.jpeg,1814359,Halysidota schausi,Halysidota,Erebidae
1814369,,,,,699,,,4,https://inaturalist-open-data.s3.amazonaws.com/photos/94508381/original.jpeg,1814369,Halysidota interlineata,Halysidota,Erebidae
1814661,,,,,700,,,7,https://inaturalist-open-data.s3.amazonaws.com/photos/31072904/original.jpg,1814661,Idalus aleteria,Idalus,Erebidae
1814662,,,,,701,,,9,https://inaturalist-open-data.s3.amazonaws.com/photos/289233137/original.jpeg,1814662,Idalus erythronota,Idalus,Erebidae
1814665,,,,,702,,,85,https://inaturalist-open-data.s3.amazonaws.com/photos/333360015/original.jpeg,1814665,Idalus herois,Idalus,Erebidae
1814669,,,,,703,,,18,https://inaturalist-open-data.s3.amazonaws.com/photos/39841437/original.jpeg,1814669,Idalus dares,Idalus,Erebidae
1814683,,,,,704,,,13,https://inaturalist-open-data.s3.amazonaws.com/photos/218235080/original.jpeg,1814683,Idalus perlineosa,Idalus,Erebidae
1814684,,,,,705,,,5,https://inaturalist-open-data.s3.amazonaws.com/photos/112285535/original.jpeg,1814684,Idalus occidentalis,Idalus,Erebidae
1814692,,,,,706,,,31,https://inaturalist-open-data.s3.amazonaws.com/photos/180731173/original.jpeg,1814692,Idalus critheis,Idalus,Erebidae
1814698,,,,,707,,,8,https://inaturalist-open-data.s3.amazonaws.com/photos/94015199/original.jpeg,1814698,Idalus sublineata,Idalus,Erebidae
1814704,,,,,708,,,6,https://inaturalist-open-data.s3.amazonaws.com/photos/61278820/original.jpeg,1814704,Idalus borealis,Idalus,Erebidae
1814711,,,,,709,,,50,https://inaturalist-open-data.s3.amazonaws.com/photos/100790550/original.jpeg,1814711,Idalus crinis,Idalus,Erebidae
1814713,,,,,710,,,7,https://inaturalist-open-data.s3.amazonaws.com/photos/136302506/original.jpeg,1814713,Idalus vitrea,Idalus,Erebidae
1814758,,,,,711,,,54,http://www.boldsystems.org/pics/BLPYA/07-SRNP-111125_DHJ621089+1201621818.jpg,1814758,Talara phaeella,Talara,Erebidae
1814785,,,,,712,,,9,https://inaturalist-open-data.s3.amazonaws.com/photos/12353332/original.jpeg,1814785,Talara rubida,Talara,Erebidae
1814863,,,,,713,,,406,https://inaturalist-open-data.s3.amazonaws.com/photos/56261361/original.jpg,1814863,Ctenucha venosa,Ctenucha,Erebidae
1815288,,,,,714,,,5,https://inaturalist-open-data.s3.amazonaws.com/photos/91526539/original.jpeg,1815288,Thysanoprymna morio,Thysanoprymna,Erebidae
1815290,,,,,715,,,10,https://inaturalist-open-data.s3.amazonaws.com/photos/100461472/original.jpeg,1815290,Thysanoprymna superba,Thysanoprymna,Erebidae
1815297,,,,,716,,,13,https://inaturalist-open-data.s3.amazonaws.com/photos/257235424/original.jpeg,1815297,Thysanoprymna haemorrhoides,Thysanoprymna,Erebidae
1815302,,,,,717,,,12,https://inaturalist-open-data.s3.amazonaws.com/photos/111023020/original.jpeg,1815302,Palaeozana mida,Palaeozana,Erebidae
1815304,,,,,718,,,21,http://was.tacc.utexas.edu/fileget?coll=Entomology+Collection&type=O&filename=c657b958-0ef7-4528-a75c-17a6a52dd723.jpg,1815304,Mesenochroa rogersi,Mesenochroa,Erebidae
1815307,,,,,719,,,8,https://inaturalist-open-data.s3.amazonaws.com/photos/394819346/original.jpeg,1815307,Amphelarctia priscilla,Amphelarctia,Erebidae
1815323,,,,,720,,,9,https://inaturalist-open-data.s3.amazonaws.com/photos/115118752/original.jpeg,1815323,Ochrodota pronapides,Ochrodota,Erebidae
1815372,,,,,721,,,15,https://inaturalist-open-data.s3.amazonaws.com/photos/180144373/original.jpeg,1815372,Nyridela xanthocera,Nyridela,Erebidae
1815373,,,,,722,,,90,https://inaturalist-open-data.s3.amazonaws.com/photos/350063662/original.jpeg,1815373,Nyridela chalciope,Nyridela,Erebidae
1815426,,,,,723,,,20,https://inaturalist-open-data.s3.amazonaws.com/photos/168403315/original.jpg,1815426,Belemnia inaurata,Belemnia,Erebidae
1815636,,,,,724,,,7,http://www.boldsystems.org/pics/XAA/02-SRNP-7361b.jpg,1815636,Metastatia pyrrhorhoea,Metastatia,Erebidae
1815640,,,,,725,,,57,https://inaturalist-open-data.s3.amazonaws.com/photos/179847336/original.jpeg,1815640,Calodesma collaris,Calodesma,Erebidae
1815643,,,,,726,,,208,http://www.boldsystems.org/pics/MHMYC/09-SRNP-31124-DHJ507283+1365547258.jpg,1815643,Calodesma maculifrons,Calodesma,Erebidae
1815833,,,,,727,,,46,https://inaturalist-open-data.s3.amazonaws.com/photos/150474085/original.jpg,1815833,Turuptiana obliqua,Turuptiana,Erebidae
1815849,,,,,728,,,13,https://inaturalist-open-data.s3.amazonaws.com/photos/65103358/original.jpeg,1815849,Dycladia correbioides,Dycladia,Erebidae
1815858,,,,,729,,,9,https://ecdysis.org/imglib/scan/MISSA_MEM/MEM334/334829_1655416338_lg.jpg,1815858,Dycladia vitrina,Dycladia,Erebidae
1815947,,,,,730,,,13,https://inaturalist-open-data.s3.amazonaws.com/photos/79786192/original.jpeg,1815947,Tricypha imperialis,Tricypha,Erebidae
1815992,,,,,731,,,5,https://inaturalist-open-data.s3.amazonaws.com/photos/334487311/original.jpg,1815992,Palaeomolis rubescens,Palaeomolis,Erebidae
1816570,,,,,732,,,304,https://inaturalist-open-data.s3.amazonaws.com/photos/114954112/original.jpeg,1816570,Apistosia judas,Apistosia,Erebidae
1816605,,,,,733,,,145,http://www.boldsystems.org/pics/BLPDY/10-SRNP-115177_DHJ660052+1309189814.jpg,1816605,Lampruna rosea,Lampruna,Erebidae
1816747,,,,,734,,,33,https://inaturalist-open-data.s3.amazonaws.com/photos/46119757/original.jpeg,1816747,Biturix venosata,Biturix,Erebidae
1816751,,,,,735,,,4,https://ecdysis.org/imglib/scan/MISSA_MEM/MEM325/325453_1659367353.jpg,1816751,Biturix pellucida,Biturix,Erebidae
1816761,,,,,736,,,8,https://inaturalist-open-data.s3.amazonaws.com/photos/238528747/original.jpg,1816761,Diospage splendens,Diospage,Erebidae
1816902,,,,,737,,,4,https://ecdysis.org/imglib/scan/MISSA_MEM/MEM340/MEM340353_Erebidae_IWF_1542392189_lg.jpg,1816902,Xanthomis grandis,Xanthomis,Erebidae
1816954,,,,,738,,,21,https://inaturalist-open-data.s3.amazonaws.com/photos/67358254/original.jpeg,1816954,Graphea marmorea,Graphea,Erebidae
1817086,,,,,739,,,79,https://inaturalist-open-data.s3.amazonaws.com/photos/49765390/original.jpg,1817086,Leucotmemis nexa,Leucotmemis,Erebidae
1817121,,,,,740,,,4,https://ecdysis.org/imglib/scan/MISSA_MEM/MEM340/MEM340089_Selenarctia_schausi__1541196146_lg.jpg,1817121,Selenarctia schausi,Selenarctia,Erebidae
1817123,,,,,741,,,7,https://inaturalist-open-data.s3.amazonaws.com/photos/182272044/original.jpg,1817123,Selenarctia pseudelissa,Selenarctia,Erebidae
1817526,,,,,742,,,6,https://inaturalist-open-data.s3.amazonaws.com/photos/254563466/original.jpeg,1817526,Leucopleura ciarana,Leucopleura,Erebidae
1817532,,,,,743,,,10,https://inaturalist-open-data.s3.amazonaws.com/photos/261019518/original.jpeg,1817532,Bernathonomus piperita,Bernathonomus,Erebidae
1817546,,,,,744,,,8,https://inaturalist-open-data.s3.amazonaws.com/photos/147084709/original.jpg,1817546,Sychesia dryas,Sychesia,Erebidae
1817553,,,,,745,,,25,https://inaturalist-open-data.s3.amazonaws.com/photos/116321014/original.jpeg,1817553,Melese intensa,Melese,Erebidae
1817562,,,,,746,,,12,https://inaturalist-open-data.s3.amazonaws.com/photos/8727528/original.jpg,1817562,Melese amastris,Melese,Erebidae
1817565,,,,,747,,,233,http://www.boldsystems.org/pics/MHARC/07-SRNP-3024-DHJ376974+1222368382.jpg,1817565,Melese incertus,Melese,Erebidae
1817581,,,,,748,,,5,https://inaturalist-open-data.s3.amazonaws.com/photos/54883424/original.jpeg,1817581,Melese babosa,Melese,Erebidae
1817583,,,,,749,,,4,https://inaturalist-open-data.s3.amazonaws.com/photos/31259449/original.jpeg,1817583,Melese monima,Melese,Erebidae
1817589,,,,,750,,,20,https://inaturalist-open-data.s3.amazonaws.com/photos/247704857/original.jpeg,1817589,Melese laodamia,Melese,Erebidae
1817592,,,,,751,,,25,http://n2t.net/ark:/65665/m3f50d84fa-c083-4e7e-bdf6-1bf1a52aaed4,1817592,Melese flavimaculata,Melese,Erebidae
1817659,,,,,752,,,6,https://inaturalist-open-data.s3.amazonaws.com/photos/359218325/original.jpg,1817659,Sutonocrea reducta,Sutonocrea,Erebidae
1817687,,,,,753,,,24,https://inaturalist-open-data.s3.amazonaws.com/photos/184806152/original.jpeg,1817687,Lophocampa catenulata,Lophocampa,Erebidae
1817714,,,,,754,,,4,https://inaturalist-open-data.s3.amazonaws.com/photos/280996161/original.jpeg,1817714,Lophocampa distincta,Lophocampa,Erebidae
1817717,,,,,755,,,156,http://www.boldsystems.org/pics/MHMYC/08-SRNP-32626-DHJ504190+1248536182.jpg,1817717,Lophocampa maroniensis,Lophocampa,Erebidae
1817734,,,,,756,,,308,https://inaturalist-open-data.s3.amazonaws.com/photos/108463166/original.jpg,1817734,Lophocampa annulosa,Lophocampa,Erebidae
1817749,,,,,757,,,50,https://inaturalist-open-data.s3.amazonaws.com/photos/52744898/original.jpeg,1817749,Lophocampa pura,Lophocampa,Erebidae
1817763,,,,,758,,,4,https://ecdysis.org/imglib/scan/MISSA_MEM/MEM325/MEM325067_Lophocampa_citrina_V_1536331418_lg.jpg,1817763,Lophocampa citrina,Lophocampa,Erebidae
1817773,,,,,759,,,4,https://inaturalist-open-data.s3.amazonaws.com/photos/181324672/original.jpeg,1817773,Lophocampa laroipa,Lophocampa,Erebidae
1817774,,,,,760,,,9,https://scan-bugs.org:443/imglib/scan/MISSA_MEM/MEM325/325111_1663686839_lg.jpg,1817774,Lophocampa modesta,Lophocampa,Erebidae
1817777,,,,,761,,,14,https://inaturalist-open-data.s3.amazonaws.com/photos/113244928/original.jpg,1817777,Lophocampa propinqua,Lophocampa,Erebidae
1817779,,,,,762,,,12,https://inaturalist-open-data.s3.amazonaws.com/photos/118502693/original.jpeg,1817779,Abrochocis esperanza,Abrochocis,Erebidae
1817835,,,,,763,,,12,https://inaturalist-open-data.s3.amazonaws.com/photos/327494439/original.jpeg,1817835,Hyperthaema sanguineata,Hyperthaema,Erebidae
1817854,,,,,764,,,101,https://inaturalist-open-data.s3.amazonaws.com/photos/397958844/original.jpg,1817854,Chrysocale regalis,Chrysocale,Erebidae
1817892,,,,,765,,,14,https://inaturalist-open-data.s3.amazonaws.com/photos/91411407/original.jpeg,1817892,Chrostosoma destricta,Chrostosoma,Erebidae
1818377,,,,,766,,,8,https://inaturalist-open-data.s3.amazonaws.com/photos/354434075/original.jpeg,1818377,Lepidokirbyia vittipes,Lepidokirbyia,Erebidae
1818382,,,,,767,,,14,https://inaturalist-open-data.s3.amazonaws.com/photos/305040981/original.jpeg,1818382,Aemilia mincosa,Aemilia,Erebidae
1818424,,,,,768,,,7,https://inaturalist-open-data.s3.amazonaws.com/photos/150191366/original.jpg,1818424,Josiomorpha penetrata,Josiomorpha,Erebidae
1819310,,,,,769,,,50,https://inaturalist-open-data.s3.amazonaws.com/photos/101531131/original.jpeg,1819310,Sarsina purpurascens,Sarsina,Erebidae
1819634,,,,,770,,,44,https://inaturalist-open-data.s3.amazonaws.com/photos/163120297/original.jpg,1819634,Caviria regina,Caviria,Erebidae
1822235,,,,,771,,,4,https://inaturalist-open-data.s3.amazonaws.com/photos/237298462/original.jpeg,1822235,Drugera mimica,Drugera,Notodontidae
1822279,,,,,772,,,146,http://www.boldsystems.org/pics/MHANI/06-SRNP-20369-DHJ334442+1365544064.jpg,1822279,Rhuda difficilis,Rhuda,Notodontidae
1822284,,,,,773,,,33,https://inaturalist-open-data.s3.amazonaws.com/photos/88045648/original.jpeg,1822284,Rhuda focula,Rhuda,Notodontidae
1822397,,,,,774,,,83,http://www.boldsystems.org/pics/MHMXD/06-SRNP-31717-DHJ350099+1172118414.jpg,1822397,Nystalea superciliosa,Nystalea,Notodontidae
1822410,,,,,775,,,127,http://www.boldsystems.org/pics/BLPDW/10-SRNP-112172_DHJ657047+1309806222.jpg,1822410,Nystalea ebalea,Nystalea,Notodontidae
1822421,,,,,776,,,115,http://www.boldsystems.org/pics/BLPAA/16-SRNP-31733-DHJ930223+1551716406.jpg,1822421,Nystalea aequipars,Nystalea,Notodontidae
1822444,,,,,777,,,6,http://www.boldsystems.org/pics/MHANC/85-SRNP-69-DHJ358277+1172118452.jpg,1822444,Nystalea marona,Nystalea,Notodontidae
1822463,,,,,778,,,10,https://inaturalist-open-data.s3.amazonaws.com/photos/109178631/original.jpg,1822463,Nystalea nyseus,Nystalea,Notodontidae
1822705,,,,,779,,,12,https://inaturalist-open-data.s3.amazonaws.com/photos/174813592/original.jpg,1822705,Hapigia nodicornis,Hapigia,Notodontidae
1822717,,,,,780,,,17,https://inaturalist-open-data.s3.amazonaws.com/photos/28941686/original.jpg,1822717,Hapigia raatzi,Hapigia,Notodontidae
1822719,,,,,781,,,12,https://inaturalist-open-data.s3.amazonaws.com/photos/44092173/original.jpg,1822719,Hapigia repandens,Hapigia,Notodontidae
1822724,,,,,782,,,9,https://inaturalist-open-data.s3.amazonaws.com/photos/101175215/original.jpeg,1822724,Hapigia plateada,Hapigia,Notodontidae
1822730,,,,,783,,,33,https://inaturalist-open-data.s3.amazonaws.com/photos/264221263/original.jpg,1822730,Hapigia simplex,Hapigia,Notodontidae
1822897,,,,,784,,,7,https://inaturalist-open-data.s3.amazonaws.com/photos/266354380/original.jpeg,1822897,Scea servula,Scea,Notodontidae
1823039,,,,,785,,,20,https://inaturalist-open-data.s3.amazonaws.com/photos/63554095/original.jpeg,1823039,Scotura leucophleps,Scotura,Notodontidae
1823335,,,,,786,,,12,https://inaturalist-open-data.s3.amazonaws.com/photos/2812611/original.JPG,1823335,Josia gigantea,Josia,Notodontidae
1823501,,,,,787,,,10,https://inaturalist-open-data.s3.amazonaws.com/photos/153094981/original.jpeg,1823501,Tithraustes noctiluces,Tithraustes,Notodontidae
1823611,,,,,788,,,9,https://inaturalist-open-data.s3.amazonaws.com/photos/248058883/original.jpg,1823611,Dognina veltini,Dognina,Notodontidae
1823732,,,,,789,,,9,https://inaturalist-open-data.s3.amazonaws.com/photos/290492739/original.jpeg,1823732,Sericochroa lauta,Sericochroa,Notodontidae
1823749,,,,,790,,,17,https://inaturalist-open-data.s3.amazonaws.com/photos/111458340/original.jpeg,1823749,Sericochroa arecosa,Sericochroa,Notodontidae
1824003,,,,,791,,,4,http://n2t.net/ark:/65665/m35298f9dc-ae15-42e6-bddf-3bfe654d6876,1824003,Anita basipuncta,Anita,Notodontidae
1824179,,,,,792,,,135,http://www.boldsystems.org/pics/BLPBA/06-SRNP-107241_DHJ607241+1199992020.jpg,1824179,Crinodes besckei,Crinodes,Notodontidae
1824180,,,,,793,,,6,https://inaturalist-open-data.s3.amazonaws.com/photos/100818730/original.jpeg,1824180,Crinodes guatemalena,Crinodes,Notodontidae
1824186,,,,,794,,,11,https://inaturalist-open-data.s3.amazonaws.com/photos/4151207/original.jpg,1824186,Crinodes schausi,Crinodes,Notodontidae
1824356,,,,,795,,,11,https://inaturalist-open-data.s3.amazonaws.com/photos/283800618/original.jpg,1824356,Psilacron luteovirens,Psilacron,Notodontidae
1824549,,,,,796,,,10,https://inaturalist-open-data.s3.amazonaws.com/photos/111344544/original.jpeg,1824549,Rhapigia accipiter,Rhapigia,Notodontidae
1824553,,,,,797,,,10,https://inaturalist-open-data.s3.amazonaws.com/photos/221379117/original.jpg,1824553,Rhapigia aymara,Rhapigia,Notodontidae
1824585,,,,,798,,,4,https://inaturalist-open-data.s3.amazonaws.com/photos/303018010/original.jpeg,1824585,Phyllopalpia triangulum,Phyllopalpia,Notodontidae
1824722,,,,,799,,,8,https://inaturalist-open-data.s3.amazonaws.com/photos/284699445/original.jpeg,1824722,Polypoetes villia,Polypoetes,Notodontidae
1824816,,,,,800,,,6,http://www.boldsystems.org/pics/MHANB/03-SRNP-6711-DHJ302295+1145648960.jpg,1824816,Antiopha multilinea,Antiopha,Notodontidae
1824868,,,,,801,,,10,https://inaturalist-open-data.s3.amazonaws.com/photos/168868947/original.jpg,1824868,Phanoptis cyanomelas,Phanoptis,Notodontidae
1824907,,,,,802,,,15,https://inaturalist-open-data.s3.amazonaws.com/photos/180231983/original.jpeg,1824907,Apela divisa,Apela,Notodontidae
1825023,,,,,803,,,17,https://inaturalist-open-data.s3.amazonaws.com/photos/58832936/original.jpg,1825023,Lirimiris auriflua,Lirimiris,Notodontidae
1825033,,,,,804,,,54,https://inaturalist-open-data.s3.amazonaws.com/photos/117530398/original.jpeg,1825033,Lirimiris lignitecta,Lirimiris,Notodontidae
1825041,,,,,805,,,4,https://inaturalist-open-data.s3.amazonaws.com/photos/78856215/original.jpeg,1825041,Arhacia imitans,Arhacia,Notodontidae
1825309,,,,,806,,,19,https://inaturalist-open-data.s3.amazonaws.com/photos/253744752/original.jpeg,1825309,Lobeza medina,Lobeza,Notodontidae
1825368,,,,,807,,,15,https://inaturalist-open-data.s3.amazonaws.com/photos/174236108/original.jpeg,1825368,Rosema thestia,Rosema,Notodontidae
1825373,,,,,808,,,68,https://inaturalist-open-data.s3.amazonaws.com/photos/13381397/original.jpeg,1825373,Rosema deolis,Rosema,Notodontidae
1825377,,,,,809,,,13,https://inaturalist-open-data.s3.amazonaws.com/photos/50238037/original.jpg,1825377,Rosema myops,Rosema,Notodontidae
1825391,,,,,810,,,30,https://inaturalist-open-data.s3.amazonaws.com/photos/186760803/original.jpg,1825391,Rosema epigena,Rosema,Notodontidae
1825393,,,,,811,,,10,https://inaturalist-open-data.s3.amazonaws.com/photos/182904507/original.jpg,1825393,Rosema sciritis,Rosema,Notodontidae
1825394,,,,,812,,,13,https://inaturalist-open-data.s3.amazonaws.com/photos/66168670/original.jpg,1825394,Rosema zelica,Rosema,Notodontidae
1825610,,,,,813,,,5,https://inaturalist-open-data.s3.amazonaws.com/photos/14016124/original.jpeg,1825610,Rifargia demissa,Rifargia,Notodontidae
1825630,,,,,814,,,9,https://inaturalist-open-data.s3.amazonaws.com/photos/348670442/original.jpg,1825630,Rifargia myconos,Rifargia,Notodontidae
1825640,,,,,815,,,33,https://inaturalist-open-data.s3.amazonaws.com/photos/182966238/original.jpg,1825640,Rifargia distinguenda,Rifargia,Notodontidae
1825676,,,,,816,,,6,https://inaturalist-open-data.s3.amazonaws.com/photos/171304877/original.jpg,1825676,Rifargia lineata,Rifargia,Notodontidae
1825679,,,,,817,,,7,https://inaturalist-open-data.s3.amazonaws.com/photos/89308693/original.jpeg,1825679,Rifargia apella,Rifargia,Notodontidae
1825726,,,,,818,,,6,https://inaturalist-open-data.s3.amazonaws.com/photos/332445376/original.jpeg,1825726,Isostyla zetila,Isostyla,Notodontidae
1825771,,,,,819,,,5,https://inaturalist-open-data.s3.amazonaws.com/photos/191231028/original.jpeg,1825771,Antaea juturna,Antaea,Notodontidae
1825775,,,,,820,,,13,https://inaturalist-open-data.s3.amazonaws.com/photos/101795968/original.jpeg,1825775,Antaea licormas,Antaea,Notodontidae
1825790,,,,,821,,,8,https://inaturalist-open-data.s3.amazonaws.com/photos/190746688/original.jpeg,1825790,Lusura chera,Lusura,Notodontidae
1825913,,,,,822,,,4,https://inaturalist-open-data.s3.amazonaws.com/photos/10238048/original.jpg,1825913,Moresa costalis,Moresa,Notodontidae
1826118,,,,,823,,,5,https://inaturalist-open-data.s3.amazonaws.com/photos/348453168/original.jpg,1826118,Lysana plusiana,Lysana,Notodontidae
1826181,,,,,824,,,143,https://inaturalist-open-data.s3.amazonaws.com/photos/86186131/original.jpeg,1826181,Didugua argentilinea,Didugua,Notodontidae
1826216,,,,,825,,,18,https://inaturalist-open-data.s3.amazonaws.com/photos/4432298/original.jpg,1826216,Magava multilinea,Magava,Notodontidae
1826338,,,,,826,,,12,https://inaturalist-open-data.s3.amazonaws.com/photos/187841464/original.jpeg,1826338,Malocampa albolineata,Malocampa,Notodontidae
1826355,,,,,827,,,98,http://www.boldsystems.org/pics/MHANB/03-SRNP-23831-DHJ302655+1145648068.jpg,1826355,Malocampa matralis,Malocampa,Notodontidae
1826392,,,,,828,,,16,https://inaturalist-open-data.s3.amazonaws.com/photos/312749703/original.jpeg,1826392,Tachuda discreta,Tachuda,Notodontidae
1826451,,,,,829,,,6,https://inaturalist-open-data.s3.amazonaws.com/photos/95786115/original.jpeg,1826451,Xenorma cytheris,Xenorma,Notodontidae
1826470,,,,,830,,,6,https://inaturalist-open-data.s3.amazonaws.com/photos/17667445/original.jpeg,1826470,Marthula rufescens,Marthula,Notodontidae
1826538,,,,,831,,,5,https://inaturalist-open-data.s3.amazonaws.com/photos/111494718/original.jpeg,1826538,Euharpyia comita,Euharpyia,Notodontidae
1826658,,,,,832,,,14,https://inaturalist-open-data.s3.amazonaws.com/photos/89012150/original.jpeg,1826658,Disphragis meretricia,Disphragis,Notodontidae
1826692,,,,,833,,,8,https://inaturalist-open-data.s3.amazonaws.com/photos/258901323/original.jpeg,1826692,Disphragis lama,Disphragis,Notodontidae
1826701,,,,,834,,,18,https://inaturalist-open-data.s3.amazonaws.com/photos/285208260/original.jpg,1826701,Disphragis manethusa,Disphragis,Notodontidae
1826712,,,,,835,,,8,https://inaturalist-open-data.s3.amazonaws.com/photos/233799885/original.jpeg,1826712,Disphragis vestona,Disphragis,Notodontidae
1826737,,,,,836,,,4,https://inaturalist-open-data.s3.amazonaws.com/photos/225417279/original.jpeg,1826737,Disphragis remuria,Disphragis,Notodontidae
1826754,,,,,837,,,8,https://inaturalist-open-data.s3.amazonaws.com/photos/12463723/original.jpeg,1826754,Disphragis splendens,Disphragis,Notodontidae
1826772,,,,,838,,,45,https://inaturalist-open-data.s3.amazonaws.com/photos/254462466/original.jpeg,1826772,Disphragis tharis,Disphragis,Notodontidae
1826782,,,,,839,,,7,https://inaturalist-open-data.s3.amazonaws.com/photos/47783279/original.jpg,1826782,Disphragis livida,Disphragis,Notodontidae
1826879,,,,,840,,,4,https://inaturalist-open-data.s3.amazonaws.com/photos/258544520/original.jpeg,1826879,Meragisa valdiviesoi,Meragisa,Notodontidae
1826894,,,,,841,,,4,https://inaturalist-open-data.s3.amazonaws.com/photos/256153475/original.jpg,1826894,Meragisa politioides,Meragisa,Notodontidae
1826899,,,,,842,,,4,https://inaturalist-open-data.s3.amazonaws.com/photos/363679254/original.jpeg,1826899,Bardaxima perses,Bardaxima,Notodontidae
1826908,,,,,843,,,12,https://inaturalist-open-data.s3.amazonaws.com/photos/53561001/original.jpg,1826908,Bardaxima lucilinea,Bardaxima,Notodontidae
1827401,,,,,844,,,11,https://inaturalist-open-data.s3.amazonaws.com/photos/284767286/original.jpg,1827401,Calledema argenta,Calledema,Notodontidae
1827403,,,,,845,,,11,https://inaturalist-open-data.s3.amazonaws.com/photos/73574098/original.jpeg,1827403,Calledema marmorea,Calledema,Notodontidae
1827404,,,,,846,,,6,https://inaturalist-open-data.s3.amazonaws.com/photos/60702553/original.jpg,1827404,Calledema arema,Calledema,Notodontidae
1827668,,,,,847,,,11,https://inaturalist-open-data.s3.amazonaws.com/photos/175634122/original.jpeg,1827668,Canodia difformis,Canodia,Notodontidae
1827762,,,,,848,,,7,https://inaturalist-open-data.s3.amazonaws.com/photos/218004435/original.jpeg,1827762,Farigia montana,Farigia,Notodontidae
1827768,,,,,849,,,7,https://inaturalist-open-data.s3.amazonaws.com/photos/207250116/original.jpeg,1827768,Farigia foliata,Farigia,Notodontidae
1827845,,,,,850,,,14,https://inaturalist-open-data.s3.amazonaws.com/photos/5902587/original.jpeg,1827845,Eragisa barnesi,Eragisa,Notodontidae
1827853,,,,,851,,,6,http://www.boldsystems.org/pics/MHANA/02-SRNP-23036-DHJ301351+1145645110.jpg,1827853,Chadisrochroa zabenilla,Chadisrochroa,Notodontidae
1827857,,,,,852,,,34,https://inaturalist-open-data.s3.amazonaws.com/photos/12816778/original.jpg,1827857,Strophocerus thermesia,Strophocerus,Notodontidae
1827861,,,,,853,,,12,https://inaturalist-open-data.s3.amazonaws.com/photos/91592679/original.jpeg,1827861,Strophocerus sericea,Strophocerus,Notodontidae
1827862,,,,,854,,,7,https://inaturalist-open-data.s3.amazonaws.com/photos/57018677/original.jpg,1827862,Strophocerus albonotata,Strophocerus,Notodontidae
1827911,,,,,855,,,33,https://inaturalist-open-data.s3.amazonaws.com/photos/200531938/original.jpeg,1827911,Phaeochlaena gyon,Phaeochlaena,Notodontidae
1828060,,,,,856,,,12,https://inaturalist-open-data.s3.amazonaws.com/photos/183193273/original.jpeg,1828060,Chliara cresus,Chliara,Notodontidae
1830681,,,,,857,,,656,https://inaturalist-open-data.s3.amazonaws.com/photos/291613549/original.jpg,1830681,Atteva punctella,Atteva,Attevidae
1830682,,,,,858,,,9,https://inaturalist-open-data.s3.amazonaws.com/photos/12438540/original.jpeg,1830682,Atteva zebra,Atteva,Attevidae
1834592,,,,,859,,,7,https://inaturalist-open-data.s3.amazonaws.com/photos/121744432/original.jpeg,1834592,Thioscelis directrix,Thioscelis,Depressariidae
1835142,,,,,860,,,11,https://inaturalist-open-data.s3.amazonaws.com/photos/157657048/original.jpeg,1835142,Filinota ignita,Filinota,Depressariidae
1836059,,,,,861,,,4,https://inaturalist-open-data.s3.amazonaws.com/photos/239836248/original.jpeg,1836059,Cerconota carbonifer,Cerconota,Depressariidae
1836188,,,,,862,,,4,https://inaturalist-open-data.s3.amazonaws.com/photos/12219394/original.jpeg,1836188,Stenoma byssina,Stenoma,Depressariidae
1836279,,,,,863,,,14,https://inaturalist-open-data.s3.amazonaws.com/photos/84476329/original.jpeg,1836279,Stenoma exarata,Stenoma,Depressariidae
1836975,,,,,864,,,4,https://inaturalist-open-data.s3.amazonaws.com/photos/75635667/original.jpg,1836975,Lethata trochalosticta,Lethata,Depressariidae
1838422,,,,,865,,,13,https://inaturalist-open-data.s3.amazonaws.com/photos/120165494/original.jpeg,1838422,Antaeotricha renselariana,Antaeotricha,Depressariidae
1845314,,,,,866,,,167,https://inaturalist-open-data.s3.amazonaws.com/photos/268646687/original.jpeg,1845314,Ethmia bittenella,Ethmia,Ethmiidae
1845326,,,,,867,,,6,https://inaturalist-open-data.s3.amazonaws.com/photos/242551596/original.jpeg,1845326,Ethmia terpnota,Ethmia,Ethmiidae
1845339,,,,,868,,,13,https://inaturalist-open-data.s3.amazonaws.com/photos/84484322/original.jpeg,1845339,Ethmia festiva,Ethmia,Ethmiidae
1845385,,,,,869,,,630,https://inaturalist-open-data.s3.amazonaws.com/photos/17825836/original.jpeg,1845385,Ethmia delliella,Ethmia,Ethmiidae
1850574,,,,,870,,,4,https://inaturalist-open-data.s3.amazonaws.com/photos/338097497/original.jpeg,1850574,Helcystogramma perceptella,Helcystogramma,Gelechiidae
1851237,,,,,871,,,22,http://n2t.net/ark:/65665/m34388ce10-945c-44bb-9aa1-fec3f7525273,1851237,Aroga paraplutella,Aroga,Gelechiidae
1853240,,,,,872,,,9,https://inaturalist-open-data.s3.amazonaws.com/photos/174135261/original.jpeg,1853240,Arrhenophanes volcanica,Arrhenophanes,Psychidae
1853242,,,,,873,,,67,https://inaturalist-open-data.s3.amazonaws.com/photos/258340078/original.jpg,1853242,Arrhenophanes perspicilla,Arrhenophanes,Psychidae
1857380,,,,,874,,,52,https://inaturalist-open-data.s3.amazonaws.com/photos/354107783/original.jpeg,1857380,Erechthias zebrina,Erechthias,Tineidae
1857626,,,,,875,,,608,https://inaturalist-open-data.s3.amazonaws.com/photos/234849156/original.jpeg,1857626,Tineola bisselliella,Tineola,Tineidae
1858283,,,,,876,,,163,https://inaturalist-open-data.s3.amazonaws.com/photos/180964829/original.jpg,1858283,Phereoeca uterella,Phereoeca,Tineidae
1858637,,,,,877,,,559,https://inaturalist-open-data.s3.amazonaws.com/photos/81170788/original.jpeg,1858637,Cnaemidophorus rhododactyla,Cnaemidophorus,Pterophoridae
1860229,,,,,878,,,7,https://inaturalist-open-data.s3.amazonaws.com/photos/12223129/original.jpg,1860229,Brenthia hexaselena,Brenthia,Choreutidae
1860434,,,,,879,,,69,http://www.boldsystems.org/pics/MHMYL/16-SRNP-26665-DHJ922788+1499267070.jpg,1860434,Tortyra cuprinella,Tortyra,Choreutidae
1860989,,,,,880,,,193,https://inaturalist-open-data.s3.amazonaws.com/photos/294138223/original.jpeg,1860989,Adela ridingsella,Adela,Adelidae
1861478,,,,,881,,,11,https://inaturalist-open-data.s3.amazonaws.com/photos/257525888/original.jpeg,1861478,Unzela pronoe,Unzela,Sphingidae
1861479,,,,,882,,,65,https://inaturalist-open-data.s3.amazonaws.com/photos/197123322/original.jpeg,1861479,Unzela japix,Unzela,Sphingidae
1861558,,,,,883,,,42,https://inaturalist-open-data.s3.amazonaws.com/photos/62563142/original.jpg,1861558,Perigonia stulta,Perigonia,Sphingidae
1861559,,,,,884,,,237,https://inaturalist-open-data.s3.amazonaws.com/photos/170594289/original.jpeg,1861559,Perigonia lusca,Perigonia,Sphingidae
1861568,,,,,885,,,20,https://inaturalist-open-data.s3.amazonaws.com/photos/99103066/original.jpeg,1861568,Perigonia ilus,Perigonia,Sphingidae
1861571,,,,,886,,,7,https://inaturalist-open-data.s3.amazonaws.com/photos/342804274/original.jpeg,1861571,Perigonia pallida,Perigonia,Sphingidae
1861747,,,,,887,,,39,https://inaturalist-open-data.s3.amazonaws.com/photos/213528327/original.jpeg,1861747,Stolidoptera tachasara,Stolidoptera,Sphingidae
1861773,,,,,888,,,560,https://inaturalist-open-data.s3.amazonaws.com/photos/198616993/original.jpeg,1861773,Cocytius duponchel,Cocytius,Sphingidae
1861778,,,,,889,,,7,https://inaturalist-open-data.s3.amazonaws.com/photos/173461705/original.jpeg,1861778,Cocytius mortuorum,Cocytius,Sphingidae
1861783,,,,,890,,,88,https://inaturalist-open-data.s3.amazonaws.com/photos/323399849/original.jpeg,1861783,Cocytius lucifer,Cocytius,Sphingidae
1861784,,,,,891,,,317,https://inaturalist-open-data.s3.amazonaws.com/photos/214706587/original.jpeg,1861784,Cocytius antaeus,Cocytius,Sphingidae
1861788,,,,,892,,,10,https://inaturalist-open-data.s3.amazonaws.com/photos/139060771/original.jpg,1861788,Cocytius beelzebuth,Cocytius,Sphingidae
1861963,,,,,893,,,19,https://inaturalist-open-data.s3.amazonaws.com/photos/32516119/original.jpeg,1861963,Euryglottis dognini,Euryglottis,Sphingidae
1861967,,,,,894,,,138,https://inaturalist-open-data.s3.amazonaws.com/photos/62669965/original.jpg,1861967,Euryglottis aper,Euryglottis,Sphingidae
1862033,,,,,895,,,85,https://inaturalist-open-data.s3.amazonaws.com/photos/388445732/original.jpeg,1862033,Callionima nomius,Callionima,Sphingidae
1862042,,,,,896,,,26,https://inaturalist-open-data.s3.amazonaws.com/photos/107459267/original.jpg,1862042,Callionima denticulata,Callionima,Sphingidae
1862044,,,,,897,,,175,https://inaturalist-open-data.s3.amazonaws.com/photos/32005033/original.jpg,1862044,Callionima falcifera,Callionima,Sphingidae
1862047,,,,,898,,,64,https://inaturalist-open-data.s3.amazonaws.com/photos/103664077/original.jpeg,1862047,Callionima inuus,Callionima,Sphingidae
1862049,,,,,899,,,108,https://inaturalist-open-data.s3.amazonaws.com/photos/174496449/original.jpeg,1862049,Callionima parce,Callionima,Sphingidae
1862050,,,,,900,,,13,https://inaturalist-open-data.s3.amazonaws.com/photos/220608023/original.jpg,1862050,Callionima pan,Callionima,Sphingidae
1862078,,,,,901,,,157,https://inaturalist-open-data.s3.amazonaws.com/photos/157520989/original.jpeg,1862078,Xylophanes anubus,Xylophanes,Sphingidae
1862083,,,,,902,,,64,https://inaturalist-open-data.s3.amazonaws.com/photos/350047169/original.jpg,1862083,Xylophanes crotonis,Xylophanes,Sphingidae
1862087,,,,,903,,,298,https://inaturalist-open-data.s3.amazonaws.com/photos/66166795/original.jpg,1862087,Xylophanes ceratomioides,Xylophanes,Sphingidae
1862088,,,,,904,,,85,https://inaturalist-open-data.s3.amazonaws.com/photos/359342518/original.jpeg,1862088,Xylophanes porcus,Xylophanes,Sphingidae
1862091,,,,,905,,,110,https://inaturalist-open-data.s3.amazonaws.com/photos/264505248/original.jpeg,1862091,Xylophanes zurcheri,Xylophanes,Sphingidae
1862092,,,,,906,,,25,https://inaturalist-open-data.s3.amazonaws.com/photos/335178779/original.jpeg,1862092,Xylophanes amadis,Xylophanes,Sphingidae
1862094,,,,,907,,,74,https://inaturalist-open-data.s3.amazonaws.com/photos/221564718/original.jpg,1862094,Xylophanes titana,Xylophanes,Sphingidae
1862096,,,,,908,,,60,https://inaturalist-open-data.s3.amazonaws.com/photos/345301403/original.jpeg,1862096,Xylophanes loelia,Xylophanes,Sphingidae
1862101,,,,,909,,,58,https://inaturalist-open-data.s3.amazonaws.com/photos/8524634/original.jpeg,1862101,Xylophanes hannemanni,Xylophanes,Sphingidae
1862117,,,,,910,,,13,https://inaturalist-open-data.s3.amazonaws.com/photos/248823945/original.jpg,1862117,Xylophanes pistacina,Xylophanes,Sphingidae
1862119,,,,,911,,,19,https://inaturalist-open-data.s3.amazonaws.com/photos/12711250/original.jpeg,1862119,Xylophanes docilis,Xylophanes,Sphingidae
1862120,,,,,912,,,17,https://inaturalist-open-data.s3.amazonaws.com/photos/174058801/original.jpeg,1862120,Xylophanes mirabilis,Xylophanes,Sphingidae
1862123,,,,,913,,,589,https://inaturalist-open-data.s3.amazonaws.com/photos/212749779/original.jpeg,1862123,Xylophanes chiron,Xylophanes,Sphingidae
1862124,,,,,914,,,9,https://inaturalist-open-data.s3.amazonaws.com/photos/200952269/original.jpg,1862124,Xylophanes jordani,Xylophanes,Sphingidae
1862126,,,,,915,,,19,https://inaturalist-open-data.s3.amazonaws.com/photos/57544293/original.jpg,1862126,Xylophanes guianensis,Xylophanes,Sphingidae
1862128,,,,,916,,,11,https://inaturalist-open-data.s3.amazonaws.com/photos/43186430/original.jpg,1862128,Xylophanes staudingeri,Xylophanes,Sphingidae
1862139,,,,,917,,,43,https://inaturalist-open-data.s3.amazonaws.com/photos/29495422/original.jpg,1862139,Xylophanes belti,Xylophanes,Sphingidae
1862140,,,,,918,,,5,https://inaturalist-open-data.s3.amazonaws.com/photos/6414572/original.jpeg,1862140,Xylophanes godmani,Xylophanes,Sphingidae
1862145,,,,,919,,,9,https://inaturalist-open-data.s3.amazonaws.com/photos/337534168/original.jpeg,1862145,Xylophanes adalia,Xylophanes,Sphingidae
1862160,,,,,920,,,26,https://inaturalist-open-data.s3.amazonaws.com/photos/340097712/original.jpeg,1862160,Xylophanes acrus,Xylophanes,Sphingidae
1862161,,,,,921,,,15,https://inaturalist-open-data.s3.amazonaws.com/photos/46180332/original.jpeg,1862161,Xylophanes virescens,Xylophanes,Sphingidae
1862163,,,,,922,,,52,https://inaturalist-open-data.s3.amazonaws.com/photos/154815813/original.jpeg,1862163,Xylophanes thyelia,Xylophanes,Sphingidae
1862170,,,,,923,,,36,https://inaturalist-open-data.s3.amazonaws.com/photos/195778538/original.jpeg,1862170,Xylophanes germen,Xylophanes,Sphingidae
1862181,,,,,924,,,547,https://inaturalist-open-data.s3.amazonaws.com/photos/69486376/original.jpeg,1862181,Xylophanes pluto,Xylophanes,Sphingidae
1862184,,,,,925,,,25,https://inaturalist-open-data.s3.amazonaws.com/photos/256203879/original.jpg,1862184,Xylophanes undata,Xylophanes,Sphingidae
1862185,,,,,926,,,6,https://observation.org/photos/86599448.jpg,1862185,Xylophanes maculator,Xylophanes,Sphingidae
1862187,,,,,927,,,19,https://inaturalist-open-data.s3.amazonaws.com/photos/63726019/original.jpeg,1862187,Xylophanes libya,Xylophanes,Sphingidae
1862190,,,,,928,,,6,https://inaturalist-open-data.s3.amazonaws.com/photos/176778221/original.jpeg,1862190,Xylophanes rhodina,Xylophanes,Sphingidae
1862198,,,,,929,,,981,https://inaturalist-open-data.s3.amazonaws.com/photos/93408897/original.jpeg,1862198,Xylophanes tersa,Xylophanes,Sphingidae
1862201,,,,,930,,,13,https://inaturalist-open-data.s3.amazonaws.com/photos/182974831/original.jpeg,1862201,Xylophanes rothschildi,Xylophanes,Sphingidae
1862203,,,,,931,,,13,https://inaturalist-open-data.s3.amazonaws.com/photos/333022126/original.jpeg,1862203,Xylophanes resta,Xylophanes,Sphingidae
1862207,,,,,932,,,35,https://inaturalist-open-data.s3.amazonaws.com/photos/248200366/original.jpg,1862207,Xylophanes tyndarus,Xylophanes,Sphingidae
1862215,,,,,933,,,113,http://www.boldsystems.org/pics/BLPBG/07-SRNP-103734_DHJ613698+1181081946.jpg,1862215,Xylophanes cyrene,Xylophanes,Sphingidae
1862218,,,,,934,,,11,https://inaturalist-open-data.s3.amazonaws.com/photos/81005069/original.jpeg,1862218,Xylophanes turbata,Xylophanes,Sphingidae
1862225,,,,,935,,,52,https://inaturalist-open-data.s3.amazonaws.com/photos/104276861/original.jpeg,1862225,Xylophanes pyrrhus,Xylophanes,Sphingidae
1862547,,,,,936,,,1000,https://inaturalist-open-data.s3.amazonaws.com/photos/267819770/original.jpeg,1862547,Protambulyx strigilis,Protambulyx,Sphingidae
1862551,,,,,937,,,104,https://inaturalist-open-data.s3.amazonaws.com/photos/111034036/original.jpeg,1862551,Protambulyx eurycles,Protambulyx,Sphingidae
1862552,,,,,938,,,40,https://inaturalist-open-data.s3.amazonaws.com/photos/104853729/original.jpeg,1862552,Protambulyx goeldii,Protambulyx,Sphingidae
1862658,,,,,939,,,85,https://inaturalist-open-data.s3.amazonaws.com/photos/263427752/original.jpeg,1862658,Amphimoea walkeri,Amphimoea,Sphingidae
1862923,,,,,940,,,71,https://inaturalist-open-data.s3.amazonaws.com/photos/368233332/original.jpeg,1862923,Cautethia spuria,Cautethia,Sphingidae
1862930,,,,,941,,,13,https://observation.org/photos/86631858.jpg,1862930,Cautethia yucatana,Cautethia,Sphingidae
1863102,,,,,942,,,19,https://inaturalist-open-data.s3.amazonaws.com/photos/236452509/original.jpeg,1863102,Aleuron carinata,Aleuron,Sphingidae
1863107,,,,,943,,,28,https://inaturalist-open-data.s3.amazonaws.com/photos/213589972/original.jpeg,1863107,Aleuron iphis,Aleuron,Sphingidae
1863109,,,,,944,,,66,https://inaturalist-open-data.s3.amazonaws.com/photos/56728526/original.jpg,1863109,Aleuron chloroptera,Aleuron,Sphingidae
1863112,,,,,945,,,14,https://inaturalist-open-data.s3.amazonaws.com/photos/57777418/original.jpeg,1863112,Aleuron neglectum,Aleuron,Sphingidae
1863141,,,,,946,,,18,https://inaturalist-open-data.s3.amazonaws.com/photos/330135994/original.jpeg,1863141,Nyceryx tacita,Nyceryx,Sphingidae
1863142,,,,,947,,,4,https://inaturalist-open-data.s3.amazonaws.com/photos/247531561/original.jpeg,1863142,Nyceryx ericea,Nyceryx,Sphingidae
1863144,,,,,948,,,5,https://ecdysis.org/imglib/scan/MISSA_MEM/MEM388/MEM388845_Nyceryx_magna_IWF_1562098098_lg.jpg,1863144,Nyceryx magna,Nyceryx,Sphingidae
1863146,,,,,949,,,10,https://inaturalist-open-data.s3.amazonaws.com/photos/103668760/original.jpeg,1863146,Nyceryx stuarti,Nyceryx,Sphingidae
1863148,,,,,950,,,7,https://inaturalist-open-data.s3.amazonaws.com/photos/252178946/original.jpg,1863148,Nyceryx coffaeae,Nyceryx,Sphingidae
1863151,,,,,951,,,55,https://inaturalist-open-data.s3.amazonaws.com/photos/247583352/original.jpeg,1863151,Nyceryx riscus,Nyceryx,Sphingidae
1863152,,,,,952,,,17,https://inaturalist-open-data.s3.amazonaws.com/photos/132550075/original.jpg,1863152,Nyceryx eximia,Nyceryx,Sphingidae
1863366,,,,,953,,,182,https://inaturalist-open-data.s3.amazonaws.com/photos/309820784/original.jpeg,1863366,Pseudosphinx tetrio,Pseudosphinx,Sphingidae
1863412,,,,,954,,,179,https://inaturalist-open-data.s3.amazonaws.com/photos/63147778/original.jpeg,1863412,Neococytius cluentius,Neococytius,Sphingidae
1863414,,,,,955,,,24,https://inaturalist-open-data.s3.amazonaws.com/photos/369491178/original.jpg,1863414,Madoryx bubastus,Madoryx,Sphingidae
1863416,,,,,956,,,62,https://inaturalist-open-data.s3.amazonaws.com/photos/165501815/original.jpg,1863416,Madoryx oiclus,Madoryx,Sphingidae
1863426,,,,,957,,,79,https://inaturalist-open-data.s3.amazonaws.com/photos/199958834/original.jpg,1863426,Madoryx plutonius,Madoryx,Sphingidae
1863699,,,,,958,,,97,https://mediaphoto.mnhn.fr/media/1707924088538n2YZcIXDahHJ4Cdl,1863699,Hemeroplanes triptolemus,Hemeroplanes,Sphingidae
1863701,,,,,959,,,96,https://inaturalist-open-data.s3.amazonaws.com/photos/133664251/original.jpg,1863701,Hemeroplanes ornatus,Hemeroplanes,Sphingidae
1863706,,,,,960,,,542,https://inaturalist-open-data.s3.amazonaws.com/photos/29006912/original.jpeg,1863706,Pachylioides resumens,Pachylioides,Sphingidae
1863714,,,,,961,,,370,https://inaturalist-open-data.s3.amazonaws.com/photos/333306028/original.jpeg,1863714,Adhemarius gannascus,Adhemarius,Sphingidae
1863724,,,,,962,,,107,https://inaturalist-open-data.s3.amazonaws.com/photos/392799826/original.jpeg,1863724,Adhemarius palmeri,Adhemarius,Sphingidae
1863725,,,,,963,,,32,https://inaturalist-open-data.s3.amazonaws.com/photos/253863024/original.jpg,1863725,Adhemarius gagarini,Adhemarius,Sphingidae
1863729,,,,,964,,,13,https://inaturalist-open-data.s3.amazonaws.com/photos/104854026/original.jpeg,1863729,Adhemarius fulvescens,Adhemarius,Sphingidae
1863730,,,,,965,,,50,https://inaturalist-open-data.s3.amazonaws.com/photos/351776873/original.jpeg,1863730,Adhemarius tigrina,Adhemarius,Sphingidae
1863732,,,,,966,,,102,https://inaturalist-open-data.s3.amazonaws.com/photos/176821948/original.jpeg,1863732,Adhemarius ypsilon,Adhemarius,Sphingidae
1863734,,,,,967,,,156,https://inaturalist-open-data.s3.amazonaws.com/photos/283744403/original.jpg,1863734,Adhemarius dariensis,Adhemarius,Sphingidae
1863735,,,,,968,,,132,https://inaturalist-open-data.s3.amazonaws.com/photos/321526083/original.jpg,1863735,Adhemarius sexoculata,Adhemarius,Sphingidae
1863742,,,,,969,,,128,https://inaturalist-open-data.s3.amazonaws.com/photos/386174870/original.jpg,1863742,Adhemarius daphne,Adhemarius,Sphingidae
1863757,,,,,970,,,120,https://inaturalist-open-data.s3.amazonaws.com/photos/356256720/original.jpeg,1863757,Eupyrrhoglossum sagra,Eupyrrhoglossum,Sphingidae
1863856,,,,,971,,,1000,https://inaturalist-open-data.s3.amazonaws.com/photos/269051264/original.jpg,1863856,Pachylia ficus,Pachylia,Sphingidae
1863858,,,,,972,,,187,https://inaturalist-open-data.s3.amazonaws.com/photos/320050787/original.jpeg,1863858,Pachylia darceta,Pachylia,Sphingidae
1863864,,,,,973,,,284,https://inaturalist-open-data.s3.amazonaws.com/photos/266065130/original.jpeg,1863864,Pachylia syces,Pachylia,Sphingidae
1863976,,,,,974,,,13,https://inaturalist-open-data.s3.amazonaws.com/photos/139759209/original.jpg,1863976,Manduca dalica,Manduca,Sphingidae
1863980,,,,,975,,,137,http://www.boldsystems.org/pics/JSPC/02-SRNP-19136-DHJ35728.jpg,1863980,Manduca corallina,Manduca,Sphingidae
1863987,,,,,976,,,11,https://inaturalist-open-data.s3.amazonaws.com/photos/207267207/original.jpg,1863987,Manduca dilucida,Manduca,Sphingidae
1863999,,,,,977,,,47,https://inaturalist-open-data.s3.amazonaws.com/photos/31669104/original.jpeg,1863999,Manduca ochus,Manduca,Sphingidae
1864004,,,,,978,,,644,http://www.boldsystems.org/pics/BLPBF/07-SRNP-102303_DHJ612267+1178199222.jpg,1864004,Manduca florestan,Manduca,Sphingidae
1864006,,,,,979,,,17,https://inaturalist-open-data.s3.amazonaws.com/photos/300631061/original.jpg,1864006,Manduca lanuginosa,Manduca,Sphingidae
1864021,,,,,980,,,461,https://inaturalist-open-data.s3.amazonaws.com/photos/135271656/original.jpg,1864021,Manduca rustica,Manduca,Sphingidae
1864046,,,,,981,,,80,https://inaturalist-open-data.s3.amazonaws.com/photos/302356783/original.jpeg,1864046,Manduca occulta,Manduca,Sphingidae
1864047,,,,,982,,,10,https://inaturalist-open-data.s3.amazonaws.com/photos/44981694/original.jpg,1864047,Manduca trimacula,Manduca,Sphingidae
1864053,,,,,983,,,50,https://inaturalist-open-data.s3.amazonaws.com/photos/304800393/original.jpg,1864053,Manduca pellenia,Manduca,Sphingidae
1864058,,,,,984,,,46,https://inaturalist-open-data.s3.amazonaws.com/photos/1230482/original.jpg,1864058,Manduca albiplaga,Manduca,Sphingidae
1864068,,,,,985,,,57,https://inaturalist-open-data.s3.amazonaws.com/photos/120709215/original.jpeg,1864068,Manduca hannibal,Manduca,Sphingidae
1864070,,,,,986,,,111,https://inaturalist-open-data.s3.amazonaws.com/photos/19220555/original.jpeg,1864070,Manduca muscosa,Manduca,Sphingidae
1864084,,,,,987,,,73,https://inaturalist-open-data.s3.amazonaws.com/photos/107134980/original.jpg,1864084,Manduca diffissa,Manduca,Sphingidae
1864098,,,,,988,,,45,https://inaturalist-open-data.s3.amazonaws.com/photos/66382387/original.jpeg,1864098,Manduca lefeburii,Manduca,Sphingidae
1864106,,,,,989,,,63,https://inaturalist-open-data.s3.amazonaws.com/photos/122117339/original.jpeg,1864106,Manduca schausi,Manduca,Sphingidae
1864249,,,,,990,,,6,https://inaturalist-open-data.s3.amazonaws.com/photos/247078915/original.jpg,1864249,Pachygonidia drucei,Pachygonidia,Sphingidae
1864316,,,,,991,,,1000,https://inaturalist-open-data.s3.amazonaws.com/photos/30120924/original.jpg,1864316,Erinnyis ello,Erinnyis,Sphingidae
1864320,,,,,992,,,429,https://bugguide.net/images/cache/JRK/QCR/JRKQCRSQAR60JQN0L060H060K090Q07QDRU0Q0N0TR60DQG0YQG0URHQCQLQFQM0VRM0DQRQVRHQFR20FRW0YQHQDQ.jpg,1864320,Erinnyis alope,Erinnyis,Sphingidae
1864321,,,,,993,,,89,https://inaturalist-open-data.s3.amazonaws.com/photos/50534471/original.jpeg,1864321,Erinnyis lassauxi,Erinnyis,Sphingidae
1864328,,,,,994,,,59,https://inaturalist-open-data.s3.amazonaws.com/photos/354260437/original.jpeg,1864328,Erinnyis yucatana,Erinnyis,Sphingidae
1864329,,,,,995,,,199,https://inaturalist-open-data.s3.amazonaws.com/photos/109789624/original.jpeg,1864329,Erinnyis crameri,Erinnyis,Sphingidae
1864352,,,,,996,,,626,https://inaturalist-open-data.s3.amazonaws.com/photos/228573686/original.jpeg,1864352,Erinnyis obscura,Erinnyis,Sphingidae
1864852,,,,,997,,,6,https://inaturalist-open-data.s3.amazonaws.com/photos/220478880/original.jpeg,1864852,Pseudautomeris salmonea,Pseudautomeris,Saturniidae
1864905,,,,,998,,,222,https://inaturalist-open-data.s3.amazonaws.com/photos/244708076/original.jpg,1864905,Syssphinx molina,Syssphinx,Saturniidae
1864949,,,,,999,,,12,https://inaturalist-open-data.s3.amazonaws.com/photos/348899271/original.jpeg,1864949,Dirphia horcana,Dirphia,Saturniidae
1864965,,,,,1000,,,7,https://inaturalist-open-data.s3.amazonaws.com/photos/285886298/original.jpg,1864965,Dirphia brevifurca,Dirphia,Saturniidae
1865015,,,,,1001,,,5,https://inaturalist-open-data.s3.amazonaws.com/photos/248894260/original.jpeg,1865015,Dirphia crassifurca,Dirphia,Saturniidae
1865055,,,,,1002,,,96,https://inaturalist-open-data.s3.amazonaws.com/photos/253052183/original.jpeg,1865055,Dirphia avia,Dirphia,Saturniidae
1865107,,,,,1003,,,1000,https://inaturalist-open-data.s3.amazonaws.com/photos/221362698/original.jpg,1865107,Eacles imperialis,Eacles,Saturniidae
1865108,,,,,1004,,,102,https://inaturalist-open-data.s3.amazonaws.com/photos/79092313/original.png,1865108,Eacles ormondei,Eacles,Saturniidae
1865112,,,,,1005,,,18,https://inaturalist-open-data.s3.amazonaws.com/photos/123096098/original.jpeg,1865112,Eacles masoni,Eacles,Saturniidae
1865132,,,,,1006,,,89,https://inaturalist-open-data.s3.amazonaws.com/photos/92990780/original.jpg,1865132,Eacles penelope,Eacles,Saturniidae
1865383,,,,,1007,,,6,https://inaturalist-open-data.s3.amazonaws.com/photos/175960708/original.jpg,1865383,Gamelia rindgei,Gamelia,Saturniidae
1865399,,,,,1008,,,6,http://www.boldsystems.org/pics/JSCR/04-SRNP-21150-DHJ91570.jpg,1865399,Gamelia septentrionalis,Gamelia,Saturniidae
1865403,,,,,1009,,,5,https://inaturalist-open-data.s3.amazonaws.com/photos/335766549/original.jpg,1865403,Gamelia musta,Gamelia,Saturniidae
1865551,,,,,1010,,,55,https://inaturalist-open-data.s3.amazonaws.com/photos/107472795/original.jpg,1865551,Citheronia lobesis,Citheronia,Saturniidae
1865557,,,,,1011,,,94,https://inaturalist-open-data.s3.amazonaws.com/photos/57598833/original.jpg,1865557,Citheronia phoronea,Citheronia,Saturniidae
1865572,,,,,1012,,,64,https://inaturalist-open-data.s3.amazonaws.com/photos/110530250/original.jpeg,1865572,Citheronia bellavista,Citheronia,Saturniidae
1865574,,,,,1013,,,35,https://inaturalist-open-data.s3.amazonaws.com/photos/214521252/original.jpeg,1865574,Citheronia equatorialis,Citheronia,Saturniidae
1865641,,,,,1014,,,16,https://inaturalist-open-data.s3.amazonaws.com/photos/85218797/original.jpeg,1865641,Schausiella subochreata,Schausiella,Saturniidae
1865709,,,,,1015,,,38,https://inaturalist-open-data.s3.amazonaws.com/photos/317141011/original.jpg,1865709,Hyperchiria nausica,Hyperchiria,Saturniidae
1865752,,,,,1016,,,32,https://inaturalist-open-data.s3.amazonaws.com/photos/106402486/original.jpeg,1865752,Adeloneivaia boisduvalii,Adeloneivaia,Saturniidae
1865763,,,,,1017,,,17,https://inaturalist-open-data.s3.amazonaws.com/photos/93260612/original.jpeg,1865763,Adeloneivaia isara,Adeloneivaia,Saturniidae
1865764,,,,,1018,,,130,https://inaturalist-open-data.s3.amazonaws.com/photos/174870740/original.jpg,1865764,Adeloneivaia subangulata,Adeloneivaia,Saturniidae
1865778,,,,,1019,,,26,https://inaturalist-open-data.s3.amazonaws.com/photos/12352364/original.jpeg,1865778,Adeloneivaia jason,Adeloneivaia,Saturniidae
1865807,,,,,1020,,,12,https://inaturalist-open-data.s3.amazonaws.com/photos/29487455/original.jpg,1865807,Automerina auletes,Automerina,Saturniidae
1865837,,,,,1021,,,115,https://inaturalist-open-data.s3.amazonaws.com/photos/114006117/original.jpeg,1865837,Rhescyntis hippodamia,Rhescyntis,Saturniidae
1865963,,,,,1022,,,66,https://inaturalist-open-data.s3.amazonaws.com/photos/166479654/original.jpg,1865963,Automeris hamata,Automeris,Saturniidae
1865990,,,,,1023,,,19,https://inaturalist-open-data.s3.amazonaws.com/photos/253956125/original.jpg,1865990,Automeris larra,Automeris,Saturniidae
1866003,,,,,1024,,,190,http://www.boldsystems.org/pics/MHASB/06-SRNP-5289-DHJ353483+1175916930.jpg,1866003,Automeris belti,Automeris,Saturniidae
1866010,,,,,1025,,,36,https://inaturalist-open-data.s3.amazonaws.com/photos/350076599/original.jpeg,1866010,Automeris basalis,Automeris,Saturniidae
1866030,,,,,1026,,,9,https://inaturalist-open-data.s3.amazonaws.com/photos/14286389/original.jpeg,1866030,Automeris fieldi,Automeris,Saturniidae
1866036,,,,,1027,,,5,http://www.boldsystems.org/pics/MHMXX/08-SRNP-71089-DHJ392339+1237990642.jpg,1866036,Automeris rubrescens,Automeris,Saturniidae
1866055,,,,,1028,,,35,https://inaturalist-open-data.s3.amazonaws.com/photos/151543142/original.jpg,1866055,Automeris tridens,Automeris,Saturniidae
1866069,,,,,1029,,,10,https://inaturalist-open-data.s3.amazonaws.com/photos/256782954/original.jpeg,1866069,Automeris vomona,Automeris,Saturniidae
1866084,,,,,1030,,,9,https://inaturalist-open-data.s3.amazonaws.com/photos/60702439/original.jpg,1866084,Automeris janus,Automeris,Saturniidae
1866094,,,,,1031,,,11,https://inaturalist-open-data.s3.amazonaws.com/photos/249846475/original.jpeg,1866094,Automeris incarnata,Automeris,Saturniidae
1866100,,,,,1032,,,46,https://inaturalist-open-data.s3.amazonaws.com/photos/108757436/original.jpeg,1866100,Automeris zugana,Automeris,Saturniidae
1866105,,,,,1033,,,60,https://inaturalist-open-data.s3.amazonaws.com/photos/167172912/original.jpeg,1866105,Automeris jucunda,Automeris,Saturniidae
1866120,,,,,1034,,,221,http://www.boldsystems.org/pics/MHATC/04-SRNP-33800-DHJ379671+1213149742.jpg,1866120,Automeris banus,Automeris,Saturniidae
1866168,,,,,1035,,,15,https://inaturalist-open-data.s3.amazonaws.com/photos/111023588/original.jpeg,1866168,Automeris phrynon,Automeris,Saturniidae
1866175,,,,,1036,,,4,https://inaturalist-open-data.s3.amazonaws.com/photos/24642505/original.jpeg,1866175,Automeris kopturae,Automeris,Saturniidae
1866179,,,,,1037,,,15,https://inaturalist-open-data.s3.amazonaws.com/photos/58231764/original.jpg,1866179,Automeris pallidior,Automeris,Saturniidae
1866186,,,,,1038,,,13,https://inaturalist-open-data.s3.amazonaws.com/photos/204716705/original.jpg,1866186,Automeris exigua,Automeris,Saturniidae
1866201,,,,,1039,,,46,https://inaturalist-open-data.s3.amazonaws.com/photos/250595149/original.jpeg,1866201,Automeris postalbida,Automeris,Saturniidae
1866203,,,,,1040,,,47,https://inaturalist-open-data.s3.amazonaws.com/photos/245183096/original.jpg,1866203,Automeris metzli,Automeris,Saturniidae
1866209,,,,,1041,,,12,https://inaturalist-open-data.s3.amazonaws.com/photos/2983370/original.jpg,1866209,Automeris celata,Automeris,Saturniidae
1866311,,,,,1042,,,228,https://inaturalist-open-data.s3.amazonaws.com/photos/130205610/original.jpeg,1866311,Arsenura armida,Arsenura,Saturniidae
1866313,,,,,1043,,,6,https://inaturalist-open-data.s3.amazonaws.com/photos/345100585/original.jpeg,1866313,Arsenura ciocolatina,Arsenura,Saturniidae
1866321,,,,,1044,,,13,https://inaturalist-open-data.s3.amazonaws.com/photos/86845452/original.jpeg,1866321,Arsenura batesii,Arsenura,Saturniidae
1866496,,,,,1045,,,39,https://inaturalist-open-data.s3.amazonaws.com/photos/89852590/original.jpg,1866496,Antheraea godmani,Antheraea,Saturniidae
1866715,,,,,1046,,,8,https://inaturalist-open-data.s3.amazonaws.com/photos/67481743/original.jpeg,1866715,Ptiloscola dargei,Ptiloscola,Saturniidae
1866718,,,,,1047,,,5,https://inaturalist-open-data.s3.amazonaws.com/photos/353484144/original.jpeg,1866718,Ptiloscola lilacina,Ptiloscola,Saturniidae
1866871,,,,,1048,,,26,https://inaturalist-open-data.s3.amazonaws.com/photos/155554623/original.jpg,1866871,Cerodirphia avenata,Cerodirphia,Saturniidae
1866902,,,,,1049,,,123,https://inaturalist-open-data.s3.amazonaws.com/photos/41156648/original.jpg,1866902,Dysdaemonia boreas,Dysdaemonia,Saturniidae
1867051,,,,,1050,,,5,https://inaturalist-open-data.s3.amazonaws.com/photos/260539839/original.jpeg,1867051,Hylesia annulata,Hylesia,Saturniidae
1867073,,,,,1051,,,177,http://www.boldsystems.org/pics/MHMYL/16-SRNP-104619-DHJ691134+1528305664.JPG,1867073,Hylesia continua,Hylesia,Saturniidae
1867106,,,,,1052,,,33,https://inaturalist-open-data.s3.amazonaws.com/photos/48570319/original.jpg,1867106,Hylesia aeneides,Hylesia,Saturniidae
1867110,,,,,1053,,,20,https://inaturalist-open-data.s3.amazonaws.com/photos/172388065/original.jpg,1867110,Hylesia lineata,Hylesia,Saturniidae
1867147,,,,,1054,,,6,https://inaturalist-open-data.s3.amazonaws.com/photos/47063803/original.jpeg,1867147,Hylesia dalina,Hylesia,Saturniidae
1867174,,,,,1055,,,16,https://inaturalist-open-data.s3.amazonaws.com/photos/250987340/original.jpeg,1867174,Hylesia ebalus,Hylesia,Saturniidae
1867179,,,,,1056,,,5,https://inaturalist-open-data.s3.amazonaws.com/photos/3527231/original.JPG,1867179,Hylesia rufipes,Hylesia,Saturniidae
1867224,,,,,1057,,,144,https://inaturalist-open-data.s3.amazonaws.com/photos/339973055/original.jpeg,1867224,Hylesia nanus,Hylesia,Saturniidae
1867244,,,,,1058,,,8,https://inaturalist-open-data.s3.amazonaws.com/photos/260635356/original.jpeg,1867244,Molippa tusina,Molippa,Saturniidae
1867257,,,,,1059,,,5,https://inaturalist-open-data.s3.amazonaws.com/photos/252023758/original.jpeg,1867257,Molippa simillima,Molippa,Saturniidae
1867264,,,,,1060,,,6,https://inaturalist-open-data.s3.amazonaws.com/photos/109562001/original.jpeg,1867264,Molippa latemedia,Molippa,Saturniidae
1867495,,,,,1061,,,5,https://inaturalist-open-data.s3.amazonaws.com/photos/13625063/original.jpg,1867495,Copaxa simson,Copaxa,Saturniidae
1867508,,,,,1062,,,20,https://inaturalist-open-data.s3.amazonaws.com/photos/239346048/original.jpeg,1867508,Copaxa rufinans,Copaxa,Saturniidae
1867515,,,,,1063,,,50,https://inaturalist-open-data.s3.amazonaws.com/photos/115065598/original.jpeg,1867515,Copaxa decrescens,Copaxa,Saturniidae
1867521,,,,,1064,,,23,https://inaturalist-open-data.s3.amazonaws.com/photos/212156958/original.jpeg,1867521,Copaxa syntheratoides,Copaxa,Saturniidae
1867522,,,,,1065,,,11,https://inaturalist-open-data.s3.amazonaws.com/photos/45984053/original.jpeg,1867522,Copaxa escalantei,Copaxa,Saturniidae
1867528,,,,,1066,,,6,http://www.boldsystems.org/pics/JSCR/03-SRNP-30008-DHJ91593.jpg,1867528,Copaxa moinieri,Copaxa,Saturniidae
1867535,,,,,1067,,,63,https://inaturalist-open-data.s3.amazonaws.com/photos/129652096/original.jpeg,1867535,Copaxa multifenestrata,Copaxa,Saturniidae
1867540,,,,,1068,,,6,https://inaturalist-open-data.s3.amazonaws.com/photos/251885527/original.jpg,1867540,Copaxa curvilinea,Copaxa,Saturniidae
1867661,,,,,1069,,,6,https://inaturalist-open-data.s3.amazonaws.com/photos/338567893/original.jpeg,1867661,Adelowalkeria eugenia,Adelowalkeria,Saturniidae
1867668,,,,,1070,,,20,https://inaturalist-open-data.s3.amazonaws.com/photos/60806454/original.jpeg,1867668,Adelowalkeria flavosignata,Adelowalkeria,Saturniidae
1867760,,,,,1071,,,4,https://inaturalist-open-data.s3.amazonaws.com/photos/2031359/original.JPG,1867760,Grammopelta lineata,Grammopelta,Saturniidae
1867773,,,,,1072,,,77,https://inaturalist-open-data.s3.amazonaws.com/photos/46649634/original.jpeg,1867773,Copiopteryx semiramis,Copiopteryx,Saturniidae
1867976,,,,,1073,,,159,http://www.boldsystems.org/pics/MHATC/07-SRNP-36614-DHJ384725+1222375212.jpg,1867976,Lonomia electra,Lonomia,Saturniidae
1867979,,,,,1074,,,7,https://inaturalist-open-data.s3.amazonaws.com/photos/225312689/original.jpeg,1867979,Lonomia rufescens,Lonomia,Saturniidae
1868220,,,,,1075,,,17,https://inaturalist-open-data.s3.amazonaws.com/photos/239222585/original.jpeg,1868220,Quentalia numalia,Quentalia,Bombycidae
1868221,,,,,1076,,,7,https://inaturalist-open-data.s3.amazonaws.com/photos/224432432/original.jpeg,1868221,Quentalia subumbrata,Quentalia,Bombycidae
1868225,,,,,1077,,,7,https://ecdysis.org/imglib/scan/MISSA_MEM/MEM368/MEM368512_Quentalia_surynorta__1553192905_lg.jpg,1868225,Quentalia surynorta,Quentalia,Bombycidae
1868231,,,,,1078,,,14,https://inaturalist-open-data.s3.amazonaws.com/photos/60143375/original.jpg,1868231,Quentalia chromana,Quentalia,Bombycidae
1868243,,,,,1079,,,12,https://inaturalist-open-data.s3.amazonaws.com/photos/104031204/original.jpeg,1868243,Quentalia ephonia,Quentalia,Bombycidae
1868263,,,,,1080,,,8,https://inaturalist-open-data.s3.amazonaws.com/photos/178322513/original.jpeg,1868263,Quentalia melchthala,Quentalia,Bombycidae
1868334,,,,,1081,,,71,https://inaturalist-open-data.s3.amazonaws.com/photos/103507299/original.jpeg,1868334,Colla rhodope,Colla,Bombycidae
1868360,,,,,1082,,,82,https://inaturalist-open-data.s3.amazonaws.com/photos/110840709/original.jpeg,1868360,Anticla antica,Anticla,Bombycidae
1868383,,,,,1083,,,10,https://inaturalist-open-data.s3.amazonaws.com/photos/49476702/original.jpeg,1868383,Tamphana marmorea,Tamphana,Bombycidae
1868387,,,,,1084,,,7,https://inaturalist-open-data.s3.amazonaws.com/photos/301234168/original.jpeg,1868387,Phiditia lucernaria,Phiditia,Phiditiidae
1868512,,,,,1085,,,5,https://inaturalist-open-data.s3.amazonaws.com/photos/177291182/original.jpeg,1868512,Naprepa flexifera,Naprepa,Bombycidae
1868515,,,,,1086,,,4,https://inaturalist-open-data.s3.amazonaws.com/photos/94552302/original.jpg,1868515,Naprepa houla,Naprepa,Bombycidae
1868533,,,,,1087,,,6,https://inaturalist-open-data.s3.amazonaws.com/photos/58452125/original.jpeg,1868533,Olceclostera irrorata,Olceclostera,Apatelodidae
1868535,,,,,1088,,,603,https://inaturalist-open-data.s3.amazonaws.com/photos/221493939/original.jpeg,1868535,Olceclostera angelica,Olceclostera,Apatelodidae
1868536,,,,,1089,,,9,https://inaturalist-open-data.s3.amazonaws.com/photos/104040690/original.jpeg,1868536,Olceclostera nigripuncta,Olceclostera,Apatelodidae
1868545,,,,,1090,,,4,http://www.boldsystems.org/pics/BLPAA/19-SRNP-101511-DHJ710670+1683644014.JPG,1868545,Olceclostera amoria,Olceclostera,Apatelodidae
1868551,,,,,1091,,,7,https://inaturalist-open-data.s3.amazonaws.com/photos/110850293/original.jpeg,1868551,Olceclostera indentata,Olceclostera,Apatelodidae
1868552,,,,,1092,,,8,https://inaturalist-open-data.s3.amazonaws.com/photos/310258409/original.jpg,1868552,Olceclostera magniplaga,Olceclostera,Apatelodidae
1868559,,,,,1093,,,6,https://inaturalist-open-data.s3.amazonaws.com/photos/262338712/original.jpeg,1868559,Olceclostera brama,Olceclostera,Apatelodidae
1870036,,,,,1094,,,28,https://inaturalist-open-data.s3.amazonaws.com/photos/57755375/original.jpeg,1870036,Parachma rufoflavalis,Parachma,Pyralidae
1870154,,,,,1095,,,6,https://inaturalist-open-data.s3.amazonaws.com/photos/176931714/original.jpg,1870154,Piesmopoda flavicans,Piesmopoda,Pyralidae
1870308,,,,,1096,,,48,https://inaturalist-open-data.s3.amazonaws.com/photos/177947764/original.jpg,1870308,Mapeta xanthomelas,Mapeta,Pyralidae
1870727,,,,,1097,,,698,https://inaturalist-open-data.s3.amazonaws.com/photos/85015898/original.jpg,1870727,Pococera asperatella,Pococera,Pyralidae
1870746,,,,,1098,,,6,https://inaturalist-open-data.s3.amazonaws.com/photos/350263231/original.jpeg,1870746,Pococera sadotha,Pococera,Pyralidae
1870793,,,,,1099,,,7,https://scan-bugs.org:443/imglib/scan/misc/202203/SDNHM236474.JPG,1870793,Eurythmidia ignidorsella,Eurythmidia,Pyralidae
1871077,,,,,1100,,,21,https://inaturalist-open-data.s3.amazonaws.com/photos/60508397/original.jpg,1871077,Pachypodistes goeldii,Pachypodistes,Pyralidae
1871102,,,,,1101,,,21,https://inaturalist-open-data.s3.amazonaws.com/photos/286644978/original.jpeg,1871102,Azamora sororia,Azamora,Pyralidae
1871175,,,,,1102,,,693,https://inaturalist-open-data.s3.amazonaws.com/photos/299393232/original.jpeg,1871175,Galasa nigrinodis,Galasa,Pyralidae
1871189,,,,,1103,,,4,https://inaturalist-open-data.s3.amazonaws.com/photos/118375143/original.jpeg,1871189,Galasa costalis,Galasa,Pyralidae
1871961,,,,,1104,,,22,https://inaturalist-open-data.s3.amazonaws.com/photos/27872144/original.jpeg,1871961,Milgithea suramisa,Milgithea,Pyralidae
1871967,,,,,1105,,,16,https://inaturalist-open-data.s3.amazonaws.com/photos/183341515/original.jpeg,1871967,Tamyra ignitalis,Tamyra,Pyralidae
1872451,,,,,1106,,,8,https://inaturalist-open-data.s3.amazonaws.com/photos/299700518/original.jpg,1872451,Arta incurvalis,Arta,Pyralidae
1872452,,,,,1107,,,701,https://inaturalist-open-data.s3.amazonaws.com/photos/48360692/original.jpeg,1872452,Arta olivalis,Arta,Pyralidae
1872514,,,,,1108,,,1000,https://inaturalist-open-data.s3.amazonaws.com/photos/143470577/original.jpeg,1872514,Tosale oviplagalis,Tosale,Pyralidae
1872525,,,,,1109,,,12,https://inaturalist-open-data.s3.amazonaws.com/photos/253015205/original.jpeg,1872525,Cryptoses choloepi,Cryptoses,Pyralidae
1872873,,,,,1110,,,191,https://inaturalist-open-data.s3.amazonaws.com/photos/286777604/original.jpeg,1872873,Pyralis manihotalis,Pyralis,Pyralidae
1873079,,,,,1111,,,1000,https://inaturalist-open-data.s3.amazonaws.com/photos/163246529/original.jpg,1873079,Plodia interpunctella,Plodia,Pyralidae
1873319,,,,,1112,,,337,https://inaturalist-open-data.s3.amazonaws.com/photos/258494759/original.jpeg,1873319,Laetilia coccidivora,Laetilia,Pyralidae
1873369,,,,,1113,,,6,https://inaturalist-open-data.s3.amazonaws.com/photos/118308529/original.jpeg,1873369,Carcha violalis,Carcha,Pyralidae
1874531,,,,,1114,,,15,https://inaturalist-open-data.s3.amazonaws.com/photos/118465444/original.jpeg,1874531,Macalla niveorufa,Macalla,Pyralidae
1875443,,,,,1115,,,10,https://inaturalist-open-data.s3.amazonaws.com/photos/337505091/original.jpeg,1875443,Accinctapubes albifasciata,Accinctapubes,Pyralidae
1876187,,,,,1116,,,12,https://inaturalist-open-data.s3.amazonaws.com/photos/190246999/original.jpeg,1876187,Davara caricae,Davara,Pyralidae
1876569,,,,,1117,,,4,https://inaturalist-open-data.s3.amazonaws.com/photos/60197986/original.jpeg,1876569,Anarnatula subflavida,Anarnatula,Pyralidae
1876665,,,,,1118,,,699,https://inaturalist-open-data.s3.amazonaws.com/photos/194601625/original.jpg,1876665,Clydonopteron sacculana,Clydonopteron,Pyralidae
1877041,,,,,1119,,,21,https://inaturalist-open-data.s3.amazonaws.com/photos/270322960/original.jpeg,1877041,Xantippe olivalis,Xantippe,Pyralidae
1877282,,,,,1120,,,607,https://inaturalist-open-data.s3.amazonaws.com/photos/237288367/original.jpeg,1877282,Elasmopalpus lignosella,Elasmopalpus,Pyralidae
1877439,,,,,1121,,,9,https://inaturalist-open-data.s3.amazonaws.com/photos/217065729/original.jpeg,1877439,Salobrena vacuana,Salobrena,Pyralidae
1877456,,,,,1122,,,17,https://inaturalist-open-data.s3.amazonaws.com/photos/83784203/original.jpeg,1877456,Epidelia damia,Epidelia,Pyralidae
1877517,,,,,1123,,,4,https://ecdysis.org/imglib/scan/misc/202203/SDNHM236392.JPG,1877517,Oryctometopia fossulatella,Oryctometopia,Pyralidae
1877531,,,,,1124,,,27,https://inaturalist-open-data.s3.amazonaws.com/photos/90706845/original.jpeg,1877531,Paramacna nattereri,Paramacna,Pyralidae
1877532,,,,,1125,,,11,https://inaturalist-open-data.s3.amazonaws.com/photos/156574402/original.jpg,1877532,Paramacna arnea,Paramacna,Pyralidae
1877533,,,,,1126,,,6,https://inaturalist-open-data.s3.amazonaws.com/photos/118527960/original.jpeg,1877533,Paramacna herbacealis,Paramacna,Pyralidae
1878307,,,,,1127,,,27,https://inaturalist-open-data.s3.amazonaws.com/photos/216869406/original.jpeg,1878307,Bonchis munitalis,Bonchis,Pyralidae
1878423,,,,,1128,,,13,https://api.idigbio.org/v2/media/bb69fd29488f7b7001ce7c870c49774c?size=fullsize,1878423,Phidotricha erigens,Phidotricha,Pyralidae
1878470,,,,,1129,,,179,https://inaturalist-open-data.s3.amazonaws.com/photos/144041419/original.jpeg,1878470,Ephestia elutella,Ephestia,Pyralidae
1878668,,,,,1130,,,12,https://inaturalist-open-data.s3.amazonaws.com/photos/247436203/original.jpeg,1878668,Ategumia matutinalis,Ategumia,Crambidae
1879052,,,,,1131,,,46,https://inaturalist-open-data.s3.amazonaws.com/photos/244681419/original.jpeg,1879052,Trichaea pilicornis,Trichaea,Crambidae
1879160,,,,,1132,,,50,https://inaturalist-open-data.s3.amazonaws.com/photos/189611369/original.jpeg,1879160,Liopasia ochracealis,Liopasia,Crambidae
1880046,,,,,1133,,,14,https://inaturalist-open-data.s3.amazonaws.com/photos/263099562/original.jpeg,1880046,Crambus tenuistriga,Crambus,Crambidae
1880498,,,,,1134,,,30,https://inaturalist-open-data.s3.amazonaws.com/photos/217850864/original.jpeg,1880498,Mimophobetron pyropsalis,Mimophobetron,Crambidae
1880505,,,,,1135,,,77,https://inaturalist-open-data.s3.amazonaws.com/photos/111238923/original.jpeg,1880505,Sparagmia gonoptera,Sparagmia,Crambidae
1880536,,,,,1136,,,5,https://inaturalist-open-data.s3.amazonaws.com/photos/240532069/original.jpeg,1880536,Phostria samealis,Phostria,Crambidae
1880537,,,,,1137,,,48,https://inaturalist-open-data.s3.amazonaws.com/photos/52898130/original.jpg,1880537,Phostria dohrni,Phostria,Crambidae
1880596,,,,,1138,,,4,https://inaturalist-open-data.s3.amazonaws.com/photos/355362383/original.jpg,1880596,Phostria varialis,Phostria,Crambidae
1880608,,,,,1139,,,39,https://inaturalist-open-data.s3.amazonaws.com/photos/10703565/original.jpeg,1880608,Phostria tedea,Phostria,Crambidae
1880612,,,,,1140,,,16,https://inaturalist-open-data.s3.amazonaws.com/photos/222742229/original.jpeg,1880612,Phostria delilalis,Phostria,Crambidae
1880623,,,,,1141,,,30,https://inaturalist-open-data.s3.amazonaws.com/photos/34526290/original.jpg,1880623,Phostria temira,Phostria,Crambidae
1880647,,,,,1142,,,12,https://inaturalist-open-data.s3.amazonaws.com/photos/393146597/original.jpeg,1880647,Phostria metalobalis,Phostria,Crambidae
1881049,,,,,1143,,,20,https://inaturalist-open-data.s3.amazonaws.com/photos/145883951/original.jpeg,1881049,Eupoca bifascialis,Eupoca,Crambidae
1881079,,,,,1144,,,163,https://inaturalist-open-data.s3.amazonaws.com/photos/202045939/original.jpeg,1881079,Neoleucinodes elegantalis,Neoleucinodes,Crambidae
1881346,,,,,1145,,,7,https://inaturalist-open-data.s3.amazonaws.com/photos/203593245/original.jpg,1881346,Triuncidia eupalusalis,Triuncidia,Crambidae
1881766,,,,,1146,,,9,https://inaturalist-open-data.s3.amazonaws.com/photos/252938383/original.jpeg,1881766,Gonocausta zephyralis,Gonocausta,Crambidae
1881767,,,,,1147,,,86,https://inaturalist-open-data.s3.amazonaws.com/photos/317103853/original.jpeg,1881767,Gonocausta sabinalis,Gonocausta,Crambidae
1881813,,,,,1148,,,13,https://inaturalist-open-data.s3.amazonaws.com/photos/87144816/original.jpeg,1881813,Azochis pieralis,Azochis,Crambidae
1881817,,,,,1149,,,12,https://inaturalist-open-data.s3.amazonaws.com/photos/340096950/original.jpeg,1881817,Azochis curvilinealis,Azochis,Crambidae
1881822,,,,,1150,,,83,https://inaturalist-open-data.s3.amazonaws.com/photos/59307127/original.jpeg,1881822,Azochis rufidiscalis,Azochis,Crambidae
1881929,,,,,1151,,,11,https://inaturalist-open-data.s3.amazonaws.com/photos/181137766/original.jpg,1881929,Lygropia cernalis,Lygropia,Crambidae
1881993,,,,,1152,,,15,https://inaturalist-open-data.s3.amazonaws.com/photos/90008751/original.jpg,1881993,Dichogama redtenbacheri,Dichogama,Crambidae
1882301,,,,,1153,,,29,https://inaturalist-open-data.s3.amazonaws.com/photos/13189489/original.jpeg,1882301,Undulambia polystichalis,Undulambia,Pyralidae
1882393,,,,,1154,,,8,https://inaturalist-open-data.s3.amazonaws.com/photos/293073903/original.jpeg,1882393,Hoterodes ausonia,Hoterodes,Crambidae
1882812,,,,,1155,,,1000,https://inaturalist-open-data.s3.amazonaws.com/photos/226294778/original.jpeg,1882812,Conchylodes ovulalis,Conchylodes,Crambidae
1882814,,,,,1156,,,35,https://inaturalist-open-data.s3.amazonaws.com/photos/182688083/original.jpeg,1882814,Conchylodes bryophilalis,Conchylodes,Crambidae
1882818,,,,,1157,,,257,https://inaturalist-open-data.s3.amazonaws.com/photos/97219695/original.jpeg,1882818,Conchylodes salamisalis,Conchylodes,Crambidae
1882820,,,,,1158,,,11,https://inaturalist-open-data.s3.amazonaws.com/photos/291415586/original.jpeg,1882820,Conchylodes platinalis,Conchylodes,Crambidae
1882825,,,,,1159,,,6,https://inaturalist-open-data.s3.amazonaws.com/photos/74650794/original.jpeg,1882825,Conchylodes terminipuncta,Conchylodes,Crambidae
1882860,,,,,1160,,,19,https://inaturalist-open-data.s3.amazonaws.com/photos/164621645/original.jpeg,1882860,Myelobia smerintha,Myelobia,Crambidae
1882941,,,,,1161,,,679,https://inaturalist-open-data.s3.amazonaws.com/photos/100341696/original.jpeg,1882941,Herpetogramma bipunctalis,Herpetogramma,Crambidae
1882960,,,,,1162,,,1000,http://www.boldsystems.org/pics/MHAMA/04-SRNP-45857-DHJ335916+1365544276.jpg,1882960,Herpetogramma phaeopteralis,Herpetogramma,Crambidae
1882999,,,,,1163,,,35,https://inaturalist-open-data.s3.amazonaws.com/photos/251462447/original.jpeg,1882999,Cacographis osteolalis,Cacographis,Crambidae
1883038,,,,,1164,,,41,https://inaturalist-open-data.s3.amazonaws.com/photos/59664988/original.jpeg,1883038,Ancylostomia stercorea,Ancylostomia,Crambidae
1883054,,,,,1165,,,15,https://inaturalist-open-data.s3.amazonaws.com/photos/21301340/original.jpg,1883054,Trischistognatha pyrenealis,Trischistognatha,Crambidae
1883067,,,,,1166,,,599,https://inaturalist-open-data.s3.amazonaws.com/photos/310019012/original.jpeg,1883067,Diasemiopsis ramburialis,Diasemiopsis,Crambidae
1883826,,,,,1167,,,10,https://ecdysis.org/imglib/ecdysis/ASU_ASUHIC/ASUHIC0127/ASUHIC0127512_habitus_dorsal_1573161972_lg.jpg,1883826,Hydropionea fenestralis,Hydropionea,Crambidae
1883959,,,,,1168,,,12,https://inaturalist-open-data.s3.amazonaws.com/photos/8332728/original.jpg,1883959,Usingeriessa onyxalis,Usingeriessa,Crambidae
1883968,,,,,1169,,,1000,https://inaturalist-open-data.s3.amazonaws.com/photos/217864042/original.jpeg,1883968,Samea multiplicalis,Samea,Crambidae
1884437,,,,,1170,,,177,https://inaturalist-open-data.s3.amazonaws.com/photos/179374654/original.jpg,1884437,Parapoynx fluctuosalis,Parapoynx,Crambidae
1884479,,,,,1171,,,730,https://inaturalist-open-data.s3.amazonaws.com/photos/253016712/original.jpg,1884479,Parapoynx diminutalis,Parapoynx,Crambidae
1884774,,,,,1172,,,460,https://inaturalist-open-data.s3.amazonaws.com/photos/242484242/original.jpeg,1884774,Synclera traducalis,Synclera,Crambidae
1884786,,,,,1173,,,23,https://inaturalist-open-data.s3.amazonaws.com/photos/27745162/original.jpg,1884786,Phaedropsis stictigramma,Phaedropsis,Crambidae
1884791,,,,,1174,,,4,https://inaturalist-open-data.s3.amazonaws.com/photos/204909046/original.jpg,1884791,Stegea hermalis,Stegea,Crambidae
1884923,,,,,1175,,,271,https://inaturalist-open-data.s3.amazonaws.com/photos/243672891/original.jpeg,1884923,Condylorrhiza vestigialis,Condylorrhiza,Crambidae
1885103,,,,,1176,,,6,https://inaturalist-open-data.s3.amazonaws.com/photos/389967756/original.jpg,1885103,Pilocrocis cryptalis,Pilocrocis,Crambidae
1885152,,,,,1177,,,9,https://inaturalist-open-data.s3.amazonaws.com/photos/142469132/original.jpeg,1885152,Pilocrocis xanthozonalis,Pilocrocis,Crambidae
1885158,,,,,1178,,,378,https://inaturalist-open-data.s3.amazonaws.com/photos/172770073/original.jpeg,1885158,Pilocrocis ramentalis,Pilocrocis,Crambidae
1885178,,,,,1179,,,287,http://www.boldsystems.org/pics/MHMYI/09-SRNP-21620-DHJ525431+1283637164.jpg,1885178,Eulepte concordalis,Eulepte,Crambidae
1885187,,,,,1180,,,16,https://inaturalist-open-data.s3.amazonaws.com/photos/149269386/original.jpeg,1885187,Eulepte gastralis,Eulepte,Crambidae
1885642,,,,,1181,,,185,https://inaturalist-open-data.s3.amazonaws.com/photos/323255346/original.jpg,1885642,Apilocrocis brumalis,Apilocrocis,Crambidae
1885834,,,,,1182,,,13,https://inaturalist-open-data.s3.amazonaws.com/photos/65902433/original.jpg,1885834,Bradina aaronalis,Bradina,Crambidae
1885950,,,,,1183,,,1000,https://inaturalist-open-data.s3.amazonaws.com/photos/148737213/original.jpeg,1885950,Syngamia florella,Syngamia,Crambidae
1886374,,,,,1184,,,1000,http://www.boldsystems.org/pics/BLPDM/09-SRNP-111085-DHJ644320+1364927128.jpg,1886374,Hymenia perspectalis,Hymenia,Crambidae
1886500,,,,,1185,,,13,https://inaturalist-open-data.s3.amazonaws.com/photos/147898766/original.jpeg,1886500,Lipocosma nigripictalis,Lipocosma,Crambidae
1886729,,,,,1186,,,1000,https://inaturalist-open-data.s3.amazonaws.com/photos/21922372/original.jpg,1886729,Maruca vitrata,Maruca,Crambidae
1886886,,,,,1187,,,4,https://inaturalist-open-data.s3.amazonaws.com/photos/52345593/original.jpeg,1886886,Diatraea saccharalis,Diatraea,Crambidae
1887004,,,,,1188,,,212,https://inaturalist-open-data.s3.amazonaws.com/photos/160116996/original.jpeg,1887004,Diathrausta harlequinalis,Diathrausta,Crambidae
1887015,,,,,1189,,,5,https://farm1.staticflickr.com/699/23342308355_d6f7ec6c19.jpg,1887015,Diathrausta nerinalis,Diathrausta,Crambidae
1887557,,,,,1190,,,16,https://inaturalist-open-data.s3.amazonaws.com/photos/384218158/original.jpeg,1887557,Sisyracera subulalis,Sisyracera,Crambidae
1887634,,,,,1191,,,475,https://inaturalist-open-data.s3.amazonaws.com/photos/71166582/original.jpeg,1887634,Ommatospila narcaeusalis,Ommatospila,Crambidae
1887791,,,,,1192,,,7,https://inaturalist-open-data.s3.amazonaws.com/photos/385175005/original.jpg,1887791,Syllepte striginervalis,Syllepte,Crambidae
1887862,,,,,1193,,,15,https://inaturalist-open-data.s3.amazonaws.com/photos/389968248/original.jpg,1887862,Syllepte strigicincta,Syllepte,Crambidae
1887947,,,,,1194,,,6,https://inaturalist-open-data.s3.amazonaws.com/photos/364963045/original.jpg,1887947,Syllepte philetalis,Syllepte,Crambidae
1887987,,,,,1195,,,31,https://inaturalist-open-data.s3.amazonaws.com/photos/116437562/original.jpeg,1887987,Syllepte pactolalis,Syllepte,Crambidae
1888047,,,,,1196,,,30,https://inaturalist-open-data.s3.amazonaws.com/photos/10136629/original.jpg,1888047,Piletocera bufalis,Piletocera,Crambidae
1888159,,,,,1197,,,11,https://inaturalist-open-data.s3.amazonaws.com/photos/93382267/original.jpg,1888159,Piletocera sodalis,Piletocera,Crambidae
1888284,,,,,1198,,,27,https://inaturalist-open-data.s3.amazonaws.com/photos/353739483/original.jpeg,1888284,Megaphysa herbiferalis,Megaphysa,Crambidae
1888292,,,,,1199,,,17,https://inaturalist-open-data.s3.amazonaws.com/photos/117384182/original.jpeg,1888292,Micromartinia mnemusalis,Micromartinia,Crambidae
1888397,,,,,1200,,,23,https://inaturalist-open-data.s3.amazonaws.com/photos/239686155/original.jpeg,1888397,Caprinia periusalis,Caprinia,Crambidae
1888421,,,,,1201,,,4,https://inaturalist-open-data.s3.amazonaws.com/photos/27980940/original.jpeg,1888421,Hositea bicincta,Hositea,Crambidae
1888855,,,,,1202,,,11,https://inaturalist-open-data.s3.amazonaws.com/photos/90290631/original.jpeg,1888855,Zenamorpha discophoralis,Zenamorpha,Crambidae
1888946,,,,,1203,,,47,https://bugguide.net/images/cache/1H5/HCH/1H5HCH4H3H0LWZMLBZGLWZXLUZXLGZ7HCHRL5ZXH8Z5H6ZXH1H7HGZHLGZSL8ZIH6ZGLVZGLBZ8L9ZRLVHXH1HRLOHIH.jpg,1888946,Fissicrambus profanellus,Fissicrambus,Crambidae
1888955,,,,,1204,,,247,https://inaturalist-open-data.s3.amazonaws.com/photos/217509107/original.jpeg,1888955,Fissicrambus fissiradiellus,Fissicrambus,Crambidae
1889216,,,,,1205,,,5,https://inaturalist-open-data.s3.amazonaws.com/photos/176051180/original.jpg,1889216,Anarmodia repandalis,Anarmodia,Crambidae
1889224,,,,,1206,,,4,https://inaturalist-open-data.s3.amazonaws.com/photos/237159390/original.jpeg,1889224,Anarmodia inflexalis,Anarmodia,Crambidae
1889280,,,,,1207,,,19,https://inaturalist-open-data.s3.amazonaws.com/photos/315432705/original.jpeg,1889280,Eurrhyparodes splendens,Eurrhyparodes,Crambidae
1889330,,,,,1208,,,23,https://inaturalist-open-data.s3.amazonaws.com/photos/28077113/original.jpg,1889330,Rupela albina,Rupela,Crambidae
1889377,,,,,1209,,,15,https://inaturalist-open-data.s3.amazonaws.com/photos/111008836/original.jpeg,1889377,Euleucinodes conifrons,Euleucinodes,Crambidae
1889522,,,,,1210,,,280,http://www.boldsystems.org/pics/MHMYE/09-SRNP-41796-DHJ511572+1256862970.jpg,1889522,Asturodes fimbriauralis,Asturodes,Crambidae
1889536,,,,,1211,,,694,https://inaturalist-open-data.s3.amazonaws.com/photos/59391590/original.jpeg,1889536,Apogeshna stenialis,Apogeshna,Crambidae
1889550,,,,,1212,,,10,https://inaturalist-open-data.s3.amazonaws.com/photos/290250096/original.jpeg,1889550,Praeacrospila melanoproctis,Praeacrospila,Crambidae
1889721,,,,,1213,,,605,http://www.boldsystems.org/pics/BLPEE/12-SRNP-101070-DHJ668003+1344956284.JPG,1889721,Palpita flegia,Palpita,Crambidae
1889850,,,,,1214,,,688,https://inaturalist-open-data.s3.amazonaws.com/photos/375529255/original.jpg,1889850,Palpita quadristigmalis,Palpita,Crambidae
1889923,,,,,1215,,,17,https://inaturalist-open-data.s3.amazonaws.com/photos/179693588/original.jpg,1889923,Midila daphne,Midila,Crambidae
1889928,,,,,1216,,,15,https://inaturalist-open-data.s3.amazonaws.com/photos/129821282/original.jpeg,1889928,Midila soror,Midila,Crambidae
1890040,,,,,1217,,,27,https://inaturalist-open-data.s3.amazonaws.com/photos/307453773/original.jpeg,1890040,Coenostolopsis apicalis,Coenostolopsis,Crambidae
1890089,,,,,1218,,,169,http://www.boldsystems.org/pics/BLCAA/07-SRNP-106762_DHJ616726+1188331924.jpg,1890089,Portentomorpha xanthialis,Portentomorpha,Crambidae
1890368,,,,,1219,,,49,https://inaturalist-open-data.s3.amazonaws.com/photos/101419544/original.jpeg,1890368,Cryptobotys zoilusalis,Cryptobotys,Crambidae
1890512,,,,,1220,,,691,https://inaturalist-open-data.s3.amazonaws.com/photos/293067093/original.jpeg,1890512,Pyrausta signatalis,Pyrausta,Crambidae
1890868,,,,,1221,,,14,https://inaturalist-open-data.s3.amazonaws.com/photos/175870489/original.jpeg,1890868,Pyrausta insignitalis,Pyrausta,Crambidae
1891035,,,,,1222,,,167,https://inaturalist-open-data.s3.amazonaws.com/photos/100682461/original.jpeg,1891035,Hyalorista taeniolalis,Hyalorista,Crambidae
1891245,,,,,1223,,,25,https://inaturalist-open-data.s3.amazonaws.com/photos/191454220/original.jpeg,1891245,Sufetula diminutalis,Sufetula,Crambidae
1891274,,,,,1224,,,9,https://inaturalist-open-data.s3.amazonaws.com/photos/31585442/original.jpeg,1891274,Cliniodes underwoodi,Cliniodes,Crambidae
1891276,,,,,1225,,,15,https://inaturalist-open-data.s3.amazonaws.com/photos/306912404/original.jpeg,1891276,Cliniodes opalalis,Cliniodes,Crambidae
1891283,,,,,1226,,,5,https://inaturalist-open-data.s3.amazonaws.com/photos/149822687/original.jpeg,1891283,Cliniodes euphrosinalis,Cliniodes,Crambidae
1891547,,,,,1227,,,14,https://inaturalist-open-data.s3.amazonaws.com/photos/215279219/original.jpeg,1891547,Pycnarmon leucinodialis,Pycnarmon,Crambidae
1891576,,,,,1228,,,4,https://inaturalist-open-data.s3.amazonaws.com/photos/117589658/original.jpeg,1891576,Pycnarmon levinia,Pycnarmon,Crambidae
1891662,,,,,1229,,,13,https://inaturalist-open-data.s3.amazonaws.com/photos/382188694/original.jpg,1891662,Lamprosema dorisalis,Lamprosema,Crambidae
1891674,,,,,1230,,,7,https://inaturalist-open-data.s3.amazonaws.com/photos/11770118/original.jpg,1891674,Lamprosema cayugalis,Lamprosema,Crambidae
1891706,,,,,1231,,,6,https://inaturalist-open-data.s3.amazonaws.com/photos/54359350/original.jpeg,1891706,Lamprosema nannalis,Lamprosema,Crambidae
1891755,,,,,1232,,,590,https://inaturalist-open-data.s3.amazonaws.com/photos/93771889/original.jpeg,1891755,Lamprosema victoriae,Lamprosema,Crambidae
1891772,,,,,1233,,,7,https://inaturalist-open-data.s3.amazonaws.com/photos/237119092/original.jpeg,1891772,Lamprosema excurvalis,Lamprosema,Crambidae
1891932,,,,,1234,,,276,https://inaturalist-open-data.s3.amazonaws.com/photos/229402987/original.jpeg,1891932,Terastia meticulosalis,Terastia,Crambidae
1892112,,,,,1235,,,6,https://inaturalist-open-data.s3.amazonaws.com/photos/9184150/original.jpeg,1892112,Massepha lupa,Massepha,Crambidae
1892131,,,,,1236,,,141,https://inaturalist-open-data.s3.amazonaws.com/photos/1941091/original.JPG,1892131,Polygrammodes elevata,Polygrammodes,Crambidae
1892138,,,,,1237,,,4,https://inaturalist-open-data.s3.amazonaws.com/photos/49265858/original.jpeg,1892138,Polygrammodes rufinalis,Polygrammodes,Crambidae
1892141,,,,,1238,,,15,https://inaturalist-open-data.s3.amazonaws.com/photos/219463053/original.jpeg,1892141,Polygrammodes quatrilis,Polygrammodes,Crambidae
1892185,,,,,1239,,,100,http://www.boldsystems.org/pics/BLPDV/18-SRNP-101432-DHJ702519+1551716556.JPG,1892185,Polygrammodes hercules,Polygrammodes,Crambidae
1892188,,,,,1240,,,9,https://inaturalist-open-data.s3.amazonaws.com/photos/57319115/original.jpg,1892188,Polygrammodes mimetica,Polygrammodes,Crambidae
1892189,,,,,1241,,,30,https://inaturalist-open-data.s3.amazonaws.com/photos/173257645/original.jpg,1892189,Polygrammodes sanguinalis,Polygrammodes,Crambidae
1892210,,,,,1242,,,8,https://inaturalist-open-data.s3.amazonaws.com/photos/385951114/original.jpg,1892210,Polygrammodes ostrealis,Polygrammodes,Crambidae
1892311,,,,,1243,,,43,https://inaturalist-open-data.s3.amazonaws.com/photos/59565945/original.jpg,1892311,Leucochroma corope,Leucochroma,Crambidae
1892355,,,,,1244,,,59,https://inaturalist-open-data.s3.amazonaws.com/photos/162604603/original.jpeg,1892355,Compacta hirtalis,Compacta,Crambidae
1892420,,,,,1245,,,78,https://inaturalist-open-data.s3.amazonaws.com/photos/5810967/original.jpg,1892420,Lineodes vulnifica,Lineodes,Crambidae
1892427,,,,,1246,,,679,https://inaturalist-open-data.s3.amazonaws.com/photos/113686303/original.jpg,1892427,Lineodes integra,Lineodes,Crambidae
1892477,,,,,1247,,,309,https://inaturalist-open-data.s3.amazonaws.com/photos/231833181/original.jpeg,1892477,Achyra bifidalis,Achyra,Crambidae
1940662,,,,,1248,,,5,https://inaturalist-open-data.s3.amazonaws.com/photos/113786877/original.jpg,1940662,Synanthedon apicalis,Synanthedon,Sesiidae
1941099,,,,,1249,,,11,https://inaturalist-open-data.s3.amazonaws.com/photos/243558901/original.jpeg,1941099,Melittia chimana,Melittia,Sesiidae
1941139,,,,,1250,,,4,https://inaturalist-open-data.s3.amazonaws.com/photos/19616879/original.jpg,1941139,Melittia sulphureopyga,Melittia,Sesiidae
1941547,,,,,1251,,,48,https://inaturalist-open-data.s3.amazonaws.com/photos/13321943/original.jpg,1941547,Divana diva,Divana,Castniidae
1941570,,,,,1252,,,277,https://inaturalist-open-data.s3.amazonaws.com/photos/173178475/original.jpeg,1941570,Castnia licus,Castnia,Castniidae
1941717,,,,,1253,,,414,https://inaturalist-open-data.s3.amazonaws.com/photos/113412643/original.jpeg,1941717,Castniomera atymnius,Castniomera,Castniidae
1941719,,,,,1254,,,104,https://inaturalist-open-data.s3.amazonaws.com/photos/136981768/original.jpeg,1941719,Castniomera drucei,Castniomera,Castniidae
1941755,,,,,1255,,,21,https://inaturalist-open-data.s3.amazonaws.com/photos/210752232/original.jpeg,1941755,Amauta procera,Amauta,Castniidae
1952915,,,,,1256,,,11,https://inaturalist-open-data.s3.amazonaws.com/photos/365252937/original.jpeg,1952915,Aleyda accipiter,Aleyda,Mimallonidae
1952936,,,,,1257,,,4,https://inaturalist-open-data.s3.amazonaws.com/photos/66508287/original.jpeg,1952936,Bedosia ligina,Bedosia,Mimallonidae
1952941,,,,,1258,,,8,https://inaturalist-open-data.s3.amazonaws.com/photos/292046552/original.jpg,1952941,Bedosia turgida,Bedosia,Mimallonidae
1952963,,,,,1259,,,5,https://inaturalist-open-data.s3.amazonaws.com/photos/107318652/original.jpg,1952963,Trogoptera tirzaha,Trogoptera,Mimallonidae
1953058,,,,,1260,,,9,https://inaturalist-open-data.s3.amazonaws.com/photos/118790893/original.jpeg,1953058,Cicinnus solvens,Cicinnus,Mimallonidae
1953077,,,,,1261,,,7,https://inaturalist-open-data.s3.amazonaws.com/photos/94255605/original.jpeg,1953077,Roelmana maloba,Roelmana,Mimallonidae
1953082,,,,,1262,,,4,http://www.boldsystems.org/pics/MHMXB/99-SRNP-1907-DHJ33335+1365542898.jpg,1953082,Psychocampa prominens,Psychocampa,Mimallonidae
1953110,,,,,1263,,,4,http://www.boldsystems.org/pics/MHMXB/93-SRNP-8662-DHJ335608+1365544260.jpg,1953110,Lacosoma maldera,Lacosoma,Mimallonidae
1953114,,,,,1264,,,8,https://inaturalist-open-data.s3.amazonaws.com/photos/118751352/original.jpeg,1953114,Lacosoma syrinx,Lacosoma,Mimallonidae
1953115,,,,,1265,,,7,http://www.boldsystems.org/pics/MHMXB/92-SRNP-398-DHJ335487+1365544252.jpg,1953115,Lacosoma valera,Lacosoma,Mimallonidae
1953119,,,,,1266,,,17,https://inaturalist-open-data.s3.amazonaws.com/photos/333518317/original.jpeg,1953119,Lacosoma lygia,Lacosoma,Mimallonidae
1953128,,,,,1267,,,15,https://inaturalist-open-data.s3.amazonaws.com/photos/331834655/original.jpg,1953128,Lacosoma oyapoca,Lacosoma,Mimallonidae
1953136,,,,,1268,,,25,https://inaturalist-open-data.s3.amazonaws.com/photos/91654311/original.jpeg,1953136,Druentica partha,Druentica,Mimallonidae
1953149,,,,,1269,,,6,https://inaturalist-open-data.s3.amazonaws.com/photos/206349150/original.jpeg,1953149,Druentica alsa,Druentica,Mimallonidae
1953166,,,,,1270,,,34,https://inaturalist-open-data.s3.amazonaws.com/photos/354175587/original.jpg,1953166,Alheita caudina,Alheita,Mimallonidae
1953184,,,,,1271,,,22,https://inaturalist-open-data.s3.amazonaws.com/photos/98989939/original.jpg,1953184,Coelurotricha curvilinea,Coelurotricha,Uraniidae
1953495,,,,,1272,,,4,https://inaturalist-open-data.s3.amazonaws.com/photos/209937955/original.jpeg,1953495,Syngria griseata,Syngria,Uraniidae
1953499,,,,,1273,,,34,https://inaturalist-open-data.s3.amazonaws.com/photos/243280128/original.jpeg,1953499,Syngria druidaria,Syngria,Uraniidae
1953742,,,,,1274,,,18,https://inaturalist-open-data.s3.amazonaws.com/photos/381151106/original.jpeg,1953742,Epiplema incolorata,Epiplema,Uraniidae
1953970,,,,,1275,,,46,https://inaturalist-open-data.s3.amazonaws.com/photos/6732439/original.jpeg,1953970,Morphomima fulvitacta,Morphomima,Uraniidae
1953998,,,,,1276,,,76,https://inaturalist-open-data.s3.amazonaws.com/photos/22636053/original.jpeg,1953998,Trotorhombia metachromata,Trotorhombia,Uraniidae
1954006,,,,,1277,,,10,https://inaturalist-open-data.s3.amazonaws.com/photos/307047860/original.jpeg,1954006,Crypsicoela subocellata,Crypsicoela,Uraniidae
1954023,,,,,1278,,,20,https://inaturalist-open-data.s3.amazonaws.com/photos/252321466/original.jpeg,1954023,Nedusia cuticulata,Nedusia,Uraniidae
1954135,,,,,1279,,,5,https://inaturalist-open-data.s3.amazonaws.com/photos/340345410/original.jpeg,1954135,Lonchotura ocylus,Lonchotura,Sematuridae
1954146,,,,,1280,,,11,https://inaturalist-open-data.s3.amazonaws.com/photos/253983735/original.jpeg,1954146,Coronidia orithea,Coronidia,Sematuridae
1954251,,,,,1281,,,18,https://inaturalist-open-data.s3.amazonaws.com/photos/240378905/original.jpeg,1954251,Microxydia orsitaria,Microxydia,Geometridae
1954929,,,,,1282,,,4,https://inaturalist-open-data.s3.amazonaws.com/photos/105816148/original.jpeg,1954929,Sabulodes setosa,Sabulodes,Geometridae
1954935,,,,,1283,,,11,https://inaturalist-open-data.s3.amazonaws.com/photos/104302230/original.jpg,1954935,Sabulodes arses,Sabulodes,Geometridae
1954936,,,,,1284,,,9,https://inaturalist-open-data.s3.amazonaws.com/photos/99568381/original.jpeg,1954936,Sabulodes colombiata,Sabulodes,Geometridae
1954960,,,,,1285,,,5,https://inaturalist-open-data.s3.amazonaws.com/photos/336222407/original.jpeg,1954960,Sabulodes loba,Sabulodes,Geometridae
1954997,,,,,1286,,,10,https://inaturalist-open-data.s3.amazonaws.com/photos/161423411/original.jpg,1954997,Sabulodes ornatissima,Sabulodes,Geometridae
1955815,,,,,1287,,,38,https://inaturalist-open-data.s3.amazonaws.com/photos/107438370/original.jpeg,1955815,Brachurapteryx tesserata,Brachurapteryx,Geometridae
1956039,,,,,1288,,,8,https://inaturalist-open-data.s3.amazonaws.com/photos/107468388/original.jpeg,1956039,Semaeopus varia,Semaeopus,Geometridae
1956060,,,,,1289,,,6,https://inaturalist-open-data.s3.amazonaws.com/photos/43666924/original.jpeg,1956060,Semaeopus trophinus,Semaeopus,Geometridae
1956065,,,,,1290,,,23,https://inaturalist-open-data.s3.amazonaws.com/photos/104873057/original.jpeg,1956065,Semaeopus illimitata,Semaeopus,Geometridae
1956098,,,,,1291,,,221,https://inaturalist-open-data.s3.amazonaws.com/photos/101565660/original.jpeg,1956098,Semaeopus ella,Semaeopus,Geometridae
1956099,,,,,1292,,,50,https://inaturalist-open-data.s3.amazonaws.com/photos/32841259/original.jpg,1956099,Semaeopus nisa,Semaeopus,Geometridae
1956154,,,,,1293,,,8,https://inaturalist-open-data.s3.amazonaws.com/photos/178482224/original.jpeg,1956154,Semaeopus subtincta,Semaeopus,Geometridae
1956188,,,,,1294,,,10,https://inaturalist-open-data.s3.amazonaws.com/photos/243736073/original.jpeg,1956188,Semaeopus miniata,Semaeopus,Geometridae
1956193,,,,,1295,,,7,https://inaturalist-open-data.s3.amazonaws.com/photos/71083193/original.jpeg,1956193,Semaeopus fulvescens,Semaeopus,Geometridae
1957038,,,,,1296,,,48,https://inaturalist-open-data.s3.amazonaws.com/photos/15477411/original.jpg,1957038,Siosta bifasciata,Siosta,Geometridae
1957051,,,,,1297,,,29,https://inaturalist-open-data.s3.amazonaws.com/photos/248135316/original.jpeg,1957051,Pseudasellodes fenestraria,Pseudasellodes,Geometridae
1957055,,,,,1298,,,10,https://inaturalist-open-data.s3.amazonaws.com/photos/94363768/original.jpeg,1957055,Pseudasellodes laternaria,Pseudasellodes,Geometridae
1957131,,,,,1299,,,19,http://n2t.net/ark:/65665/m36201ba31-6e5f-4464-a370-3d02fa0489d5,1957131,Cimicodes albicosta,Cimicodes,Geometridae
1957134,,,,,1300,,,6,https://inaturalist-open-data.s3.amazonaws.com/photos/92238479/original.jpg,1957134,Cimicodes purpurea,Cimicodes,Geometridae
1958350,,,,,1301,,,10,https://inaturalist-open-data.s3.amazonaws.com/photos/225741545/original.jpeg,1958350,Thysanopyga amarantha,Thysanopyga,Geometridae
1958361,,,,,1302,,,12,https://inaturalist-open-data.s3.amazonaws.com/photos/167127359/original.jpeg,1958361,Thysanopyga abdominaria,Thysanopyga,Geometridae
1958374,,,,,1303,,,4,https://inaturalist-open-data.s3.amazonaws.com/photos/82692157/original.jpeg,1958374,Thysanopyga apicitruncaria,Thysanopyga,Geometridae
1958378,,,,,1304,,,7,https://inaturalist-open-data.s3.amazonaws.com/photos/7557792/original.jpg,1958378,Thysanopyga carfinia,Thysanopyga,Geometridae
1958807,,,,,1305,,,12,https://inaturalist-open-data.s3.amazonaws.com/photos/170160239/original.jpeg,1958807,Semiothisa divergentata,Semiothisa,Geometridae
1958890,,,,,1306,,,4,https://inaturalist-open-data.s3.amazonaws.com/photos/382518026/original.jpg,1958890,Semiothisa gambaria,Semiothisa,Geometridae
1958993,,,,,1307,,,7,https://inaturalist-open-data.s3.amazonaws.com/photos/362210073/original.jpg,1958993,Semiothisa radiata,Semiothisa,Geometridae
1959279,,,,,1308,,,17,https://inaturalist-open-data.s3.amazonaws.com/photos/11878108/original.jpg,1959279,Semiothisa arenisca,Semiothisa,Geometridae
1959637,,,,,1309,,,78,https://inaturalist-open-data.s3.amazonaws.com/photos/292198079/original.jpg,1959637,Ametris nitocris,Ametris,Geometridae
1959787,,,,,1310,,,36,https://inaturalist-open-data.s3.amazonaws.com/photos/165639230/original.jpg,1959787,Gonora hyelosioides,Gonora,Geometridae
1959982,,,,,1311,,,21,https://inaturalist-open-data.s3.amazonaws.com/photos/107315128/original.jpeg,1959982,Macrotes commatica,Macrotes,Geometridae
1960028,,,,,1312,,,13,https://inaturalist-open-data.s3.amazonaws.com/photos/178242097/original.jpg,1960028,Parallage inconcinna,Parallage,Geometridae
1960090,,,,,1313,,,51,https://inaturalist-open-data.s3.amazonaws.com/photos/208893705/original.jpg,1960090,Acrosemia vulpecularia,Acrosemia,Geometridae
1960095,,,,,1314,,,9,https://inaturalist-open-data.s3.amazonaws.com/photos/140142068/original.jpeg,1960095,Acrosemia tigrata,Acrosemia,Geometridae
1960167,,,,,1315,,,5,http://www.boldsystems.org/pics/MHAGA/98-SRNP-3836-DHJ325754+1365543372.jpg,1960167,Acronyctodes cautama,Acronyctodes,Geometridae
1960226,,,,,1316,,,4,http://www.boldsystems.org/pics/BLPDF/18-SRNP-104362-DHJ705449+1683301980.JPG,1960226,Opisthoxia cluana,Opisthoxia,Geometridae
1960250,,,,,1317,,,12,http://www.boldsystems.org/pics/MHAGB/91-SRNP-84-DHJ357298+1175909958.jpg,1960250,Opisthoxia uncinata,Opisthoxia,Geometridae
1960251,,,,,1318,,,11,https://inaturalist-open-data.s3.amazonaws.com/photos/60734646/original.jpg,1960251,Opisthoxia branickiaria,Opisthoxia,Geometridae
1960255,,,,,1319,,,51,https://inaturalist-open-data.s3.amazonaws.com/photos/194991621/original.jpg,1960255,Opisthoxia miletia,Opisthoxia,Geometridae
1960262,,,,,1320,,,7,https://inaturalist-open-data.s3.amazonaws.com/photos/7448625/original.jpeg,1960262,Opisthoxia formosante,Opisthoxia,Geometridae
1960268,,,,,1321,,,34,https://inaturalist-open-data.s3.amazonaws.com/photos/297201500/original.jpeg,1960268,Opisthoxia metargyria,Opisthoxia,Geometridae
1960275,,,,,1322,,,12,https://inaturalist-open-data.s3.amazonaws.com/photos/139724735/original.jpeg,1960275,Opisthoxia asopis,Opisthoxia,Geometridae
1960281,,,,,1323,,,7,https://inaturalist-open-data.s3.amazonaws.com/photos/188176933/original.jpeg,1960281,Opisthoxia bolivari,Opisthoxia,Geometridae
1960286,,,,,1324,,,24,https://inaturalist-open-data.s3.amazonaws.com/photos/148447003/original.jpeg,1960286,Opisthoxia amabilis,Opisthoxia,Geometridae
1960290,,,,,1325,,,8,https://inaturalist-open-data.s3.amazonaws.com/photos/172707023/original.jpeg,1960290,Opisthoxia saturniaria,Opisthoxia,Geometridae
1960315,,,,,1326,,,113,http://www.boldsystems.org/pics/BLPDX/10-SRNP-113424_DHJ658299+1309896698.jpg,1960315,Opisthoxia molpadia,Opisthoxia,Geometridae
1960508,,,,,1327,,,6,https://inaturalist-open-data.s3.amazonaws.com/photos/115950375/original.jpeg,1960508,Euacidalia certissa,Euacidalia,Geometridae
1960549,,,,,1328,,,8,https://inaturalist-open-data.s3.amazonaws.com/photos/12308906/original.jpg,1960549,Dithecodes distracta,Dithecodes,Geometridae
1961155,,,,,1329,,,50,https://inaturalist-open-data.s3.amazonaws.com/photos/168693206/original.jpeg,1961155,Eudulophasia invaria,Eudulophasia,Geometridae
1961211,,,,,1330,,,5,https://inaturalist-open-data.s3.amazonaws.com/photos/93008513/original.jpeg,1961211,Aplogompha costimaculata,Aplogompha,Geometridae
1961352,,,,,1331,,,14,https://inaturalist-open-data.s3.amazonaws.com/photos/241890320/original.jpeg,1961352,Dyspteris tenuivitta,Dyspteris,Geometridae
1961354,,,,,1332,,,4,https://inaturalist-open-data.s3.amazonaws.com/photos/114515366/original.jpeg,1961354,Dyspteris vecinaria,Dyspteris,Geometridae
1961702,,,,,1333,,,4,https://inaturalist-open-data.s3.amazonaws.com/photos/281180992/original.jpg,1961702,Eutomopepla artena,Eutomopepla,Geometridae
1961707,,,,,1334,,,4,https://inaturalist-open-data.s3.amazonaws.com/photos/3527335/original.JPG,1961707,Eutomopepla discuneata,Eutomopepla,Geometridae
1962049,,,,,1335,,,9,https://inaturalist-open-data.s3.amazonaws.com/photos/6714774/original.jpeg,1962049,Synchlora tenuimargo,Synchlora,Geometridae
1962051,,,,,1336,,,1000,https://inaturalist-open-data.s3.amazonaws.com/photos/299396924/original.jpeg,1962051,Synchlora frondaria,Synchlora,Geometridae
1962082,,,,,1337,,,27,https://inaturalist-open-data.s3.amazonaws.com/photos/67852028/original.jpeg,1962082,Synchlora dependens,Synchlora,Geometridae
1962086,,,,,1338,,,60,https://inaturalist-open-data.s3.amazonaws.com/photos/299989849/original.jpeg,1962086,Synchlora astraeoides,Synchlora,Geometridae
1962103,,,,,1339,,,8,https://inaturalist-open-data.s3.amazonaws.com/photos/329138001/original.jpeg,1962103,Synchlora concinnaria,Synchlora,Geometridae
1962118,,,,,1340,,,196,https://inaturalist-open-data.s3.amazonaws.com/photos/66382520/original.jpeg,1962118,Synchlora gerularia,Synchlora,Geometridae
1962120,,,,,1341,,,29,https://inaturalist-open-data.s3.amazonaws.com/photos/110354340/original.jpeg,1962120,Synchlora pulchrifimbria,Synchlora,Geometridae
1962296,,,,,1342,,,7,https://inaturalist-open-data.s3.amazonaws.com/photos/30121010/original.jpg,1962296,Lissochlora albociliaria,Lissochlora,Geometridae
1962612,,,,,1343,,,28,https://inaturalist-open-data.s3.amazonaws.com/photos/94378395/original.jpg,1962612,Hydatoscia ategua,Hydatoscia,Geometridae
1962706,,,,,1344,,,4,https://inaturalist-open-data.s3.amazonaws.com/photos/67927253/original.jpeg,1962706,Melanolophia parma,Melanolophia,Geometridae
1962784,,,,,1345,,,4,https://inaturalist-open-data.s3.amazonaws.com/photos/265824371/original.jpeg,1962784,Melanolophia attenuata,Melanolophia,Geometridae
1962895,,,,,1346,,,635,https://inaturalist-open-data.s3.amazonaws.com/photos/172371296/original.jpg,1962895,Lambdina fervidaria,Lambdina,Geometridae
1962997,,,,,1347,,,4,https://inaturalist-open-data.s3.amazonaws.com/photos/201171990/original.jpeg,1962997,Orthonama corteza,Orthonama,Geometridae
1963000,,,,,1348,,,6,https://inaturalist-open-data.s3.amazonaws.com/photos/180651423/original.jpeg,1963000,Orthonama effluata,Orthonama,Geometridae
1963214,,,,,1349,,,12,https://inaturalist-open-data.s3.amazonaws.com/photos/181574008/original.jpeg,1963214,Tmetomorpha bitias,Tmetomorpha,Geometridae
1963222,,,,,1350,,,4,https://inaturalist-open-data.s3.amazonaws.com/photos/239756738/original.jpeg,1963222,Betulodes matharma,Betulodes,Geometridae
1963253,,,,,1351,,,34,https://inaturalist-open-data.s3.amazonaws.com/photos/185785713/original.jpg,1963253,Tricentrogyna violescens,Tricentrogyna,Geometridae
1963259,,,,,1352,,,12,https://inaturalist-open-data.s3.amazonaws.com/photos/81276568/original.jpeg,1963259,Tricentrogyna colligata,Tricentrogyna,Geometridae
1963263,,,,,1353,,,11,https://inaturalist-open-data.s3.amazonaws.com/photos/302408622/original.jpeg,1963263,Tricentrogyna flexivitta,Tricentrogyna,Geometridae
1963278,,,,,1354,,,12,https://inaturalist-open-data.s3.amazonaws.com/photos/113817417/original.jpeg,1963278,Hyalostenele lutescens,Hyalostenele,Geometridae
1963344,,,,,1355,,,9,https://inaturalist-open-data.s3.amazonaws.com/photos/331124027/original.jpg,1963344,Tricentra benevisio,Tricentra,Geometridae
1963345,,,,,1356,,,9,https://inaturalist-open-data.s3.amazonaws.com/photos/208401584/original.jpeg,1963345,Tricentra quadrigata,Tricentra,Geometridae
1963352,,,,,1357,,,4,https://inaturalist-open-data.s3.amazonaws.com/photos/360321894/original.jpeg,1963352,Tricentra euriopis,Tricentra,Geometridae
1963425,,,,,1358,,,243,https://inaturalist-open-data.s3.amazonaws.com/photos/135756597/original.jpeg,1963425,Melanchroia aterea,Melanchroia,Geometridae
1963433,,,,,1359,,,652,https://inaturalist-open-data.s3.amazonaws.com/photos/4963805/original.jpg,1963433,Melanchroia chephise,Melanchroia,Geometridae
1963633,,,,,1360,,,55,https://inaturalist-open-data.s3.amazonaws.com/photos/115472895/original.jpeg,1963633,Synnomos firmamentaria,Synnomos,Geometridae
1963652,,,,,1361,,,18,https://inaturalist-open-data.s3.amazonaws.com/photos/332791276/original.jpeg,1963652,Eudule fidentia,Eudule,Geometridae
1963661,,,,,1362,,,7,https://inaturalist-open-data.s3.amazonaws.com/photos/123136627/original.jpeg,1963661,Eudule amica,Eudule,Geometridae
1963919,,,,,1363,,,23,https://inaturalist-open-data.s3.amazonaws.com/photos/121905070/original.jpeg,1963919,Bryoptera hypomelas,Bryoptera,Geometridae
1963929,,,,,1364,,,10,https://inaturalist-open-data.s3.amazonaws.com/photos/102494747/original.jpeg,1963929,Bryoptera subbrunnea,Bryoptera,Geometridae
1963966,,,,,1365,,,8,https://inaturalist-open-data.s3.amazonaws.com/photos/333629035/original.jpg,1963966,Phyllodonta flabellaria,Phyllodonta,Geometridae
1963980,,,,,1366,,,8,https://inaturalist-open-data.s3.amazonaws.com/photos/118215662/original.jpeg,1963980,Phyllodonta indeterminata,Phyllodonta,Geometridae
1963990,,,,,1367,,,38,https://inaturalist-open-data.s3.amazonaws.com/photos/82993461/original.jpeg,1963990,Erebochlora tesserulata,Erebochlora,Geometridae
1964262,,,,,1368,,,4,https://inaturalist-open-data.s3.amazonaws.com/photos/13150242/original.jpg,1964262,Phyle schausaria,Phyle,Geometridae
1964264,,,,,1369,,,5,https://inaturalist-open-data.s3.amazonaws.com/photos/347856496/original.jpeg,1964264,Phyle antioquia,Phyle,Geometridae
1964270,,,,,1370,,,6,https://inaturalist-open-data.s3.amazonaws.com/photos/108019070/original.jpg,1964270,Phyle cartago,Phyle,Geometridae
1964698,,,,,1371,,,46,https://inaturalist-open-data.s3.amazonaws.com/photos/90351689/original.jpeg,1964698,Cathydata batina,Cathydata,Geometridae
1964934,,,,,1372,,,7,https://inaturalist-open-data.s3.amazonaws.com/photos/196713626/original.jpeg,1964934,Trotopera arrhapa,Trotopera,Geometridae
1965135,,,,,1373,,,4,https://inaturalist-open-data.s3.amazonaws.com/photos/305487658/original.jpeg,1965135,Euphyia albipennis,Euphyia,Geometridae
1965200,,,,,1374,,,6,https://inaturalist-open-data.s3.amazonaws.com/photos/200520732/original.jpg,1965200,Euphyia subguttaria,Euphyia,Geometridae
1965364,,,,,1375,,,4,https://inaturalist-open-data.s3.amazonaws.com/photos/199394946/original.jpeg,1965364,Euphyia crispa,Euphyia,Geometridae
1965713,,,,,1376,,,5,https://inaturalist-open-data.s3.amazonaws.com/photos/3094208/original.jpg,1965713,Glena subannulata,Glena,Geometridae
1965887,,,,,1377,,,137,https://inaturalist-open-data.s3.amazonaws.com/photos/105793168/original.jpeg,1965887,Simena luctifera,Simena,Geometridae
1966072,,,,,1378,,,7,https://inaturalist-open-data.s3.amazonaws.com/photos/304381751/original.jpeg,1966072,Sericoptera area,Sericoptera,Geometridae
1966086,,,,,1379,,,5,https://inaturalist-open-data.s3.amazonaws.com/photos/77900292/original.jpeg,1966086,Sericoptera chiffa,Sericoptera,Geometridae
1966088,,,,,1380,,,402,https://inaturalist-open-data.s3.amazonaws.com/photos/49299029/original.jpeg,1966088,Sericoptera mahometaria,Sericoptera,Geometridae
1966185,,,,,1381,,,684,https://inaturalist-open-data.s3.amazonaws.com/photos/55071393/original.jpg,1966185,Disclisioprocta stellata,Disclisioprocta,Geometridae
1967191,,,,,1382,,,30,https://inaturalist-open-data.s3.amazonaws.com/photos/255603515/original.jpeg,1967191,Cargolia arana,Cargolia,Geometridae
1967341,,,,,1383,,,12,https://inaturalist-open-data.s3.amazonaws.com/photos/161606099/original.jpg,1967341,Argyrotome melae,Argyrotome,Geometridae
1967346,,,,,1384,,,13,https://inaturalist-open-data.s3.amazonaws.com/photos/228462689/original.jpeg,1967346,Argyrotome prospectata,Argyrotome,Geometridae
1967353,,,,,1385,,,18,https://inaturalist-open-data.s3.amazonaws.com/photos/20296595/original.jpg,1967353,Argyrotome alba,Argyrotome,Geometridae
1968313,,,,,1386,,,184,https://inaturalist-open-data.s3.amazonaws.com/photos/116172991/original.jpeg,1968313,Phrygionis polita,Phrygionis,Geometridae
1968321,,,,,1387,,,103,https://inaturalist-open-data.s3.amazonaws.com/photos/132250888/original.jpeg,1968321,Phrygionis platinata,Phrygionis,Geometridae
1968324,,,,,1388,,,234,https://inaturalist-open-data.s3.amazonaws.com/photos/178027450/original.jpg,1968324,Phrygionis privignaria,Phrygionis,Geometridae
1968538,,,,,1389,,,50,https://inaturalist-open-data.s3.amazonaws.com/photos/111565002/original.jpeg,1968538,Periclina apricaria,Periclina,Geometridae
1968546,,,,,1390,,,24,https://inaturalist-open-data.s3.amazonaws.com/photos/97753368/original.jpg,1968546,Periclina merana,Periclina,Geometridae
1968548,,,,,1391,,,34,https://inaturalist-open-data.s3.amazonaws.com/photos/54561389/original.jpeg,1968548,Periclina syctaria,Periclina,Geometridae
1968942,,,,,1392,,,1000,https://inaturalist-open-data.s3.amazonaws.com/photos/124962864/original.jpeg,1968942,Pleuroprucha insulsaria,Pleuroprucha,Geometridae
1969536,,,,,1393,,,11,https://inaturalist-open-data.s3.amazonaws.com/photos/105251512/original.jpeg,1969536,Leuculopsis unifasciata,Leuculopsis,Geometridae
1969638,,,,,1394,,,9,https://inaturalist-open-data.s3.amazonaws.com/photos/105817589/original.jpeg,1969638,Urepione quadrilineata,Urepione,Geometridae
1970173,,,,,1395,,,8,https://inaturalist-open-data.s3.amazonaws.com/photos/113959224/original.jpeg,1970173,Perigramma albivena,Perigramma,Geometridae
1970176,,,,,1396,,,4,https://inaturalist-open-data.s3.amazonaws.com/photos/336543766/original.jpg,1970176,Perigramma guatemalaria,Perigramma,Geometridae
1970178,,,,,1397,,,11,https://inaturalist-open-data.s3.amazonaws.com/photos/4182065/original.JPG,1970178,Perigramma repetita,Perigramma,Geometridae
1972101,,,,,1398,,,205,https://inaturalist-open-data.s3.amazonaws.com/photos/228317376/original.jpg,1972101,Pityeja histrionaria,Pityeja,Geometridae
1972102,,,,,1399,,,7,https://inaturalist-open-data.s3.amazonaws.com/photos/329289777/original.jpg,1972102,Pityeja nazada,Pityeja,Geometridae
1972896,,,,,1400,,,6,https://inaturalist-open-data.s3.amazonaws.com/photos/60690287/original.jpg,1972896,Poecilochlora minor,Poecilochlora,Geometridae
1972987,,,,,1401,,,8,https://inaturalist-open-data.s3.amazonaws.com/photos/146816702/original.jpeg,1972987,Spargania cultata,Spargania,Geometridae
1973401,,,,,1402,,,23,https://inaturalist-open-data.s3.amazonaws.com/photos/88498260/original.jpeg,1973401,Crocypus perlucidaria,Crocypus,Geometridae
1973581,,,,,1403,,,5,https://inaturalist-open-data.s3.amazonaws.com/photos/60702185/original.jpg,1973581,Oospila miccularia,Oospila,Geometridae
1973608,,,,,1404,,,16,https://inaturalist-open-data.s3.amazonaws.com/photos/6592168/original.jpeg,1973608,Oospila depressa,Oospila,Geometridae
1973610,,,,,1405,,,4,https://inaturalist-open-data.s3.amazonaws.com/photos/263331307/original.jpeg,1973610,Oospila marginata,Oospila,Geometridae
1973631,,,,,1406,,,8,https://inaturalist-open-data.s3.amazonaws.com/photos/12801933/original.jpg,1973631,Oospila atopochlora,Oospila,Geometridae
1973640,,,,,1407,,,11,https://inaturalist-open-data.s3.amazonaws.com/photos/28962079/original.jpeg,1973640,Oospila athena,Oospila,Geometridae
1973647,,,,,1408,,,9,http://n2t.net/ark:/65665/m388fef8fb-6463-484a-ace0-4f4a1ce3cf8d,1973647,Oospila rosipara,Oospila,Geometridae
1973665,,,,,1409,,,138,https://inaturalist-open-data.s3.amazonaws.com/photos/301549050/original.jpeg,1973665,Oospila venezuelata,Oospila,Geometridae
1973670,,,,,1410,,,8,http://n2t.net/ark:/65665/m3029c3238-7f83-4905-b590-a208736ac3fb,1973670,Oospila confundaria,Oospila,Geometridae
1973674,,,,,1411,,,10,https://inaturalist-open-data.s3.amazonaws.com/photos/12795089/original.jpg,1973674,Oospila ruptimacula,Oospila,Geometridae
1973686,,,,,1412,,,6,https://inaturalist-open-data.s3.amazonaws.com/photos/363844190/original.jpg,1973686,Oospila tricamerata,Oospila,Geometridae
1973687,,,,,1413,,,69,http://www.boldsystems.org/pics/BLPDV/18-SRNP-102442-DHJ703529+1551985550.JPG,1973687,Oospila albicoma,Oospila,Geometridae
1973696,,,,,1414,,,26,https://inaturalist-open-data.s3.amazonaws.com/photos/229752413/original.jpg,1973696,Oospila asmura,Oospila,Geometridae
1973697,,,,,1415,,,4,https://inaturalist-open-data.s3.amazonaws.com/photos/275685786/original.jpg,1973697,Oospila hyalina,Oospila,Geometridae
1975287,,,,,1416,,,41,https://inaturalist-open-data.s3.amazonaws.com/photos/87481029/original.jpeg,1975287,Neagathia corruptata,Neagathia,Geometridae
1975634,,,,,1417,,,8,https://inaturalist-open-data.s3.amazonaws.com/photos/102234942/original.jpeg,1975634,Isochromodes bellona,Isochromodes,Geometridae
1975658,,,,,1418,,,20,https://observation.org/photos/31429793.jpg,1975658,Isochromodes granula,Isochromodes,Geometridae
1975664,,,,,1419,,,4,https://inaturalist-open-data.s3.amazonaws.com/photos/3074776/original.JPG,1975664,Isochromodes brumosa,Isochromodes,Geometridae
1975687,,,,,1420,,,4,https://inaturalist-open-data.s3.amazonaws.com/photos/299301433/original.jpeg,1975687,Isochromodes phyllira,Isochromodes,Geometridae
1975700,,,,,1421,,,22,https://inaturalist-open-data.s3.amazonaws.com/photos/247524525/original.jpeg,1975700,Chloractis pulcherrima,Chloractis,Geometridae
1975855,,,,,1422,,,17,https://inaturalist-open-data.s3.amazonaws.com/photos/255622624/original.jpg,1975855,Hymenomima umbelularia,Hymenomima,Geometridae
1975859,,,,,1423,,,6,https://inaturalist-open-data.s3.amazonaws.com/photos/46419260/original.jpg,1975859,Hymenomima camerata,Hymenomima,Geometridae
1975872,,,,,1424,,,11,http://n2t.net/ark:/65665/m32ebe49e3-7106-4b04-81ef-2bb20c8fd3d4,1975872,Hymenomima memor,Hymenomima,Geometridae
1976073,,,,,1425,,,191,https://inaturalist-open-data.s3.amazonaws.com/photos/96034316/original.jpeg,1976073,Erastria decrepitaria,Erastria,Geometridae
1976207,,,,,1426,,,7,http://www.boldsystems.org/pics/MHAGA/04-SRNP-33901-DHJ325184+1365543346.jpg,1976207,Pseudomennis bipennis,Pseudomennis,Geometridae
1976255,,,,,1427,,,134,https://inaturalist-open-data.s3.amazonaws.com/photos/138363651/original.jpg,1976255,Xanthyris flaveolata,Xanthyris,Geometridae
1976364,,,,,1428,,,5,https://inaturalist-open-data.s3.amazonaws.com/photos/109628453/original.jpeg,1976364,Trygodes amphion,Trygodes,Geometridae
1976368,,,,,1429,,,4,https://inaturalist-open-data.s3.amazonaws.com/photos/285193867/original.jpg,1976368,Trygodes solaniferata,Trygodes,Geometridae
1976381,,,,,1430,,,4,https://inaturalist-open-data.s3.amazonaws.com/photos/105242662/original.jpeg,1976381,Herbita aglausaria,Herbita,Geometridae
1976394,,,,,1431,,,6,https://inaturalist-open-data.s3.amazonaws.com/photos/58024692/original.jpeg,1976394,Herbita zarina,Herbita,Geometridae
1976410,,,,,1432,,,7,https://inaturalist-open-data.s3.amazonaws.com/photos/247711125/original.jpeg,1976410,Herbita amicaria,Herbita,Geometridae
1976429,,,,,1433,,,5,https://inaturalist-open-data.s3.amazonaws.com/photos/109978849/original.jpeg,1976429,Herbita valtrudaria,Herbita,Geometridae
1976434,,,,,1434,,,4,https://inaturalist-open-data.s3.amazonaws.com/photos/393746761/original.jpeg,1976434,Herbita medama,Herbita,Geometridae
1976651,,,,,1435,,,235,http://www.boldsystems.org/pics/MHMYC/08-SRNP-57372-DHJ505543+1365546898.jpg,1976651,Oxydia vesulia,Oxydia,Geometridae
1976653,,,,,1436,,,6,https://inaturalist-open-data.s3.amazonaws.com/photos/95731762/original.jpeg,1976653,Oxydia translinquens,Oxydia,Geometridae
1976656,,,,,1437,,,7,https://inaturalist-open-data.s3.amazonaws.com/photos/4180370/original.JPG,1976656,Oxydia bilinea,Oxydia,Geometridae
1976674,,,,,1438,,,10,https://inaturalist-open-data.s3.amazonaws.com/photos/103665445/original.jpeg,1976674,Oxydia augusta,Oxydia,Geometridae
1976696,,,,,1439,,,9,https://inaturalist-open-data.s3.amazonaws.com/photos/8718913/original.jpg,1976696,Oxydia masthala,Oxydia,Geometridae
1976702,,,,,1440,,,193,http://www.boldsystems.org/pics/BLPAA/17-SRNP-30979-DHJ931434+1551985114.jpg,1976702,Oxydia apidania,Oxydia,Geometridae
1976719,,,,,1441,,,7,https://inaturalist-open-data.s3.amazonaws.com/photos/2988408/original.jpg,1976719,Oxydia platypterata,Oxydia,Geometridae
1976746,,,,,1442,,,139,https://inaturalist-open-data.s3.amazonaws.com/photos/28700788/original.jpeg,1976746,Oxydia trychiata,Oxydia,Geometridae
1976895,,,,,1443,,,20,https://inaturalist-open-data.s3.amazonaws.com/photos/105343084/original.png,1976895,Simopteryx torquataria,Simopteryx,Geometridae
1977209,,,,,1444,,,8,https://inaturalist-open-data.s3.amazonaws.com/photos/245930812/original.jpeg,1977209,Pyrochlora rhanis,Pyrochlora,Geometridae
1978162,,,,,1445,,,8,https://inaturalist-open-data.s3.amazonaws.com/photos/105046301/original.jpeg,1978162,Ischnopteris bifinita,Ischnopteris,Geometridae
1978255,,,,,1446,,,15,http://www.boldsystems.org/pics/MHAGA/98-SRNP-3156-DHJ326014+1365543386.jpg,1978255,Hagnagora ephestris,Hagnagora,Geometridae
1978258,,,,,1447,,,6,https://inaturalist-open-data.s3.amazonaws.com/photos/43667233/original.jpeg,1978258,Hagnagora mortipax,Hagnagora,Geometridae
1978261,,,,,1448,,,17,https://inaturalist-open-data.s3.amazonaws.com/photos/14913831/original.jpeg,1978261,Hagnagora anicata,Hagnagora,Geometridae
1978262,,,,,1449,,,13,https://inaturalist-open-data.s3.amazonaws.com/photos/31052812/original.jpg,1978262,Hagnagora clustimena,Hagnagora,Geometridae
1978464,,,,,1450,,,109,https://inaturalist-open-data.s3.amazonaws.com/photos/49476942/original.jpeg,1978464,Leuciris fimbriaria,Leuciris,Geometridae
1978465,,,,,1451,,,24,https://inaturalist-open-data.s3.amazonaws.com/photos/59628967/original.jpeg,1978465,Leuciris institata,Leuciris,Geometridae
1978656,,,,,1452,,,106,http://www.boldsystems.org/pics/BCIGE/LEGEEU-22000055-BCI26930-D+1318869664.JPG,1978656,Patalene hamulata,Patalene,Geometridae
1978658,,,,,1453,,,8,https://inaturalist-open-data.s3.amazonaws.com/photos/100248220/original.jpeg,1978658,Patalene falcularia,Patalene,Geometridae
1978957,,,,,1454,,,26,https://inaturalist-open-data.s3.amazonaws.com/photos/301895360/original.jpeg,1978957,Pantherodes conglomerata,Pantherodes,Geometridae
1978958,,,,,1455,,,537,https://inaturalist-open-data.s3.amazonaws.com/photos/176330210/original.jpg,1978958,Pantherodes pardalaria,Pantherodes,Geometridae
1978959,,,,,1456,,,100,https://inaturalist-open-data.s3.amazonaws.com/photos/13149932/original.jpg,1978959,Pantherodes unciaria,Pantherodes,Geometridae
1979251,,,,,1457,,,4,https://inaturalist-open-data.s3.amazonaws.com/photos/199404041/original.jpeg,1979251,Hydriomena multangulata,Hydriomena,Geometridae
1979343,,,,,1458,,,5,https://inaturalist-open-data.s3.amazonaws.com/photos/14146440/original.jpg,1979343,Hydriomena cydippe,Hydriomena,Geometridae
1979484,,,,,1459,,,12,https://inaturalist-open-data.s3.amazonaws.com/photos/261158989/original.jpg,1979484,Hydriomena polyphonta,Hydriomena,Geometridae
1979578,,,,,1460,,,4,https://inaturalist-open-data.s3.amazonaws.com/photos/57122009/original.jpg,1979578,Psaliodes aurativena,Psaliodes,Geometridae
1979604,,,,,1461,,,4,https://inaturalist-open-data.s3.amazonaws.com/photos/21394678/original.jpg,1979604,Psaliodes electa,Psaliodes,Geometridae
1979665,,,,,1462,,,6,https://inaturalist-open-data.s3.amazonaws.com/photos/54981942/original.jpeg,1979665,Psaliodes tripita,Psaliodes,Geometridae
1979680,,,,,1463,,,5,https://inaturalist-open-data.s3.amazonaws.com/photos/173201201/original.jpeg,1979680,Psaliodes simplex,Psaliodes,Geometridae
1979688,,,,,1464,,,11,https://inaturalist-open-data.s3.amazonaws.com/photos/64536149/original.jpeg,1979688,Psaliodes cronia,Psaliodes,Geometridae
1979695,,,,,1465,,,5,https://inaturalist-open-data.s3.amazonaws.com/photos/188995815/original.jpg,1979695,Psaliodes infantula,Psaliodes,Geometridae
1980109,,,,,1466,,,7,https://inaturalist-open-data.s3.amazonaws.com/photos/50847402/original.jpg,1980109,Hemipterodes subrotundata,Hemipterodes,Geometridae
1980242,,,,,1467,,,4,https://inaturalist-open-data.s3.amazonaws.com/photos/50604573/original.jpg,1980242,Dichorda iris,Dichorda,Geometridae
1980252,,,,,1468,,,10,https://inaturalist-open-data.s3.amazonaws.com/photos/177175821/original.jpg,1980252,Dichorda obliquata,Dichorda,Geometridae
1980258,,,,,1469,,,7,https://inaturalist-open-data.s3.amazonaws.com/photos/104707339/original.jpeg,1980258,Ballantiophora gibbiferata,Ballantiophora,Geometridae
1980307,,,,,1470,,,5,https://inaturalist-open-data.s3.amazonaws.com/photos/90166113/original.jpeg,1980307,Chavarriella porcius,Chavarriella,Geometridae
1980311,,,,,1471,,,4,https://inaturalist-open-data.s3.amazonaws.com/photos/72701227/original.jpg,1980311,Chavarriella fallax,Chavarriella,Geometridae
1980315,,,,,1472,,,6,https://inaturalist-open-data.s3.amazonaws.com/photos/7490881/original.jpeg,1980315,Chavarriella semiornata,Chavarriella,Geometridae
1980339,,,,,1473,,,13,https://inaturalist-open-data.s3.amazonaws.com/photos/271323687/original.jpeg,1980339,Bagodares prosa,Bagodares,Geometridae
1980958,,,,,1474,,,4,https://inaturalist-open-data.s3.amazonaws.com/photos/309684809/original.jpeg,1980958,Mychonia graphica,Mychonia,Geometridae
1981147,,,,,1475,,,40,https://inaturalist-open-data.s3.amazonaws.com/photos/280219088/original.jpg,1981147,Nemoria scriptaria,Nemoria,Geometridae
1981149,,,,,1476,,,8,https://inaturalist-open-data.s3.amazonaws.com/photos/387518488/original.jpg,1981149,Nemoria punctilinea,Nemoria,Geometridae
1981168,,,,,1477,,,14,https://live.staticflickr.com/65535/49837886773_dd1762d999_b.jpg,1981168,Nemoria vermiculata,Nemoria,Geometridae
1981212,,,,,1478,,,9,https://s3.hpc.ut.ee/plutof-public/large/d8065d92-1602-42be-a9dc-daaca9a218bd.jpg,1981212,Nemoria eugeniae,Nemoria,Geometridae
1981227,,,,,1479,,,7,https://inaturalist-open-data.s3.amazonaws.com/photos/130771771/original.jpeg,1981227,Nemoria ozalea,Nemoria,Geometridae
1981229,,,,,1480,,,10,https://inaturalist-open-data.s3.amazonaws.com/photos/52452173/original.jpg,1981229,Nemoria dentilinea,Nemoria,Geometridae
1981236,,,,,1481,,,7,https://inaturalist-open-data.s3.amazonaws.com/photos/27634981/original.jpeg,1981236,Nemoria karlae,Nemoria,Geometridae
1981238,,,,,1482,,,14,http://n2t.net/ark:/65665/m370df6762-8ef8-44e4-ada2-1a74dbc95ce4,1981238,Nemoria aturia,Nemoria,Geometridae
1981252,,,,,1483,,,105,https://inaturalist-open-data.s3.amazonaws.com/photos/247710915/original.jpeg,1981252,Nemoria astraea,Nemoria,Geometridae
1981256,,,,,1484,,,12,https://s3.hpc.ut.ee/plutof-public/large/50aa2568-f522-4d4d-a09b-336e3a401397.jpg,1981256,Nemoria erina,Nemoria,Geometridae
1981270,,,,,1485,,,4,https://inaturalist-open-data.s3.amazonaws.com/photos/150565367/original.jpg,1981270,Nemoria epaphras,Nemoria,Geometridae
1981283,,,,,1486,,,14,https://inaturalist-open-data.s3.amazonaws.com/photos/105979280/original.jpeg,1981283,Nemoria adjunctaria,Nemoria,Geometridae
1981288,,,,,1487,,,5,https://inaturalist-open-data.s3.amazonaws.com/photos/365571640/original.jpg,1981288,Nemoria carolinae,Nemoria,Geometridae
1981293,,,,,1488,,,8,https://inaturalist-open-data.s3.amazonaws.com/photos/91759735/original.png,1981293,Nemoria remota,Nemoria,Geometridae
1981294,,,,,1489,,,4,https://inaturalist-open-data.s3.amazonaws.com/photos/291138274/original.jpeg,1981294,Nemoria gladysae,Nemoria,Geometridae
1981308,,,,,1490,,,6,https://inaturalist-open-data.s3.amazonaws.com/photos/27981050/original.jpeg,1981308,Nemoria pescadora,Nemoria,Geometridae
1981318,,,,,1491,,,4,https://inaturalist-open-data.s3.amazonaws.com/photos/304345932/original.jpeg,1981318,Nemoria rectilinea,Nemoria,Geometridae
1981324,,,,,1492,,,12,https://s3.hpc.ut.ee/plutof-public/large/fee9918e-3073-4d4b-be7b-f2e235b98688.jpg,1981324,Nemoria dorsilinea,Nemoria,Geometridae
1981519,,,,,1493,,,20,https://inaturalist-open-data.s3.amazonaws.com/photos/104826010/original.jpeg,1981519,Nephodia organa,Nephodia,Geometridae
1981903,,,,,1494,,,4,https://inaturalist-open-data.s3.amazonaws.com/photos/104527427/original.jpeg,1981903,Cyclomia minuta,Cyclomia,Geometridae
1981951,,,,,1495,,,88,https://inaturalist-open-data.s3.amazonaws.com/photos/38632038/original.jpeg,1981951,Chloropteryx nordicaria,Chloropteryx,Geometridae
1981956,,,,,1496,,,12,https://inaturalist-open-data.s3.amazonaws.com/photos/206349318/original.jpeg,1981956,Chloropteryx diluta,Chloropteryx,Geometridae
1981960,,,,,1497,,,9,https://inaturalist-open-data.s3.amazonaws.com/photos/322653631/original.jpeg,1981960,Chloropteryx languescens,Chloropteryx,Geometridae
1981968,,,,,1498,,,15,https://inaturalist-open-data.s3.amazonaws.com/photos/54356906/original.jpeg,1981968,Chloropteryx dealbata,Chloropteryx,Geometridae
1981973,,,,,1499,,,74,https://inaturalist-open-data.s3.amazonaws.com/photos/34293528/original.jpeg,1981973,Chloropteryx opalaria,Chloropteryx,Geometridae
1982141,,,,,1500,,,5,https://inaturalist-open-data.s3.amazonaws.com/photos/206327914/original.jpeg,1982141,Stenele solimara,Stenele,Geometridae
1982153,,,,,1501,,,5,https://inaturalist-open-data.s3.amazonaws.com/photos/98997484/original.jpg,1982153,Destutia modica,Destutia,Geometridae
1982166,,,,,1502,,,5,https://inaturalist-open-data.s3.amazonaws.com/photos/104044184/original.jpeg,1982166,Dolichoneura nigrinotata,Dolichoneura,Geometridae
1982337,,,,,1503,,,23,https://inaturalist-open-data.s3.amazonaws.com/photos/244563377/original.jpg,1982337,Cartellodes levis,Cartellodes,Geometridae
1982813,,,,,1504,,,5,https://inaturalist-open-data.s3.amazonaws.com/photos/152490840/original.jpeg,1982813,Eupithecia junctifascia,Eupithecia,Geometridae
1985006,,,,,1505,,,4,https://inaturalist-open-data.s3.amazonaws.com/photos/27587509/original.jpeg,1985006,Phrudocentra trimaculata,Phrudocentra,Geometridae
1985013,,,,,1506,,,10,https://inaturalist-open-data.s3.amazonaws.com/photos/316727154/original.jpg,1985013,Phrudocentra neis,Phrudocentra,Geometridae
1985018,,,,,1507,,,8,https://inaturalist-open-data.s3.amazonaws.com/photos/169857290/original.jpg,1985018,Phrudocentra janeira,Phrudocentra,Geometridae
1985054,,,,,1508,,,12,https://inaturalist-open-data.s3.amazonaws.com/photos/149826380/original.jpg,1985054,Phrudocentra pupillata,Phrudocentra,Geometridae
1985481,,,,,1509,,,23,https://inaturalist-open-data.s3.amazonaws.com/photos/160029964/original.jpeg,1985481,Melinoides detersaria,Melinoides,Geometridae
1985485,,,,,1510,,,54,https://inaturalist-open-data.s3.amazonaws.com/photos/226751987/original.jpg,1985485,Himeromima aulis,Himeromima,Geometridae
1985647,,,,,1511,,,47,https://inaturalist-open-data.s3.amazonaws.com/photos/316920584/original.jpeg,1985647,Rhodochlora brunneipalpis,Rhodochlora,Geometridae
1985648,,,,,1512,,,4,https://inaturalist-open-data.s3.amazonaws.com/photos/196193938/original.jpeg,1985648,Rhodochlora exquisita,Rhodochlora,Geometridae
1986078,,,,,1513,,,5,https://inaturalist-open-data.s3.amazonaws.com/photos/173466373/original.jpeg,1986078,Lomographa argentata,Lomographa,Geometridae
1986752,,,,,1514,,,12,https://inaturalist-open-data.s3.amazonaws.com/photos/89852865/original.jpeg,1986752,Anisoperas atropunctaria,Anisoperas,Geometridae
1986764,,,,,1515,,,16,https://inaturalist-open-data.s3.amazonaws.com/photos/113464326/original.jpeg,1986764,Anisoperas tessellata,Anisoperas,Geometridae
1986921,,,,,1516,,,5,https://inaturalist-open-data.s3.amazonaws.com/photos/194215009/original.jpeg,1986921,Graphidipus fulvicostaria,Graphidipus,Geometridae
1987101,,,,,1517,,,5,https://inaturalist-open-data.s3.amazonaws.com/photos/337947111/original.jpeg,1987101,Astyochia fessonia,Astyochia,Geometridae
1987249,,,,,1518,,,4,https://inaturalist-open-data.s3.amazonaws.com/photos/194432022/original.jpeg,1987249,Hydata opella,Hydata,Geometridae
1987319,,,,,1519,,,7,https://inaturalist-open-data.s3.amazonaws.com/photos/284178651/original.jpg,1987319,Tachychlora flavidisca,Tachychlora,Geometridae
1987323,,,,,1520,,,18,https://inaturalist-open-data.s3.amazonaws.com/photos/52204523/original.jpg,1987323,Tachychlora amilletes,Tachychlora,Geometridae
1987329,,,,,1521,,,15,https://inaturalist-open-data.s3.amazonaws.com/photos/281809997/original.jpeg,1987329,Smicropus intercepta,Smicropus,Geometridae
1987330,,,,,1522,,,246,https://inaturalist-open-data.s3.amazonaws.com/photos/6073138/original.jpeg,1987330,Smicropus laeta,Smicropus,Geometridae
1987339,,,,,1523,,,6,https://inaturalist-open-data.s3.amazonaws.com/photos/183691051/original.jpeg,1987339,Smicropus ochra,Smicropus,Geometridae
1988833,,,,,1524,,,9,https://inaturalist-open-data.s3.amazonaws.com/photos/108866626/original.jpeg,1988833,Racasta spatiaria,Racasta,Geometridae
1988928,,,,,1525,,,17,https://inaturalist-open-data.s3.amazonaws.com/photos/153042961/original.jpeg,1988928,Pyrinia itunaria,Pyrinia,Geometridae
1988963,,,,,1526,,,6,https://inaturalist-open-data.s3.amazonaws.com/photos/228273567/original.jpeg,1988963,Pyrinia divalis,Pyrinia,Geometridae
1988991,,,,,1527,,,6,https://inaturalist-open-data.s3.amazonaws.com/photos/55316411/original.jpg,1988991,Pyrinia optivata,Pyrinia,Geometridae
1988993,,,,,1528,,,11,https://inaturalist-open-data.s3.amazonaws.com/photos/59302374/original.jpg,1988993,Pyrinia selecta,Pyrinia,Geometridae
1989002,,,,,1529,,,5,https://inaturalist-open-data.s3.amazonaws.com/photos/21429280/original.jpg,1989002,Pyrinia sanitaria,Pyrinia,Geometridae
1989007,,,,,1530,,,6,https://inaturalist-open-data.s3.amazonaws.com/photos/279930776/original.jpeg,1989007,Pyrinia vanidosa,Pyrinia,Geometridae
1989032,,,,,1531,,,8,https://inaturalist-open-data.s3.amazonaws.com/photos/303435527/original.jpeg,1989032,Pyrinia transitata,Pyrinia,Geometridae
1989550,,,,,1532,,,11,https://inaturalist-open-data.s3.amazonaws.com/photos/182634909/original.jpeg,1989550,Tachyphyle basiplaga,Tachyphyle,Geometridae
1989553,,,,,1533,,,5,https://inaturalist-open-data.s3.amazonaws.com/photos/297949181/original.jpg,1989553,Tachyphyle albisparsa,Tachyphyle,Geometridae
1989559,,,,,1534,,,9,https://inaturalist-open-data.s3.amazonaws.com/photos/114149205/original.jpeg,1989559,Tachyphyle undilineata,Tachyphyle,Geometridae
1989582,,,,,1535,,,119,https://inaturalist-open-data.s3.amazonaws.com/photos/375714274/original.jpeg,1989582,Nepheloleuca politia,Nepheloleuca,Geometridae
1989585,,,,,1536,,,8,https://inaturalist-open-data.s3.amazonaws.com/photos/80745539/original.jpeg,1989585,Nepheloleuca semiplaga,Nepheloleuca,Geometridae
1989587,,,,,1537,,,16,https://observation.org/photos/61572564.jpg,1989587,Nepheloleuca complicata,Nepheloleuca,Geometridae
1989649,,,,,1538,,,4,https://inaturalist-open-data.s3.amazonaws.com/photos/294879544/original.jpeg,1989649,Eois undulosata,Eois,Geometridae
1989664,,,,,1539,,,5,https://inaturalist-open-data.s3.amazonaws.com/photos/106147160/original.jpeg,1989664,Eois nundina,Eois,Geometridae
1989687,,,,,1540,,,98,http://www.boldsystems.org/pics/BLPEE/12-SRNP-69039-DHJ593646+1429632068.jpg,1989687,Eois cedon,Eois,Geometridae
1989707,,,,,1541,,,4,https://inaturalist-open-data.s3.amazonaws.com/photos/82226835/original.jpeg,1989707,Eois pararussearia,Eois,Geometridae
1989710,,,,,1542,,,6,https://inaturalist-open-data.s3.amazonaws.com/photos/98283484/original.jpeg,1989710,Eois catana,Eois,Geometridae
1989722,,,,,1543,,,4,https://inaturalist-open-data.s3.amazonaws.com/photos/106149527/original.jpeg,1989722,Eois nigrosticta,Eois,Geometridae
1989740,,,,,1544,,,5,https://inaturalist-open-data.s3.amazonaws.com/photos/33894277/original.jpeg,1989740,Eois elongata,Eois,Geometridae
1989771,,,,,1545,,,12,https://inaturalist-open-data.s3.amazonaws.com/photos/341025398/original.jpeg,1989771,Eois dryope,Eois,Geometridae
1989782,,,,,1546,,,18,https://inaturalist-open-data.s3.amazonaws.com/photos/148573810/original.jpeg,1989782,Eois isographata,Eois,Geometridae
1989789,,,,,1547,,,8,https://inaturalist-open-data.s3.amazonaws.com/photos/92929395/original.jpeg,1989789,Eois cancellata,Eois,Geometridae
1989793,,,,,1548,,,7,https://inaturalist-open-data.s3.amazonaws.com/photos/55623690/original.jpg,1989793,Eois dorisaria,Eois,Geometridae
1989800,,,,,1549,,,7,https://inaturalist-open-data.s3.amazonaws.com/photos/75585218/original.jpeg,1989800,Eois heliadaria,Eois,Geometridae
1989839,,,,,1550,,,6,https://inaturalist-open-data.s3.amazonaws.com/photos/80659885/original.jpeg,1989839,Eois russearia,Eois,Geometridae
1989850,,,,,1551,,,4,https://inaturalist-open-data.s3.amazonaws.com/photos/323542819/original.jpeg,1989850,Eois brunneicosta,Eois,Geometridae
1989856,,,,,1552,,,6,https://inaturalist-open-data.s3.amazonaws.com/photos/59299266/original.jpg,1989856,Eois dibapha,Eois,Geometridae
1989863,,,,,1553,,,9,https://inaturalist-open-data.s3.amazonaws.com/photos/333637089/original.jpeg,1989863,Eois myrrha,Eois,Geometridae
1989894,,,,,1554,,,103,http://www.boldsystems.org/pics/MHMYR/11-SRNP-82087-DHJ560832+1343250826.jpg,1989894,Eois apyraria,Eois,Geometridae
1990237,,,,,1555,,,4,https://inaturalist-open-data.s3.amazonaws.com/photos/104699372/original.jpeg,1990237,Tetragonodes murcia,Tetragonodes,Geometridae
1990271,,,,,1556,,,18,https://inaturalist-open-data.s3.amazonaws.com/photos/277638108/original.jpeg,1990271,Lobocleta subcincta,Lobocleta,Geometridae
1990335,,,,,1557,,,1000,https://inaturalist-open-data.s3.amazonaws.com/photos/164089274/original.jpeg,1990335,Lobocleta ossularia,Lobocleta,Geometridae
1990592,,,,,1558,,,7,https://inaturalist-open-data.s3.amazonaws.com/photos/148543414/original.jpeg,1990592,Sphacelodes quadrilineata,Sphacelodes,Geometridae
1990594,,,,,1559,,,593,https://bugguide.net/images/cache/JLN/LHZ/JLNLHZUL0Z3Z8RQHPRRH0RDZMRYZ0RPLKZOL5RTZFLBL0ZSH2RLHMZWL7R3ZKRNL3LFZLZWLHZPLQRFZ2RKHMRULXRNL.jpg,1990594,Sphacelodes vulneraria,Sphacelodes,Geometridae
1990610,,,,,1560,,,9,https://inaturalist-open-data.s3.amazonaws.com/photos/172578286/original.jpg,1990610,Hyalochlora splendens,Hyalochlora,Geometridae
1990649,,,,,1561,,,5,https://inaturalist-open-data.s3.amazonaws.com/photos/186793285/original.jpeg,1990649,Leucula festiva,Leucula,Geometridae
1990651,,,,,1562,,,15,https://inaturalist-open-data.s3.amazonaws.com/photos/19293039/original.jpeg,1990651,Leucula meganira,Leucula,Geometridae
1990652,,,,,1563,,,4,https://inaturalist-open-data.s3.amazonaws.com/photos/22336876/original.jpg,1990652,Leucula orates,Leucula,Geometridae
1990669,,,,,1564,,,12,https://inaturalist-open-data.s3.amazonaws.com/photos/54340957/original.jpeg,1990669,Leucula lucidaria,Leucula,Geometridae
1990891,,,,,1565,,,10,https://inaturalist-open-data.s3.amazonaws.com/photos/126970182/original.jpeg,1990891,Erateina staudingeri,Erateina,Geometridae
1990903,,,,,1566,,,9,https://inaturalist-open-data.s3.amazonaws.com/photos/193356404/original.jpg,1990903,Erateina rogersi,Erateina,Geometridae
1990904,,,,,1567,,,6,https://inaturalist-open-data.s3.amazonaws.com/photos/90412958/original.jpg,1990904,Erateina cometaris,Erateina,Geometridae
1990969,,,,,1568,,,5,https://inaturalist-open-data.s3.amazonaws.com/photos/14693167/original.jpg,1990969,Cratoptera atina,Cratoptera,Geometridae
1990971,,,,,1569,,,11,https://inaturalist-open-data.s3.amazonaws.com/photos/19589254/original.jpg,1990971,Cratoptera primularia,Cratoptera,Geometridae
1990975,,,,,1570,,,9,https://inaturalist-open-data.s3.amazonaws.com/photos/14448998/original.jpeg,1990975,Cratoptera zarumata,Cratoptera,Geometridae
1990998,,,,,1571,,,252,https://inaturalist-open-data.s3.amazonaws.com/photos/115649922/original.jpeg,1990998,Thyrinteina arnobia,Thyrinteina,Geometridae
1991005,,,,,1572,,,26,https://inaturalist-open-data.s3.amazonaws.com/photos/250637440/original.jpeg,1991005,Nematocampa reticulata,Nematocampa,Geometridae
1991014,,,,,1573,,,19,https://inaturalist-open-data.s3.amazonaws.com/photos/105620483/original.jpeg,1991014,Nematocampa arenosa,Nematocampa,Geometridae
1991016,,,,,1574,,,24,https://inaturalist-open-data.s3.amazonaws.com/photos/74832000/original.jpeg,1991016,Nematocampa completa,Nematocampa,Geometridae
1991021,,,,,1575,,,9,https://inaturalist-open-data.s3.amazonaws.com/photos/93819557/original.jpeg,1991021,Nematocampa straminea,Nematocampa,Geometridae
1991407,,,,,1576,,,28,https://inaturalist-open-data.s3.amazonaws.com/photos/304015475/original.jpg,1991407,Cyllopoda jatropharia,Cyllopoda,Geometridae
1991436,,,,,1577,,,5,https://inaturalist-open-data.s3.amazonaws.com/photos/66351819/original.jpg,1991436,Ersephila prema,Ersephila,Geometridae
1991873,,,,,1578,,,9,https://inaturalist-open-data.s3.amazonaws.com/photos/31294637/original.jpeg,1991873,Palyas micacearia,Palyas,Geometridae
1991874,,,,,1579,,,18,https://inaturalist-open-data.s3.amazonaws.com/photos/396400982/original.jpeg,1991874,Palyas locuples,Palyas,Geometridae
1991878,,,,,1580,,,5,https://inaturalist-open-data.s3.amazonaws.com/photos/121498485/original.jpg,1991878,Palyas pallicosta,Palyas,Geometridae
1992315,,,,,1581,,,208,https://inaturalist-open-data.s3.amazonaws.com/photos/380631995/original.jpeg,1992315,Hyblaea puera,Hyblaea,Hyblaeidae
1992571,,,,,1582,,,13,https://inaturalist-open-data.s3.amazonaws.com/photos/135621696/original.jpeg,1992571,Gippius sumptuosus,Gippius,Thyrididae
1992633,,,,,1583,,,6,http://www.boldsystems.org/pics/MHTYA/90-SRNP-1072-DHJ337934+1365544504.jpg,1992633,Banisia furva,Banisia,Thyrididae
1992659,,,,,1584,,,4,https://inaturalist-open-data.s3.amazonaws.com/photos/65899961/original.jpeg,1992659,Pentina flammans,Pentina,Thyrididae
1992758,,,,,1585,,,470,http://www.boldsystems.org/pics/MHMYL/10-SRNP-21171-DHJ534647+1345487082.jpg,1992758,Dysodia spissicornis,Dysodia,Thyrididae
1992801,,,,,1586,,,5,https://inaturalist-open-data.s3.amazonaws.com/photos/160452278/original.jpeg,1992801,Dysodia speculifera,Dysodia,Thyrididae
1992811,,,,,1587,,,6,http://www.boldsystems.org/pics/LNAUW/CCDB-29469-B09+1515361860.JPG,1992811,Dysodia sica,Dysodia,Thyrididae
1993357,,,,,1588,,,6,https://inaturalist-open-data.s3.amazonaws.com/photos/115755294/original.jpeg,1993357,Rhodoneura thiastoralis,Rhodoneura,Thyrididae
1993450,,,,,1589,,,8,https://inaturalist-open-data.s3.amazonaws.com/photos/172007428/original.jpg,1993450,Microsca hedilalis,Microsca,Thyrididae
1993618,,,,,1590,,,12,https://inaturalist-open-data.s3.amazonaws.com/photos/74995704/original.jpg,1993618,Siculodes aurorula,Siculodes,Thyrididae
1993622,,,,,1591,,,7,https://inaturalist-open-data.s3.amazonaws.com/photos/126921991/original.jpeg,1993622,Siculodes substrigata,Siculodes,Thyrididae
4532352,,,,,1592,,,646,https://inaturalist-open-data.s3.amazonaws.com/photos/321205304/original.jpeg,4532352,Hypena lividalis,Hypena,Erebidae
4534796,,,,,1593,,,580,https://inaturalist-open-data.s3.amazonaws.com/photos/35156790/original.jpeg,4534796,Garella nilotica,Garella,Nolidae
5101371,,,,,1594,,,51,https://inaturalist-open-data.s3.amazonaws.com/photos/174063867/original.jpeg,5101371,Morpheis pyracmon,Morpheis,Cossidae
5101374,,,,,1595,,,37,https://inaturalist-open-data.s3.amazonaws.com/photos/104839167/original.jpeg,5101374,Morpheis xylotribus,Morpheis,Cossidae
5101527,,,,,1596,,,212,https://inaturalist-open-data.s3.amazonaws.com/photos/256933022/original.jpg,5101527,Langsdorfia franckii,Langsdorfia,Cossidae
5101818,,,,,1597,,,4,http://www.boldsystems.org/pics/MHAOA/02-SRNP-3541-DHJ319354+1141239862.jpg,5101818,Euglyphis scaptia,Euglyphis,Lasiocampidae
5101829,,,,,1598,,,27,https://inaturalist-open-data.s3.amazonaws.com/photos/253111520/original.jpg,5101829,Euglyphis submarginalis,Euglyphis,Lasiocampidae
5101839,,,,,1599,,,35,https://inaturalist-open-data.s3.amazonaws.com/photos/171866830/original.jpg,5101839,Euglyphis marna,Euglyphis,Lasiocampidae
5101844,,,,,1600,,,9,https://inaturalist-open-data.s3.amazonaws.com/photos/173074584/original.jpg,5101844,Euglyphis lepta,Euglyphis,Lasiocampidae
5101860,,,,,1601,,,14,https://inaturalist-open-data.s3.amazonaws.com/photos/66172302/original.jpeg,5101860,Euglyphis rundala,Euglyphis,Lasiocampidae
5101884,,,,,1602,,,4,https://inaturalist-open-data.s3.amazonaws.com/photos/111194352/original.jpeg,5101884,Euglyphis maria,Euglyphis,Lasiocampidae
5101902,,,,,1603,,,4,https://inaturalist-open-data.s3.amazonaws.com/photos/54884298/original.jpeg,5101902,Euglyphis sonia,Euglyphis,Lasiocampidae
5101933,,,,,1604,,,4,https://inaturalist-open-data.s3.amazonaws.com/photos/256557435/original.jpeg,5101933,Euglyphis definita,Euglyphis,Lasiocampidae
5101934,,,,,1605,,,6,https://inaturalist-open-data.s3.amazonaws.com/photos/360562273/original.jpg,5101934,Euglyphis roxana,Euglyphis,Lasiocampidae
5101948,,,,,1606,,,4,https://inaturalist-open-data.s3.amazonaws.com/photos/33518478/original.jpeg,5101948,Euglyphis barda,Euglyphis,Lasiocampidae
5101985,,,,,1607,,,12,https://inaturalist-open-data.s3.amazonaws.com/photos/65612362/original.jpeg,5101985,Euglyphis modesta,Euglyphis,Lasiocampidae
5101996,,,,,1608,,,8,https://inaturalist-open-data.s3.amazonaws.com/photos/12728117/original.jpg,5101996,Euglyphis zurcheri,Euglyphis,Lasiocampidae
5102002,,,,,1609,,,4,https://inaturalist-open-data.s3.amazonaws.com/photos/63092493/original.jpeg,5102002,Euglyphis charax,Euglyphis,Lasiocampidae
5102009,,,,,1610,,,23,https://inaturalist-open-data.s3.amazonaws.com/photos/224644080/original.png,5102009,Euglyphis larunda,Euglyphis,Lasiocampidae
5102010,,,,,1611,,,15,https://inaturalist-open-data.s3.amazonaws.com/photos/72701289/original.jpg,5102010,Euglyphis asapha,Euglyphis,Lasiocampidae
5102042,,,,,1612,,,11,https://inaturalist-open-data.s3.amazonaws.com/photos/119922566/original.jpeg,5102042,Euglyphis lankesteri,Euglyphis,Lasiocampidae
5102050,,,,,1613,,,19,https://inaturalist-open-data.s3.amazonaws.com/photos/63589411/original.jpeg,5102050,Euglyphis primola,Euglyphis,Lasiocampidae
5102069,,,,,1614,,,19,https://inaturalist-open-data.s3.amazonaws.com/photos/219723395/original.jpeg,5102069,Euglyphis egra,Euglyphis,Lasiocampidae
5102073,,,,,1615,,,9,https://inaturalist-open-data.s3.amazonaws.com/photos/153596670/original.jpeg,5102073,Euglyphis nebula,Euglyphis,Lasiocampidae
5102082,,,,,1616,,,4,https://inaturalist-open-data.s3.amazonaws.com/photos/379140156/original.jpeg,5102082,Euglyphis suramis,Euglyphis,Lasiocampidae
5102093,,,,,1617,,,266,http://www.boldsystems.org/pics/MHMYP/11-SRNP-71153-DHJ553642+1343250538.jpg,5102093,Euglyphis amathuria,Euglyphis,Lasiocampidae
5102103,,,,,1618,,,4,https://inaturalist-open-data.s3.amazonaws.com/photos/234170651/original.jpeg,5102103,Euglyphis consolabilis,Euglyphis,Lasiocampidae
5102106,,,,,1619,,,37,https://inaturalist-open-data.s3.amazonaws.com/photos/111292754/original.jpeg,5102106,Euglyphis melancholica,Euglyphis,Lasiocampidae
5102108,,,,,1620,,,5,http://live.staticflickr.com/5537/9662728896_5d9a316494_b.jpg,5102108,Euglyphis poasia,Euglyphis,Lasiocampidae
5102111,,,,,1621,,,4,https://inaturalist-open-data.s3.amazonaws.com/photos/103863062/original.jpeg,5102111,Euglyphis durtea,Euglyphis,Lasiocampidae
5102134,,,,,1622,,,12,https://inaturalist-open-data.s3.amazonaws.com/photos/330511441/original.jpeg,5102134,Euglyphis guttularis,Euglyphis,Lasiocampidae
5102152,,,,,1623,,,6,https://inaturalist-open-data.s3.amazonaws.com/photos/276064138/original.jpeg,5102152,Euglyphis phyllis,Euglyphis,Lasiocampidae
5102166,,,,,1624,,,18,https://inaturalist-open-data.s3.amazonaws.com/photos/288016473/original.jpeg,5102166,Euglyphis thyatira,Euglyphis,Lasiocampidae
5102169,,,,,1625,,,6,http://www.boldsystems.org/pics/MHAOA/99-SRNP-12475-DHJ319420+1141240300.jpg,5102169,Euglyphis fibra,Euglyphis,Lasiocampidae
5102171,,,,,1626,,,10,http://www.boldsystems.org/pics/BLPAA/19-SRNP-101864-DHJ711023+1683644042.JPG,5102171,Euglyphis obliterata,Euglyphis,Lasiocampidae
5102203,,,,,1627,,,12,https://inaturalist-open-data.s3.amazonaws.com/photos/27635467/original.jpeg,5102203,Euglyphis libnites,Euglyphis,Lasiocampidae
5102351,,,,,1628,,,16,https://inaturalist-open-data.s3.amazonaws.com/photos/20566605/original.jpg,5102351,Tolype nana,Tolype,Lasiocampidae
5102377,,,,,1629,,,7,https://inaturalist-open-data.s3.amazonaws.com/photos/111340269/original.jpeg,5102377,Tolype caieta,Tolype,Lasiocampidae
5105187,,,,,1630,,,12,https://inaturalist-open-data.s3.amazonaws.com/photos/187532507/original.jpg,5105187,Podalia contigua,Podalia,Megalopygidae
5105193,,,,,1631,,,32,https://inaturalist-open-data.s3.amazonaws.com/photos/13839422/original.jpeg,5105193,Podalia thanatos,Podalia,Megalopygidae
5105197,,,,,1632,,,9,https://inaturalist-open-data.s3.amazonaws.com/photos/169403790/original.jpeg,5105197,Podalia bolivari,Podalia,Megalopygidae
5105205,,,,,1633,,,29,https://inaturalist-open-data.s3.amazonaws.com/photos/343919235/original.jpeg,5105205,Podalia amarga,Podalia,Megalopygidae
5105217,,,,,1634,,,249,https://inaturalist-open-data.s3.amazonaws.com/photos/60343517/original.jpg,5105217,Podalia orsilochus,Podalia,Megalopygidae
5105218,,,,,1635,,,98,https://inaturalist-open-data.s3.amazonaws.com/photos/79241720/original.jpeg,5105218,Podalia habitus,Podalia,Megalopygidae
5105220,,,,,1636,,,27,https://inaturalist-open-data.s3.amazonaws.com/photos/356720243/original.jpeg,5105220,Podalia dimidiatus,Podalia,Megalopygidae
5105227,,,,,1637,,,31,https://inaturalist-open-data.s3.amazonaws.com/photos/261910885/original.jpg,5105227,Podalia tympania,Podalia,Megalopygidae
5105229,,,,,1638,,,26,https://inaturalist-open-data.s3.amazonaws.com/photos/104865066/original.jpeg,5105229,Podalia intermaculata,Podalia,Megalopygidae
5105293,,,,,1639,,,12,https://inaturalist-open-data.s3.amazonaws.com/photos/30182866/original.jpeg,5105293,Talima aurora,Talima,Limacodidae
5105306,,,,,1640,,,4,https://inaturalist-open-data.s3.amazonaws.com/photos/164844803/original.jpeg,5105306,Talima rubicolor,Talima,Limacodidae
5105362,,,,,1641,,,5,https://inaturalist-open-data.s3.amazonaws.com/photos/161058683/original.jpg,5105362,Euclea byrne,Euclea,Limacodidae
5105367,,,,,1642,,,104,https://inaturalist-open-data.s3.amazonaws.com/photos/126797066/original.jpeg,5105367,Euclea norba,Euclea,Limacodidae
5105368,,,,,1643,,,10,https://inaturalist-open-data.s3.amazonaws.com/photos/119129687/original.jpeg,5105368,Euclea bidiscalis,Euclea,Limacodidae
5105379,,,,,1644,,,80,https://inaturalist-open-data.s3.amazonaws.com/photos/213936108/original.jpeg,5105379,Euclea plugma,Euclea,Limacodidae
5105380,,,,,1645,,,63,https://inaturalist-open-data.s3.amazonaws.com/photos/72431994/original.jpeg,5105380,Euclea buscki,Euclea,Limacodidae
5105408,,,,,1646,,,18,https://inaturalist-open-data.s3.amazonaws.com/photos/264260855/original.jpg,5105408,Euclea distrahens,Euclea,Limacodidae
5105421,,,,,1647,,,7,https://inaturalist-open-data.s3.amazonaws.com/photos/116499422/original.jpg,5105421,Parasa macrodonta,Parasa,Limacodidae
5105447,,,,,1648,,,153,https://inaturalist-open-data.s3.amazonaws.com/photos/128971386/original.jpeg,5105447,Parasa wellesca,Parasa,Limacodidae
5105491,,,,,1649,,,106,https://inaturalist-open-data.s3.amazonaws.com/photos/279234731/original.jpeg,5105491,Parasa minima,Parasa,Limacodidae
5105498,,,,,1650,,,21,https://inaturalist-open-data.s3.amazonaws.com/photos/175460822/original.jpeg,5105498,Parasa campylostagma,Parasa,Limacodidae
5105499,,,,,1651,,,23,https://inaturalist-open-data.s3.amazonaws.com/photos/179102555/original.jpg,5105499,Parasa imitata,Parasa,Limacodidae
5105518,,,,,1652,,,37,https://inaturalist-open-data.s3.amazonaws.com/photos/173284594/original.jpg,5105518,Parasa viridogrisea,Parasa,Limacodidae
5105554,,,,,1653,,,19,https://inaturalist-open-data.s3.amazonaws.com/photos/72994518/original.jpeg,5105554,Parasa mossica,Parasa,Limacodidae
5105574,,,,,1654,,,17,https://inaturalist-open-data.s3.amazonaws.com/photos/148877638/original.jpg,5105574,Parasa cebrenis,Parasa,Limacodidae
5108665,,,,,1655,,,622,https://inaturalist-open-data.s3.amazonaws.com/photos/359847242/original.jpg,5108665,Callopistria floridensis,Callopistria,Noctuidae
5108755,,,,,1656,,,6,https://ecdysis.org/imglib/scan/MISSA_MEM/MEM456/456196_1654291866_lg.jpg,5108755,Callopistria dapsilis,Callopistria,Noctuidae
5108951,,,,,1657,,,516,https://inaturalist-open-data.s3.amazonaws.com/photos/389403079/original.jpg,5108951,Diphthera festiva,Diphthera,Erebidae
5108983,,,,,1658,,,18,https://inaturalist-open-data.s3.amazonaws.com/photos/73160128/original.jpg,5108983,Tetrisia florigera,Tetrisia,Erebidae
5109585,,,,,1659,,,5,https://inaturalist-open-data.s3.amazonaws.com/photos/61776217/original.jpg,5109585,Cucullia costaricensis,Cucullia,Noctuidae
5109841,,,,,1660,,,46,https://inaturalist-open-data.s3.amazonaws.com/photos/103463945/original.jpeg,5109841,Spodoptera cosmioides,Spodoptera,Noctuidae
5109850,,,,,1661,,,444,https://inaturalist-open-data.s3.amazonaws.com/photos/176808140/original.jpeg,5109850,Spodoptera eridania,Spodoptera,Noctuidae
5109881,,,,,1662,,,777,https://inaturalist-open-data.s3.amazonaws.com/photos/51701395/original.jpeg,5109881,Spodoptera dolichos,Spodoptera,Noctuidae
5109923,,,,,1663,,,94,https://inaturalist-open-data.s3.amazonaws.com/photos/309154627/original.jpg,5109923,Spodoptera androgea,Spodoptera,Noctuidae
5109954,,,,,1664,,,363,https://inaturalist-open-data.s3.amazonaws.com/photos/21496921/original.jpeg,5109954,Spodoptera latifascia,Spodoptera,Noctuidae
5110044,,,,,1665,,,78,https://inaturalist-open-data.s3.amazonaws.com/photos/20409549/original.jpg,5110044,Epidromia rotundata,Epidromia,Erebidae
5110046,,,,,1666,,,9,https://inaturalist-open-data.s3.amazonaws.com/photos/235576142/original.jpeg,5110046,Epidromia pannosa,Epidromia,Erebidae
5110069,,,,,1667,,,10,https://inaturalist-open-data.s3.amazonaws.com/photos/186288084/original.jpeg,5110069,Closteromorpha reniplaga,Closteromorpha,Noctuidae
5110100,,,,,1668,,,4,https://inaturalist-open-data.s3.amazonaws.com/photos/205050553/original.jpg,5110100,Helia bilunulalis,Helia,Erebidae
5110109,,,,,1669,,,5,https://inaturalist-open-data.s3.amazonaws.com/photos/198479635/original.jpg,5110109,Helia argentipes,Helia,Erebidae
5110248,,,,,1670,,,6,https://inaturalist-open-data.s3.amazonaws.com/photos/62882413/original.jpg,5110248,Glenopteris ornata,Glenopteris,Erebidae
5110251,,,,,1671,,,36,https://inaturalist-open-data.s3.amazonaws.com/photos/110691280/original.jpeg,5110251,Glenopteris oculifera,Glenopteris,Erebidae
5110326,,,,,1672,,,649,https://inaturalist-open-data.s3.amazonaws.com/photos/327725481/original.jpg,5110326,Thysania zenobia,Thysania,Erebidae
5110327,,,,,1673,,,660,https://inaturalist-open-data.s3.amazonaws.com/photos/64964085/original.jpeg,5110327,Thysania agrippina,Thysania,Erebidae
5110390,,,,,1674,,,488,https://inaturalist-open-data.s3.amazonaws.com/photos/260484613/original.jpg,5110390,Sosxetra grata,Sosxetra,Erebidae
5110533,,,,,1675,,,378,https://inaturalist-open-data.s3.amazonaws.com/photos/31264519/original.jpeg,5110533,Ceroctena amynta,Ceroctena,Erebidae
5110891,,,,,1676,,,54,https://inaturalist-open-data.s3.amazonaws.com/photos/58384250/original.jpeg,5110891,Lepidodes limbulata,Lepidodes,Erebidae
5111111,,,,,1677,,,27,https://id.digitarium.fi/api/F.128455/Preview001.jpg,5111111,Leucania humidicola,Leucania,Noctuidae
5111141,,,,,1678,,,694,https://inaturalist-open-data.s3.amazonaws.com/photos/207329971/original.jpeg,5111141,Leucania incognita,Leucania,Noctuidae
5111505,,,,,1679,,,4,http://www.boldsystems.org/pics/LNAUT/CCDB-23270-C08+1413296848.JPG,5111505,Leucania inconspicua,Leucania,Noctuidae
5111546,,,,,1680,,,60,http://www.boldsystems.org/pics/BLPAA/19-SRNP-100540-DHJ709699+1683641838.JPG,5111546,Leucania latiuscula,Leucania,Noctuidae
5112125,,,,,1681,,,28,https://inaturalist-open-data.s3.amazonaws.com/photos/129947257/original.jpg,5112125,Aristaria theroalis,Aristaria,Erebidae
5112414,,,,,1682,,,475,https://inaturalist-open-data.s3.amazonaws.com/photos/5596598/original.jpg,5112414,Argyrogramma verruca,Argyrogramma,Noctuidae
5112528,,,,,1683,,,8,https://inaturalist-open-data.s3.amazonaws.com/photos/312746324/original.jpeg,5112528,Ophisma tecta,Ophisma,Erebidae
5112542,,,,,1684,,,181,https://inaturalist-open-data.s3.amazonaws.com/photos/91196541/original.jpg,5112542,Ophisma tropicalis,Ophisma,Erebidae
5112626,,,,,1685,,,43,https://inaturalist-open-data.s3.amazonaws.com/photos/369408495/original.jpeg,5112626,Anoba trigonoides,Anoba,Erebidae
5112782,,,,,1686,,,6,https://inaturalist-open-data.s3.amazonaws.com/photos/112773707/original.jpeg,5112782,Salia semiothisa,Salia,Erebidae
5112814,,,,,1687,,,292,http://www.boldsystems.org/pics/MHAUA/01-SRNP-194-DHJ57021+1365105510.jpg,5112814,Oxidercia thaumantis,Oxidercia,Erebidae
5112825,,,,,1688,,,13,https://inaturalist-open-data.s3.amazonaws.com/photos/302605117/original.jpeg,5112825,Oxidercia toxea,Oxidercia,Erebidae
5112843,,,,,1689,,,40,https://inaturalist-open-data.s3.amazonaws.com/photos/174776564/original.jpeg,5112843,Heterogramma circumflexalis,Heterogramma,Erebidae
5112936,,,,,1690,,,15,http://mediaphoto.mnhn.fr/media/1400499320846zzut65gXt9CqVLX5,5112936,Zale exhausta,Zale,Erebidae
5112945,,,,,1691,,,26,http://mediaphoto.mnhn.fr/media/1400499316059cJEpqB0rmVnmBpPv,5112945,Zale fictilis,Zale,Erebidae
5112994,,,,,1692,,,17,https://inaturalist-open-data.s3.amazonaws.com/photos/216081422/original.jpeg,5112994,Zale galactea,Zale,Erebidae
5113365,,,,,1693,,,454,https://inaturalist-open-data.s3.amazonaws.com/photos/154376813/original.jpg,5113365,Diastema tigris,Diastema,Noctuidae
5113858,,,,,1694,,,39,http://www.boldsystems.org/pics/LNAUS/CCDB-20816-E06+1381248140.JPG,5113858,Acroria terens,Acroria,Noctuidae
5113863,,,,,1695,,,5,https://inaturalist-open-data.s3.amazonaws.com/photos/350656687/original.jpeg,5113863,Acroria chloegrapha,Acroria,Noctuidae
5113949,,,,,1696,,,4,https://inaturalist-open-data.s3.amazonaws.com/photos/113032293/original.jpeg,5113949,Orsa erythrospila,Orsa,Erebidae
5114740,,,,,1697,,,157,http://www.boldsystems.org/pics/BLPEE/13-SRNP-103225-DHJ675946+1407854376.JPG,5114740,Glaucostola guttipalpis,Glaucostola,Erebidae
5114878,,,,,1698,,,13,https://inaturalist-open-data.s3.amazonaws.com/photos/12817032/original.jpg,5114878,Clemensia cincinnata,Clemensia,Erebidae
5114901,,,,,1699,,,5,https://inaturalist-open-data.s3.amazonaws.com/photos/95056920/original.jpeg,5114901,Clemensia cernitis,Clemensia,Erebidae
5114902,,,,,1700,,,23,https://inaturalist-open-data.s3.amazonaws.com/photos/179480154/original.jpg,5114902,Clemensia leopardina,Clemensia,Erebidae
5114961,,,,,1701,,,4,https://inaturalist-open-data.s3.amazonaws.com/photos/245896905/original.jpeg,5114961,Apyre separata,Apyre,Erebidae
5115045,,,,,1702,,,15,https://inaturalist-open-data.s3.amazonaws.com/photos/164673664/original.jpeg,5115045,Aclytia punctata,Aclytia,Erebidae
5115046,,,,,1703,,,81,https://inaturalist-open-data.s3.amazonaws.com/photos/273596108/original.jpeg,5115046,Aclytia heber,Aclytia,Erebidae
5115051,,,,,1704,,,14,https://inaturalist-open-data.s3.amazonaws.com/photos/89535455/original.jpg,5115051,Aclytia ventralis,Aclytia,Erebidae
5115065,,,,,1705,,,5,https://inaturalist-open-data.s3.amazonaws.com/photos/6192826/original.jpeg,5115065,Aclytia albistriga,Aclytia,Erebidae
5115077,,,,,1706,,,9,https://inaturalist-open-data.s3.amazonaws.com/photos/29060692/original.jpg,5115077,Chlorhoda thoracica,Chlorhoda,Erebidae
5115111,,,,,1707,,,20,https://inaturalist-open-data.s3.amazonaws.com/photos/253782738/original.jpeg,5115111,Aethria haemorrhoidalis,Aethria,Erebidae
5115436,,,,,1708,,,15,https://inaturalist-open-data.s3.amazonaws.com/photos/346636771/original.jpeg,5115436,Loxophlebia geminata,Loxophlebia,Erebidae
5115445,,,,,1709,,,9,https://inaturalist-open-data.s3.amazonaws.com/photos/51847840/original.jpg,5115445,Loxophlebia flavipicta,Loxophlebia,Erebidae
5115465,,,,,1710,,,24,https://inaturalist-open-data.s3.amazonaws.com/photos/200174284/original.jpg,5115465,Loxophlebia imitata,Loxophlebia,Erebidae
5115484,,,,,1711,,,4,https://ecdysis.org/imglib/scan/CSU_CSUC/CSU_ENT1018/CSU_ENT1018599_1_35547_1494341549_lg.jpg,5115484,Bertholdia fumida,Bertholdia,Erebidae
5115485,,,,,1712,,,9,https://inaturalist-open-data.s3.amazonaws.com/photos/58984229/original.jpg,5115485,Bertholdia myosticta,Bertholdia,Erebidae
5115488,,,,,1713,,,38,http://www.boldsystems.org/pics/MHARA/06-SRNP-152-DHJ409401+1365550100.jpg,5115488,Bertholdia albipuncta,Bertholdia,Erebidae
5115495,,,,,1714,,,5,https://inaturalist-open-data.s3.amazonaws.com/photos/150357504/original.jpg,5115495,Bertholdia philotera,Bertholdia,Erebidae
5115498,,,,,1715,,,19,https://inaturalist-open-data.s3.amazonaws.com/photos/238608209/original.jpg,5115498,Bertholdia specularis,Bertholdia,Erebidae
5115500,,,,,1716,,,229,https://inaturalist-open-data.s3.amazonaws.com/photos/47089567/original.jpeg,5115500,Bertholdia trigona,Bertholdia,Erebidae
5115503,,,,,1717,,,6,https://inaturalist-open-data.s3.amazonaws.com/photos/325275143/original.jpeg,5115503,Bertholdia ockendeni,Bertholdia,Erebidae
5115533,,,,,1718,,,8,http://www.boldsystems.org/pics/ASARC/INB0003154536-BAES002665+1315856928.jpg,5115533,Metaxanthia vespiformis,Metaxanthia,Erebidae
5115640,,,,,1719,,,5,https://ecdysis.org/imglib/scan/MISSA_MEM/MEM334/MEM334881_Epidesma_ursula_VCV_1537555177_lg.jpg,5115640,Epidesma ursula,Epidesma,Erebidae
5116145,,,,,1720,,,321,https://inaturalist-open-data.s3.amazonaws.com/photos/120564768/original.jpg,5116145,Cosmosoma auge,Cosmosoma,Erebidae
5116151,,,,,1721,,,5,https://inaturalist-open-data.s3.amazonaws.com/photos/24291708/original.jpeg,5116151,Cosmosoma impudica,Cosmosoma,Erebidae
5116153,,,,,1722,,,30,https://inaturalist-open-data.s3.amazonaws.com/photos/339146164/original.jpeg,5116153,Cosmosoma centralis,Cosmosoma,Erebidae
5116154,,,,,1723,,,20,https://inaturalist-open-data.s3.amazonaws.com/photos/126774126/original.jpg,5116154,Cosmosoma regia,Cosmosoma,Erebidae
5116155,,,,,1724,,,13,https://inaturalist-open-data.s3.amazonaws.com/photos/176076/original.JPG,5116155,Cosmosoma zurcheri,Cosmosoma,Erebidae
5116161,,,,,1725,,,10,https://archive.org/download/faunaBiogrepalma/Mariposas%20%2838%29.PNG,5116161,Cosmosoma teuthras,Cosmosoma,Erebidae
5116166,,,,,1726,,,4,https://inaturalist-open-data.s3.amazonaws.com/photos/174258490/original.jpg,5116166,Cosmosoma saron,Cosmosoma,Erebidae
5116169,,,,,1727,,,18,https://inaturalist-open-data.s3.amazonaws.com/photos/115435060/original.jpeg,5116169,Cosmosoma metallescens,Cosmosoma,Erebidae
5116173,,,,,1728,,,14,https://inaturalist-open-data.s3.amazonaws.com/photos/288378431/original.jpg,5116173,Cosmosoma anoxanthia,Cosmosoma,Erebidae
5116195,,,,,1729,,,30,https://inaturalist-open-data.s3.amazonaws.com/photos/143653709/original.jpg,5116195,Cosmosoma impar,Cosmosoma,Erebidae
5116198,,,,,1730,,,46,https://inaturalist-open-data.s3.amazonaws.com/photos/256308038/original.jpeg,5116198,Cosmosoma xanthosticta,Cosmosoma,Erebidae
5116208,,,,,1731,,,103,http://www.boldsystems.org/pics/BLARA/08-SRNP-100423_DHJ624487+1213904534.jpg,5116208,Cosmosoma stibosticta,Cosmosoma,Erebidae
5116215,,,,,1732,,,7,https://inaturalist-open-data.s3.amazonaws.com/photos/304022675/original.jpeg,5116215,Cosmosoma batesii,Cosmosoma,Erebidae
5116252,,,,,1733,,,86,https://inaturalist-open-data.s3.amazonaws.com/photos/198002939/original.jpeg,5116252,Cosmosoma achemon,Cosmosoma,Erebidae
5116269,,,,,1734,,,9,https://ecdysis.org/imglib/scan/MISSA_MEM/MEM333/MEM333896_Cosmosoma_semifulva__1536863058_lg.jpg,5116269,Cosmosoma semifulva,Cosmosoma,Erebidae
5116274,,,,,1735,,,34,https://inaturalist-open-data.s3.amazonaws.com/photos/243998692/original.jpg,5116274,Cosmosoma festivum,Cosmosoma,Erebidae
5116277,,,,,1736,,,8,https://ecdysis.org/imglib/scan/MISSA_MEM/MEM331/MEM331620_Cosmosoma_advena_CEC_1536862459_lg.jpg,5116277,Cosmosoma advena,Cosmosoma,Erebidae
5116281,,,,,1737,,,15,https://inaturalist-open-data.s3.amazonaws.com/photos/121429676/original.jpeg,5116281,Cosmosoma joavana,Cosmosoma,Erebidae
5116293,,,,,1738,,,638,https://inaturalist-open-data.s3.amazonaws.com/photos/305143857/original.jpg,5116293,Cosmosoma myrodora,Cosmosoma,Erebidae
5116298,,,,,1739,,,186,http://www.boldsystems.org/pics/MHARC/07-SRNP-20419-DHJ368181+1190646064.jpg,5116298,Cosmosoma hercyna,Cosmosoma,Erebidae
5116299,,,,,1740,,,6,https://inaturalist-open-data.s3.amazonaws.com/photos/302598975/original.jpeg,5116299,Cosmosoma remota,Cosmosoma,Erebidae
5116312,,,,,1741,,,6,https://inaturalist-open-data.s3.amazonaws.com/photos/64726972/original.jpeg,5116312,Cosmosoma galatea,Cosmosoma,Erebidae
5116321,,,,,1742,,,13,https://inaturalist-open-data.s3.amazonaws.com/photos/334966069/original.jpg,5116321,Cosmosoma intensa,Cosmosoma,Erebidae
5116322,,,,,1743,,,36,https://inaturalist-open-data.s3.amazonaws.com/photos/355009720/original.jpeg,5116322,Cosmosoma sectinota,Cosmosoma,Erebidae
5116368,,,,,1744,,,8,https://inaturalist-open-data.s3.amazonaws.com/photos/110902040/original.jpeg,5116368,Xenosoma nicander,Xenosoma,Erebidae
5116374,,,,,1745,,,15,https://inaturalist-open-data.s3.amazonaws.com/photos/362444172/original.jpeg,5116374,Xenosoma nigromarginatum,Xenosoma,Erebidae
5116380,,,,,1746,,,9,https://inaturalist-open-data.s3.amazonaws.com/photos/336925840/original.jpeg,5116380,Xenosoma geometrina,Xenosoma,Erebidae
5116388,,,,,1747,,,12,https://inaturalist-open-data.s3.amazonaws.com/photos/60012483/original.jpg,5116388,Evius hippia,Evius,Erebidae
5116389,,,,,1748,,,6,https://inaturalist-open-data.s3.amazonaws.com/photos/306581635/original.jpeg,5116389,Evius aurococcinea,Evius,Erebidae
5116423,,,,,1749,,,49,https://inaturalist-open-data.s3.amazonaws.com/photos/121820229/original.jpeg,5116423,Robinsonia dewitzi,Robinsonia,Erebidae
5116435,,,,,1750,,,6,https://inaturalist-open-data.s3.amazonaws.com/photos/95491926/original.jpeg,5116435,Robinsonia deiopea,Robinsonia,Erebidae
5116449,,,,,1751,,,8,https://inaturalist-open-data.s3.amazonaws.com/photos/72265271/original.jpeg,5116449,Robinsonia multimaculata,Robinsonia,Erebidae
5116452,,,,,1752,,,9,https://inaturalist-open-data.s3.amazonaws.com/photos/121880742/original.jpeg,5116452,Robinsonia sanea,Robinsonia,Erebidae
5116545,,,,,1753,,,14,https://inaturalist-open-data.s3.amazonaws.com/photos/275163079/original.jpeg,5116545,Psilopleura vittata,Psilopleura,Erebidae
5116597,,,,,1754,,,16,https://inaturalist-open-data.s3.amazonaws.com/photos/8789831/original.jpg,5116597,Pompiliodes albomarginata,Pompiliodes,Erebidae
5116599,,,,,1755,,,11,https://inaturalist-open-data.s3.amazonaws.com/photos/108106539/original.jpeg,5116599,Pompiliodes aliena,Pompiliodes,Erebidae
5117133,,,,,1756,,,32,https://inaturalist-open-data.s3.amazonaws.com/photos/368686140/original.jpeg,5117133,Pseudosphex ichneumonea,Pseudosphex,Erebidae
5117140,,,,,1757,,,13,https://inaturalist-open-data.s3.amazonaws.com/photos/90676575/original.jpeg,5117140,Pseudosphex laticincta,Pseudosphex,Erebidae
5117244,,,,,1758,,,16,https://inaturalist-open-data.s3.amazonaws.com/photos/265874053/original.jpeg,5117244,Amastus hyalina,Amastus,Erebidae
5117245,,,,,1759,,,63,https://inaturalist-open-data.s3.amazonaws.com/photos/312904365/original.jpeg,5117245,Amastus coccinator,Amastus,Erebidae
5117253,,,,,1760,,,4,https://mediaphoto.mnhn.fr/media/1583496299480BDmSZSp8ylZviKRU,5117253,Amastus persimilis,Amastus,Erebidae
5117262,,,,,1761,,,33,https://inaturalist-open-data.s3.amazonaws.com/photos/107135243/original.jpg,5117262,Amastus episcotosia,Amastus,Erebidae
5117280,,,,,1762,,,4,https://inaturalist-open-data.s3.amazonaws.com/photos/65175178/original.jpg,5117280,Amastus suffusa,Amastus,Erebidae
5117311,,,,,1763,,,7,https://inaturalist-open-data.s3.amazonaws.com/photos/7174046/original.jpeg,5117311,Amastus flavicauda,Amastus,Erebidae
5117347,,,,,1764,,,92,https://inaturalist-open-data.s3.amazonaws.com/photos/12880651/original.jpg,5117347,Amastus thalassina,Amastus,Erebidae
5117348,,,,,1765,,,137,https://inaturalist-open-data.s3.amazonaws.com/photos/178755899/original.jpeg,5117348,Amastus aconia,Amastus,Erebidae
5117413,,,,,1766,,,50,https://inaturalist-open-data.s3.amazonaws.com/photos/58789472/original.jpeg,5117413,Eudesmia lunaris,Eudesmia,Erebidae
5117414,,,,,1767,,,177,https://inaturalist-open-data.s3.amazonaws.com/photos/340187147/original.jpeg,5117414,Eudesmia menea,Eudesmia,Erebidae
5117422,,,,,1768,,,33,https://inaturalist-open-data.s3.amazonaws.com/photos/111750614/original.jpeg,5117422,Dysschema mariamne,Dysschema,Erebidae
5117430,,,,,1769,,,403,https://inaturalist-open-data.s3.amazonaws.com/photos/203751439/original.jpeg,5117430,Dysschema howardi,Dysschema,Erebidae
5117466,,,,,1770,,,4,https://inaturalist-open-data.s3.amazonaws.com/photos/14016533/original.jpeg,5117466,Dysschema perplexa,Dysschema,Erebidae
5117496,,,,,1771,,,10,https://inaturalist-open-data.s3.amazonaws.com/photos/348685941/original.jpg,5117496,Dysschema arema,Dysschema,Erebidae
5117497,,,,,1772,,,7,https://inaturalist-open-data.s3.amazonaws.com/photos/14822869/original.jpeg,5117497,Dysschema leda,Dysschema,Erebidae
5117503,,,,,1773,,,48,https://inaturalist-open-data.s3.amazonaws.com/photos/307592084/original.jpeg,5117503,Dysschema marginalis,Dysschema,Erebidae
5117506,,,,,1774,,,6,https://inaturalist-open-data.s3.amazonaws.com/photos/24642574/original.jpeg,5117506,Dysschema lycaste,Dysschema,Erebidae
5117529,,,,,1775,,,9,https://inaturalist-open-data.s3.amazonaws.com/photos/96315100/original.jpg,5117529,Dysschema cerialis,Dysschema,Erebidae
5117533,,,,,1776,,,141,https://inaturalist-open-data.s3.amazonaws.com/photos/95060212/original.jpeg,5117533,Dysschema jansonis,Dysschema,Erebidae
5117551,,,,,1777,,,18,https://inaturalist-open-data.s3.amazonaws.com/photos/111750523/original.jpeg,5117551,Dysschema magdala,Dysschema,Erebidae
5117608,,,,,1778,,,10,https://inaturalist-open-data.s3.amazonaws.com/photos/135848665/original.jpg,5117608,Opharus procroides,Opharus,Erebidae
5117609,,,,,1779,,,7,https://inaturalist-open-data.s3.amazonaws.com/photos/191230064/original.jpeg,5117609,Opharus consimilis,Opharus,Erebidae
5117618,,,,,1780,,,5,https://inaturalist-open-data.s3.amazonaws.com/photos/59378457/original.jpg,5117618,Opharus rudis,Opharus,Erebidae
5117629,,,,,1781,,,14,https://inaturalist-open-data.s3.amazonaws.com/photos/142590917/original.jpeg,5117629,Opharus basalis,Opharus,Erebidae
5117646,,,,,1782,,,33,https://inaturalist-open-data.s3.amazonaws.com/photos/162057486/original.jpeg,5117646,Opharus bimaculata,Opharus,Erebidae
5117678,,,,,1783,,,9,https://inaturalist-open-data.s3.amazonaws.com/photos/11215400/original.jpg,5117678,Homoeocera stictosoma,Homoeocera,Erebidae
5117680,,,,,1784,,,15,https://inaturalist-open-data.s3.amazonaws.com/photos/26023155/original.jpg,5117680,Homoeocera trizona,Homoeocera,Erebidae
5117685,,,,,1785,,,286,https://inaturalist-open-data.s3.amazonaws.com/photos/35079408/original.jpg,5117685,Dinia eagrus,Dinia,Erebidae
5117687,,,,,1786,,,163,https://inaturalist-open-data.s3.amazonaws.com/photos/260235399/original.jpeg,5117687,Dinia mena,Dinia,Erebidae
5117937,,,,,1787,,,8,https://inaturalist-open-data.s3.amazonaws.com/photos/2982711/original.jpg,5117937,Agylla nivea,Agylla,Erebidae
5117941,,,,,1788,,,24,https://inaturalist-open-data.s3.amazonaws.com/photos/137522099/original.jpeg,5117941,Agylla separata,Agylla,Erebidae
5117951,,,,,1789,,,17,https://inaturalist-open-data.s3.amazonaws.com/photos/261857489/original.jpg,5117951,Agylla argentifera,Agylla,Erebidae
5117972,,,,,1790,,,11,https://inaturalist-open-data.s3.amazonaws.com/photos/205903618/original.jpg,5117972,Agylla nitidalis,Agylla,Erebidae
5118042,,,,,1791,,,6,https://inaturalist-open-data.s3.amazonaws.com/photos/79776773/original.jpeg,5118042,Hiera gyge,Hiera,Erebidae
5118449,,,,,1792,,,21,https://inaturalist-open-data.s3.amazonaws.com/photos/280446191/original.jpg,5118449,Oricia truncata,Oricia,Notodontidae
5118587,,,,,1793,,,10,https://inaturalist-open-data.s3.amazonaws.com/photos/207340506/original.jpeg,5118587,Hemiceras pallidula,Hemiceras,Notodontidae
5118590,,,,,1794,,,4,https://inaturalist-open-data.s3.amazonaws.com/photos/12508370/original.jpg,5118590,Hemiceras modesta,Hemiceras,Notodontidae
5118591,,,,,1795,,,154,http://www.boldsystems.org/pics/MHANA/03-SRNP-18188-DHJ300400+1145647446.jpg,5118591,Hemiceras soso,Hemiceras,Notodontidae
5118596,,,,,1796,,,60,http://www.boldsystems.org/pics/BLPAC/06-SRNP-102154_DHJ502154+1152735570.jpg,5118596,Hemiceras flava,Hemiceras,Notodontidae
5118641,,,,,1797,,,281,http://www.boldsystems.org/pics/MHANC/03-srnp-16344-dhj313445+1140664354.jpg,5118641,Hemiceras zula,Hemiceras,Notodontidae
5118652,,,,,1798,,,100,http://www.boldsystems.org/pics/BLPDU/10-SRNP-110610_DHJ655485+1309874698.jpg,5118652,Hemiceras clarki,Hemiceras,Notodontidae
5118656,,,,,1799,,,6,https://inaturalist-open-data.s3.amazonaws.com/photos/43667193/original.jpeg,5118656,Hemiceras punctata,Hemiceras,Notodontidae
5118689,,,,,1800,,,7,https://inaturalist-open-data.s3.amazonaws.com/photos/42992135/original.jpg,5118689,Hemiceras vinicosta,Hemiceras,Notodontidae
5118695,,,,,1801,,,104,http://www.boldsystems.org/pics/BLPEF/14-SRNP-104222-DHJ681239+1429633712.JPG,5118695,Hemiceras indistans,Hemiceras,Notodontidae
5118706,,,,,1802,,,183,http://www.boldsystems.org/pics/MHANI/07-SRNP-24425-DHJ386950+1365546328.jpg,5118706,Hemiceras vecina,Hemiceras,Notodontidae
5118711,,,,,1803,,,53,http://www.boldsystems.org/pics/BLPBE/07-SRNP-101712_DHJ611676+1177447372.jpg,5118711,Hemiceras losa,Hemiceras,Notodontidae
5118721,,,,,1804,,,12,https://inaturalist-open-data.s3.amazonaws.com/photos/349231243/original.jpeg,5118721,Hemiceras sabis,Hemiceras,Notodontidae
5118740,,,,,1805,,,15,http://www.boldsystems.org/pics/BLPAA/19-SRNP-104174-DHJ713333+1683647066.JPG,5118740,Hemiceras plana,Hemiceras,Notodontidae
5118750,,,,,1806,,,171,http://www.boldsystems.org/pics/MHANJ/97-SRNP-6300-DHJ371765+1213051670.jpg,5118750,Hemiceras nigrescens,Hemiceras,Notodontidae
5118760,,,,,1807,,,10,http://www.boldsystems.org/pics/MHANI/06-SRNP-55404-DHJ334526+1365544072.jpg,5118760,Hemiceras rufescens,Hemiceras,Notodontidae
5118772,,,,,1808,,,6,https://inaturalist-open-data.s3.amazonaws.com/photos/308554810/original.jpeg,5118772,Hemiceras muscosa,Hemiceras,Notodontidae
5118791,,,,,1809,,,6,https://inaturalist-open-data.s3.amazonaws.com/photos/1941198/original.JPG,5118791,Hemiceras sparsipennis,Hemiceras,Notodontidae
5118794,,,,,1810,,,5,https://inaturalist-open-data.s3.amazonaws.com/photos/178132537/original.jpeg,5118794,Hemiceras affinis,Hemiceras,Notodontidae
5118795,,,,,1811,,,4,https://inaturalist-open-data.s3.amazonaws.com/photos/330027715/original.jpeg,5118795,Hemiceras flavescens,Hemiceras,Notodontidae
5119260,,,,,1812,,,13,https://inaturalist-open-data.s3.amazonaws.com/photos/279463408/original.jpeg,5119260,Colax apulus,Colax,Notodontidae
5119316,,,,,1813,,,35,https://inaturalist-open-data.s3.amazonaws.com/photos/277163107/original.jpeg,5119316,Phassus n-signatus,Phassus,Hepialidae
5119319,,,,,1814,,,12,https://inaturalist-open-data.s3.amazonaws.com/photos/400098603/original.jpeg,5119319,Phassus triangularis,Phassus,Hepialidae
5119960,,,,,1815,,,7,https://inaturalist-open-data.s3.amazonaws.com/photos/314851742/original.jpeg,5119960,Inga inflammata,Inga,Oecophoridae
5121850,,,,,1816,,,247,https://inaturalist-open-data.s3.amazonaws.com/photos/223355401/original.jpg,5121850,Telphusa perspicua,Telphusa,Gelechiidae
5122556,,,,,1817,,,707,https://inaturalist-open-data.s3.amazonaws.com/photos/334867009/original.jpeg,5122556,Acrolophus walsinghami,Acrolophus,Tineidae
5122683,,,,,1818,,,905,https://inaturalist-open-data.s3.amazonaws.com/photos/150539269/original.jpg,5122683,Acrolophus panamae,Acrolophus,Tineidae
5123333,,,,,1819,,,11,https://inaturalist-open-data.s3.amazonaws.com/photos/208543550/original.jpg,5123333,Rhobonda gaurisana,Rhobonda,Choreutidae
5123542,,,,,1820,,,115,https://inaturalist-open-data.s3.amazonaws.com/photos/10465851/original.jpg,5123542,Anthophila albertiana,Anthophila,Choreutidae
5123615,,,,,1821,,,92,https://inaturalist-open-data.s3.amazonaws.com/photos/63884001/original.jpg,5123615,Phryxus caicus,Phryxus,Sphingidae
5123636,,,,,1822,,,1000,https://inaturalist-open-data.s3.amazonaws.com/photos/230482304/original.jpg,5123636,Agrius cingulata,Agrius,Sphingidae
5123701,,,,,1823,,,103,https://inaturalist-open-data.s3.amazonaws.com/photos/175807108/original.jpeg,5123701,Oryba kadeni,Oryba,Sphingidae
5123704,,,,,1824,,,55,https://inaturalist-open-data.s3.amazonaws.com/photos/49377956/original.jpg,5123704,Oryba achemenides,Oryba,Sphingidae
5123784,,,,,1825,,,49,https://inaturalist-open-data.s3.amazonaws.com/photos/336405172/original.jpeg,5123784,Isognathus scyron,Isognathus,Sphingidae
5123790,,,,,1826,,,87,https://inaturalist-open-data.s3.amazonaws.com/photos/135946079/original.jpeg,5123790,Isognathus allamandae,Isognathus,Sphingidae
5123801,,,,,1827,,,47,https://inaturalist-open-data.s3.amazonaws.com/photos/344378697/original.jpeg,5123801,Isognathus caricae,Isognathus,Sphingidae
5123954,,,,,1828,,,495,https://inaturalist-open-data.s3.amazonaws.com/photos/90987980/original.jpeg,5123954,Eumorpha satellitia,Eumorpha,Sphingidae
5123956,,,,,1829,,,231,https://inaturalist-open-data.s3.amazonaws.com/photos/209107874/original.jpg,5123956,Eumorpha anchemolus,Eumorpha,Sphingidae
5123961,,,,,1830,,,114,https://inaturalist-open-data.s3.amazonaws.com/photos/392910604/original.jpg,5123961,Eumorpha phorbas,Eumorpha,Sphingidae
5123971,,,,,1831,,,523,https://inaturalist-open-data.s3.amazonaws.com/photos/149142311/original.jpeg,5123971,Eumorpha labruscae,Eumorpha,Sphingidae
5123974,,,,,1832,,,27,https://inaturalist-open-data.s3.amazonaws.com/photos/354291310/original.jpg,5123974,Eumorpha obliquus,Eumorpha,Sphingidae
5123979,,,,,1833,,,1000,https://inaturalist-open-data.s3.amazonaws.com/photos/162164728/original.jpg,5123979,Eumorpha vitis,Eumorpha,Sphingidae
5123983,,,,,1834,,,407,https://inaturalist-open-data.s3.amazonaws.com/photos/202613018/original.jpeg,5123983,Eumorpha fasciatus,Eumorpha,Sphingidae
5123991,,,,,1835,,,59,http://www.boldsystems.org/pics/BLPAA/16-SRNP-1572-DHJ930832+1551984868.jpg,5123991,Eumorpha triangulum,Eumorpha,Sphingidae
5123996,,,,,1836,,,85,https://inaturalist-open-data.s3.amazonaws.com/photos/363914615/original.jpeg,5123996,Eumorpha capronnieri,Eumorpha,Sphingidae
5124249,,,,,1837,,,230,https://inaturalist-open-data.s3.amazonaws.com/photos/128789070/original.jpeg,5124249,Enyo gorgon,Enyo,Sphingidae
5124250,,,,,1838,,,1000,https://inaturalist-open-data.s3.amazonaws.com/photos/98019342/original.jpeg,5124250,Enyo lugubris,Enyo,Sphingidae
5124256,,,,,1839,,,11,https://inaturalist-open-data.s3.amazonaws.com/photos/362422589/original.jpeg,5124256,Enyo taedium,Enyo,Sphingidae
5124261,,,,,1840,,,38,https://inaturalist-open-data.s3.amazonaws.com/photos/303219432/original.jpeg,5124261,Enyo cavifer,Enyo,Sphingidae
5124268,,,,,1841,,,406,http://www.boldsystems.org/pics/MHACG/01-SRNP-1927-DHJ95978.jpg,5124268,Enyo ocypete,Enyo,Sphingidae
5124442,,,,,1842,,,400,https://inaturalist-open-data.s3.amazonaws.com/photos/204748490/original.jpeg,5124442,Aellopos clavipes,Aellopos,Sphingidae
5124443,,,,,1843,,,120,https://inaturalist-open-data.s3.amazonaws.com/photos/272587015/original.jpeg,5124443,Aellopos fadus,Aellopos,Sphingidae
5124450,,,,,1844,,,407,https://inaturalist-open-data.s3.amazonaws.com/photos/222064508/original.jpeg,5124450,Aellopos titan,Aellopos,Sphingidae
5124452,,,,,1845,,,115,https://inaturalist-open-data.s3.amazonaws.com/photos/79529778/original.jpeg,5124452,Aellopos ceculus,Aellopos,Sphingidae
5124557,,,,,1846,,,368,https://inaturalist-open-data.s3.amazonaws.com/photos/195422366/original.jpg,5124557,Rothschildia lebeau,Rothschildia,Saturniidae
5124564,,,,,1847,,,10,https://inaturalist-open-data.s3.amazonaws.com/photos/32581128/original.jpg,5124564,Rothschildia zacateca,Rothschildia,Saturniidae
5124568,,,,,1848,,,14,http://www.boldsystems.org/pics/JSCR/02-SRNP-2624-DHJ91781.jpg,5124568,Rothschildia triloba,Rothschildia,Saturniidae
5124575,,,,,1849,,,36,https://inaturalist-open-data.s3.amazonaws.com/photos/93520888/original.jpeg,5124575,Rothschildia aurota,Rothschildia,Saturniidae
5124589,,,,,1850,,,103,https://inaturalist-open-data.s3.amazonaws.com/photos/160165772/original.jpeg,5124589,Rothschildia cinctus,Rothschildia,Saturniidae
5124595,,,,,1851,,,134,https://observation.org/photos/25122097.jpg,5124595,Rothschildia erycina,Rothschildia,Saturniidae
5124598,,,,,1852,,,81,https://inaturalist-open-data.s3.amazonaws.com/photos/67258601/original.jpeg,5124598,Rothschildia hesperus,Rothschildia,Saturniidae
5124873,,,,,1853,,,109,https://inaturalist-open-data.s3.amazonaws.com/photos/105331855/original.jpeg,5124873,Titaea tamerlan,Titaea,Saturniidae
5125115,,,,,1854,,,14,https://inaturalist-open-data.s3.amazonaws.com/photos/6247238/original.jpeg,5125115,Epia casnonia,Epia,Bombycidae
5125118,,,,,1855,,,119,https://inaturalist-open-data.s3.amazonaws.com/photos/176474949/original.jpeg,5125118,Epia muscosa,Epia,Bombycidae
5125141,,,,,1856,,,22,https://inaturalist-open-data.s3.amazonaws.com/photos/101783532/original.jpeg,5125141,Zanola verago,Zanola,Apatelodidae
5125525,,,,,1857,,,91,https://inaturalist-open-data.s3.amazonaws.com/photos/108742275/original.jpg,5125525,Semnia auritalis,Semnia,Pyralidae
5125526,,,,,1858,,,6,https://inaturalist-open-data.s3.amazonaws.com/photos/100817412/original.jpeg,5125526,Semnia ligatalis,Semnia,Pyralidae
5125540,,,,,1859,,,15,https://ecdysis.org/imglib/scan/misc/202203/SDNHM236445.JPG,5125540,Anabasis ochrodesma,Anabasis,Pyralidae
5125911,,,,,1860,,,7,https://inaturalist-open-data.s3.amazonaws.com/photos/384572938/original.jpg,5125911,Lophopleura eurzonalis,Lophopleura,Pyralidae
5125916,,,,,1861,,,114,https://inaturalist-open-data.s3.amazonaws.com/photos/262164187/original.jpeg,5125916,Cacozelia elegans,Cacozelia,Pyralidae
5125932,,,,,1862,,,135,http://www.boldsystems.org/pics/MHMYK/10-SRNP-56477-DHJ534095+1345487222.jpg,5125932,Carthara albicosta,Carthara,Pyralidae
5126465,,,,,1863,,,31,https://inaturalist-open-data.s3.amazonaws.com/photos/7707246/original.jpg,5126465,Desmia ufeus,Desmia,Crambidae
5126475,,,,,1864,,,6,http://www.boldsystems.org/pics/MHAMB/81-SRNP-205-DHJ336565+1365544306.jpg,5126475,Desmia julialis,Desmia,Crambidae
5126494,,,,,1865,,,97,https://inaturalist-open-data.s3.amazonaws.com/photos/304265863/original.jpg,5126494,Desmia bajulalis,Desmia,Crambidae
5126503,,,,,1866,,,12,https://inaturalist-open-data.s3.amazonaws.com/photos/92748410/original.jpeg,5126503,Desmia tages,Desmia,Crambidae
5126533,,,,,1867,,,42,https://bugguide.net/images/cache/I0J/Q40/I0JQ403Q20BRKQDRSQCR7QJR0QJRKQ3R20JRIQ1R70OQG0S0SQORU0YRQQDR0QURX0OQE0H0IQJR7QTRMQS020Z0IQ.jpg,5126533,Desmia deploralis,Desmia,Crambidae
5126548,,,,,1868,,,5,https://inaturalist-open-data.s3.amazonaws.com/photos/303669941/original.jpeg,5126548,Desmia filicornis,Desmia,Crambidae
5126556,,,,,1869,,,5,https://inaturalist-open-data.s3.amazonaws.com/photos/253747486/original.jpeg,5126556,Desmia flavalis,Desmia,Crambidae
5126558,,,,,1870,,,31,http://www.boldsystems.org/pics/MHAMC/98-SRNP-15136-DHJ370980+1220097504.jpg,5126558,Desmia octomaculalis,Desmia,Crambidae
5126559,,,,,1871,,,5,https://inaturalist-open-data.s3.amazonaws.com/photos/238959846/original.jpeg,5126559,Omiodes martini,Omiodes,Crambidae
5126585,,,,,1872,,,33,https://inaturalist-open-data.s3.amazonaws.com/photos/85324375/original.jpeg,5126585,Omiodes simialis,Omiodes,Crambidae
5126587,,,,,1873,,,6,https://inaturalist-open-data.s3.amazonaws.com/photos/117591853/original.jpeg,5126587,Omiodes insolutalis,Omiodes,Crambidae
5126598,,,,,1874,,,12,https://inaturalist-open-data.s3.amazonaws.com/photos/173293074/original.jpg,5126598,Omiodes pandaralis,Omiodes,Crambidae
5126614,,,,,1875,,,412,http://www.boldsystems.org/pics/MHMYM/14-SRNP-508-DHJ591447+1429634672.jpg,5126614,Omiodes cuniculalis,Omiodes,Crambidae
5126625,,,,,1876,,,8,https://inaturalist-open-data.s3.amazonaws.com/photos/341025694/original.jpg,5126625,Omiodes alboanalis,Omiodes,Crambidae
5126626,,,,,1877,,,12,https://inaturalist-open-data.s3.amazonaws.com/photos/8126373/original.jpg,5126626,Omiodes fulvicauda,Omiodes,Crambidae
5126633,,,,,1878,,,14,https://inaturalist-open-data.s3.amazonaws.com/photos/165503978/original.jpeg,5126633,Omiodes humeralis,Omiodes,Crambidae
5126648,,,,,1879,,,13,https://inaturalist-open-data.s3.amazonaws.com/photos/245080505/original.jpg,5126648,Omiodes grandis,Omiodes,Crambidae
5126651,,,,,1880,,,39,https://inaturalist-open-data.s3.amazonaws.com/photos/178831718/original.jpeg,5126651,Omiodes stigmosalis,Omiodes,Crambidae
5126655,,,,,1881,,,14,https://inaturalist-open-data.s3.amazonaws.com/photos/104662134/original.jpeg,5126655,Omiodes croceiceps,Omiodes,Crambidae
5126663,,,,,1882,,,72,https://inaturalist-open-data.s3.amazonaws.com/photos/342841230/original.jpeg,5126663,Syllepis marialis,Syllepis,Crambidae
5126711,,,,,1883,,,5,https://inaturalist-open-data.s3.amazonaws.com/photos/87352777/original.jpg,5126711,Argyria centrifugens,Argyria,Crambidae
5126717,,,,,1884,,,8,https://inaturalist-open-data.s3.amazonaws.com/photos/30776310/original.jpeg,5126717,Argyria insons,Argyria,Crambidae
5126718,,,,,1885,,,1000,https://inaturalist-open-data.s3.amazonaws.com/photos/312039452/original.jpeg,5126718,Argyria nivalis,Argyria,Crambidae
5126721,,,,,1886,,,162,https://bugguide.net/images/cache/2RH/H5R/2RHH5RZHIRVLRZDLQZOLZZ9L3L2LJL2LMRDZ3LUL3LAL5RZHPRVL6RRHXZHHPRHH4RKH0ZOLMZKHQZ1LXZHH4RLHSZTL.jpg,5126721,Argyria lacteella,Argyria,Crambidae
5126751,,,,,1887,,,59,https://inaturalist-open-data.s3.amazonaws.com/photos/349254070/original.jpg,5126751,Microthyris prolongalis,Microthyris,Crambidae
5126758,,,,,1888,,,38,https://inaturalist-open-data.s3.amazonaws.com/photos/6670129/original.jpeg,5126758,Siga pyronia,Siga,Crambidae
5126963,,,,,1889,,,698,https://inaturalist-open-data.s3.amazonaws.com/photos/140396470/original.jpg,5126963,Scoparia biplagialis,Scoparia,Crambidae
5127089,,,,,1890,,,149,https://inaturalist-open-data.s3.amazonaws.com/photos/168031772/original.jpg,5127089,Agathodes monstralis,Agathodes,Crambidae
5127090,,,,,1891,,,126,http://www.boldsystems.org/pics/MHMYM/14-SRNP-41177-DHJ591375+1429634586.jpg,5127090,Agathodes designalis,Agathodes,Crambidae
5127118,,,,,1892,,,381,https://inaturalist-open-data.s3.amazonaws.com/photos/18761935/original.jpeg,5127118,Glaphyria invisalis,Glaphyria,Crambidae
5127209,,,,,1893,,,64,https://inaturalist-open-data.s3.amazonaws.com/photos/318546971/original.jpg,5127209,Megastes praxiteles,Megastes,Crambidae
5127210,,,,,1894,,,7,https://inaturalist-open-data.s3.amazonaws.com/photos/181185969/original.jpeg,5127210,Megastes grandalis,Megastes,Crambidae
5127211,,,,,1895,,,14,https://inaturalist-open-data.s3.amazonaws.com/photos/318311492/original.jpeg,5127211,Megastes pusialis,Megastes,Crambidae
5127528,,,,,1896,,,4,http://www.boldsystems.org/pics/MHAMA/93-SRNP-4716-DHJ332108+1365543708.jpg,5127528,Lativalva pseudosmithii,Lativalva,Crambidae
5127562,,,,,1897,,,45,https://inaturalist-open-data.s3.amazonaws.com/photos/199806211/original.jpeg,5127562,Glyphodes confinis,Glyphodes,Crambidae
5127631,,,,,1898,,,193,https://inaturalist-open-data.s3.amazonaws.com/photos/286899324/original.jpeg,5127631,Glyphodes sibillalis,Glyphodes,Crambidae
5127680,,,,,1899,,,41,https://inaturalist-open-data.s3.amazonaws.com/photos/175062153/original.jpeg,5127680,Glyphodes grandisalis,Glyphodes,Crambidae
5141542,,,,,1900,,,7,https://inaturalist-open-data.s3.amazonaws.com/photos/9034863/original.jpeg,5141542,Athis clitarcha,Athis,Castniidae
5142842,,,,,1901,,,58,https://inaturalist-open-data.s3.amazonaws.com/photos/253327788/original.jpeg,5142842,Thyatira mexicana,Thyatira,Drepanidae
5143179,,,,,1902,,,13,https://inaturalist-open-data.s3.amazonaws.com/photos/41694891/original.jpeg,5143179,Psamathia impunctata,Psamathia,Uraniidae
5143180,,,,,1903,,,6,https://inaturalist-open-data.s3.amazonaws.com/photos/308277428/original.jpeg,5143180,Psamathia amplata,Psamathia,Uraniidae
5143232,,,,,1904,,,753,https://inaturalist-open-data.s3.amazonaws.com/photos/90160518/original.jpg,5143232,Urania fulgens,Urania,Uraniidae
5143618,,,,,1905,,,5,https://inaturalist-open-data.s3.amazonaws.com/photos/197828889/original.jpeg,5143618,Hylaea pardiria,Hylaea,Geometridae
5143987,,,,,1906,,,22,https://ecdysis.org/imglib/scan/misc/202010/SDNHM166260.JPG,5143987,Sicya inquinata,Sicya,Geometridae
5143990,,,,,1907,,,11,https://inaturalist-open-data.s3.amazonaws.com/photos/103785892/original.jpeg,5143990,Sicya pomona,Sicya,Geometridae
5144043,,,,,1908,,,9,https://inaturalist-open-data.s3.amazonaws.com/photos/114008407/original.jpeg,5144043,Polla hemeraria,Polla,Geometridae
5144327,,,,,1909,,,21,https://inaturalist-open-data.s3.amazonaws.com/photos/237239003/original.jpg,5144327,Hygrochroma olivinaria,Hygrochroma,Geometridae
5144328,,,,,1910,,,11,https://inaturalist-open-data.s3.amazonaws.com/photos/89918374/original.jpeg,5144328,Hygrochroma nondina,Hygrochroma,Geometridae
5144363,,,,,1911,,,44,https://inaturalist-open-data.s3.amazonaws.com/photos/60247796/original.jpg,5144363,Paragonia cruraria,Paragonia,Geometridae
5144494,,,,,1912,,,19,https://inaturalist-open-data.s3.amazonaws.com/photos/305824131/original.jpeg,5144494,Oligopleura aulaeata,Oligopleura,Geometridae
5144646,,,,,1913,,,14,https://inaturalist-open-data.s3.amazonaws.com/photos/185986086/original.jpeg,5144646,Bassania olivacea,Bassania,Geometridae
5144649,,,,,1914,,,10,https://inaturalist-open-data.s3.amazonaws.com/photos/127847442/original.jpg,5144649,Bassania crocallinaria,Bassania,Geometridae
5145027,,,,,1915,,,9,https://inaturalist-open-data.s3.amazonaws.com/photos/37596406/original.jpeg,5145027,Scopula eburneata,Scopula,Geometridae
5145125,,,,,1916,,,9,https://inaturalist-open-data.s3.amazonaws.com/photos/201560783/original.jpeg,5145125,Scopula phyxelis,Scopula,Geometridae
5145560,,,,,1917,,,599,https://inaturalist-open-data.s3.amazonaws.com/photos/238877672/original.jpg,5145560,Scopula umbilicata,Scopula,Geometridae
5145583,,,,,1918,,,14,https://inaturalist-open-data.s3.amazonaws.com/photos/306611967/original.jpeg,5145583,Scopula subquadrata,Scopula,Geometridae
5146130,,,,,1919,,,7,https://inaturalist-open-data.s3.amazonaws.com/photos/102524280/original.jpeg,5146130,Perizoma basiplaga,Perizoma,Geometridae
5146145,,,,,1920,,,6,https://inaturalist-open-data.s3.amazonaws.com/photos/9228229/original.jpg,5146145,Heterusia dividata,Heterusia,Geometridae
5146179,,,,,1921,,,195,https://bugguide.net/images/cache/OZI/R3Z/OZIR3Z7RHHHZ1LYL9L7ZVL7ZBL0Z1LIZDLERJZRZ6LQRYZ0RTZQR6LJLWLQRDZZZDZ3LNLFLAL6ROLPRVL4RQHERBL0Z.jpg,5146179,Heterusia atalantata,Heterusia,Geometridae
5146228,,,,,1922,,,16,https://inaturalist-open-data.s3.amazonaws.com/photos/201586381/original.jpeg,5146228,Heterusia partitata,Heterusia,Geometridae
5146537,,,,,1923,,,6,https://inaturalist-open-data.s3.amazonaws.com/photos/61501323/original.jpg,5146537,Idaea fervens,Idaea,Geometridae
5146739,,,,,1924,,,5,https://inaturalist-open-data.s3.amazonaws.com/photos/60197257/original.jpeg,5146739,Idaea vagula,Idaea,Geometridae
5146792,,,,,1925,,,11,https://inaturalist-open-data.s3.amazonaws.com/photos/14127940/original.jpg,5146792,Idaea helleria,Idaea,Geometridae
5146890,,,,,1926,,,4,https://inaturalist-open-data.s3.amazonaws.com/photos/306923438/original.jpg,5146890,Idaea muscifasciata,Idaea,Geometridae
5146983,,,,,1927,,,16,https://inaturalist-open-data.s3.amazonaws.com/photos/240953212/original.jpg,5146983,Idaea gospera,Idaea,Geometridae
5147031,,,,,1928,,,11,https://inaturalist-open-data.s3.amazonaws.com/photos/240793188/original.jpg,5147031,Idaea subfervens,Idaea,Geometridae
5147052,,,,,1929,,,26,https://inaturalist-open-data.s3.amazonaws.com/photos/39476700/original.jpg,5147052,Idaea gemma,Idaea,Geometridae
5147076,,,,,1930,,,5,https://inaturalist-open-data.s3.amazonaws.com/photos/371265449/original.jpeg,5147076,Idaea orilochia,Idaea,Geometridae
5147242,,,,,1931,,,5,https://inaturalist-open-data.s3.amazonaws.com/photos/270559319/original.jpeg,5147242,Idaea triangulata,Idaea,Geometridae
5147457,,,,,1932,,,5,https://inaturalist-open-data.s3.amazonaws.com/photos/110350032/original.jpeg,5147457,Idaea elata,Idaea,Geometridae
5147468,,,,,1933,,,12,https://inaturalist-open-data.s3.amazonaws.com/photos/251265348/original.jpeg,5147468,Idaea flavicosta,Idaea,Geometridae
5147567,,,,,1934,,,12,https://inaturalist-open-data.s3.amazonaws.com/photos/12555865/original.jpg,5147567,Idaea similinea,Idaea,Geometridae
5148280,,,,,1935,,,98,https://inaturalist-open-data.s3.amazonaws.com/photos/4845873/original.jpg,5148280,Chlorochlamys appellaria,Chlorochlamys,Geometridae
5148497,,,,,1936,,,11,https://inaturalist-open-data.s3.amazonaws.com/photos/371055657/original.jpeg,5148497,Microgonia perfulvata,Microgonia,Geometridae
5148509,,,,,1937,,,4,https://inaturalist-open-data.s3.amazonaws.com/photos/114106403/original.jpeg,5148509,Erycinopsis diaphana,Erycinopsis,Geometridae
5148540,,,,,1938,,,6,https://inaturalist-open-data.s3.amazonaws.com/photos/55814335/original.jpg,5148540,Iridopsis oberthuri,Iridopsis,Geometridae
5148557,,,,,1939,,,6,https://inaturalist-open-data.s3.amazonaws.com/photos/244788317/original.jpeg,5148557,Iridopsis chalcea,Iridopsis,Geometridae
5148593,,,,,1940,,,44,https://inaturalist-open-data.s3.amazonaws.com/photos/262197592/original.jpeg,5148593,Iridopsis validaria,Iridopsis,Geometridae
5148602,,,,,1941,,,6,https://inaturalist-open-data.s3.amazonaws.com/photos/343787268/original.jpeg,5148602,Pero infantilis,Pero,Geometridae
5148611,,,,,1942,,,16,https://inaturalist-open-data.s3.amazonaws.com/photos/104097414/original.jpeg,5148611,Pero costa,Pero,Geometridae
5148624,,,,,1943,,,20,https://inaturalist-open-data.s3.amazonaws.com/photos/287851978/original.jpeg,5148624,Pero polygonaria,Pero,Geometridae
5148642,,,,,1944,,,78,http://www.boldsystems.org/pics/BLPBB/06-SRNP-108888_DHJ608888+1199992260.jpg,5148642,Pero amanda,Pero,Geometridae
5148645,,,,,1945,,,6,https://inaturalist-open-data.s3.amazonaws.com/photos/378169767/original.jpeg,5148645,Pero nigra,Pero,Geometridae
5148664,,,,,1946,,,8,https://inaturalist-open-data.s3.amazonaws.com/photos/114295887/original.jpeg,5148664,Pero plagodiata,Pero,Geometridae
5148721,,,,,1947,,,11,https://inaturalist-open-data.s3.amazonaws.com/photos/6714522/original.jpeg,5148721,Pero saturata,Pero,Geometridae
5148736,,,,,1948,,,4,https://inaturalist-open-data.s3.amazonaws.com/photos/104395950/original.jpeg,5148736,Pero rumina,Pero,Geometridae
5148738,,,,,1949,,,9,https://inaturalist-open-data.s3.amazonaws.com/photos/310215331/original.jpeg,5148738,Pero exquisita,Pero,Geometridae
5148741,,,,,1950,,,8,https://inaturalist-open-data.s3.amazonaws.com/photos/234934675/original.jpg,5148741,Pero tricaria,Pero,Geometridae
5148772,,,,,1951,,,5,https://inaturalist-open-data.s3.amazonaws.com/photos/363776818/original.jpg,5148772,Pero clysiaria,Pero,Geometridae
5148811,,,,,1952,,,11,https://inaturalist-open-data.s3.amazonaws.com/photos/88626286/original.jpeg,5148811,Pero chapela,Pero,Geometridae
5148822,,,,,1953,,,4,https://inaturalist-open-data.s3.amazonaws.com/photos/104093478/original.jpeg,5148822,Pero asterodia,Pero,Geometridae
5148835,,,,,1954,,,4,https://inaturalist-open-data.s3.amazonaws.com/photos/104454405/original.jpeg,5148835,Pero mnasilaria,Pero,Geometridae
5148837,,,,,1955,,,5,https://inaturalist-open-data.s3.amazonaws.com/photos/197354984/original.jpg,5148837,Pero astapa,Pero,Geometridae
5148849,,,,,1956,,,6,https://inaturalist-open-data.s3.amazonaws.com/photos/104454155/original.jpeg,5148849,Pero heralda,Pero,Geometridae
5148885,,,,,1957,,,5,https://inaturalist-open-data.s3.amazonaws.com/photos/147700278/original.jpeg,5148885,Pero odonaria,Pero,Geometridae
5148892,,,,,1958,,,6,https://inaturalist-open-data.s3.amazonaws.com/photos/334609596/original.jpg,5148892,Pero stuposaria,Pero,Geometridae
5148902,,,,,1959,,,80,http://www.boldsystems.org/pics/BLPDR/10-SRNP-105756_DHJ650631+1274816578.jpg,5148902,Pero delauta,Pero,Geometridae
5148934,,,,,1960,,,196,https://inaturalist-open-data.s3.amazonaws.com/photos/387689954/original.jpg,5148934,Pero radiosaria,Pero,Geometridae
5148987,,,,,1961,,,13,https://inaturalist-open-data.s3.amazonaws.com/photos/59197763/original.jpg,5148987,Pero xylinaria,Pero,Geometridae
5149222,,,,,1962,,,54,https://inaturalist-open-data.s3.amazonaws.com/photos/361469728/original.jpg,5149222,Epimecis puellaria,Epimecis,Geometridae
5149226,,,,,1963,,,4,https://inaturalist-open-data.s3.amazonaws.com/photos/102313690/original.jpeg,5149226,Epimecis diffundaria,Epimecis,Geometridae
5149236,,,,,1964,,,13,http://www.boldsystems.org/pics/MHAGB/93-SRNP-3066-DHJ357420+1175910016.jpg,5149236,Epimecis plumbilinea,Epimecis,Geometridae
5149246,,,,,1965,,,15,https://inaturalist-open-data.s3.amazonaws.com/photos/310195367/original.jpeg,5149246,Epimecis matronaria,Epimecis,Geometridae
5149252,,,,,1966,,,7,https://inaturalist-open-data.s3.amazonaws.com/photos/247782343/original.jpeg,5149252,Epimecis conjugaria,Epimecis,Geometridae
5149255,,,,,1967,,,17,https://inaturalist-open-data.s3.amazonaws.com/photos/167134383/original.jpg,5149255,Epimecis anonaria,Epimecis,Geometridae
5149257,,,,,1968,,,7,https://inaturalist-open-data.s3.amazonaws.com/photos/92078169/original.jpeg,5149257,Epimecis subroraria,Epimecis,Geometridae
5149811,,,,,1969,,,72,https://inaturalist-open-data.s3.amazonaws.com/photos/294282526/original.jpeg,5149811,Cyclophora coecaria,Cyclophora,Geometridae
5150054,,,,,1970,,,4,https://inaturalist-open-data.s3.amazonaws.com/photos/245177680/original.jpg,5150054,Draconia peripheta,Draconia,Thyrididae
5150062,,,,,1971,,,12,https://inaturalist-open-data.s3.amazonaws.com/photos/245563125/original.jpg,5150062,Draconia rusina,Draconia,Thyrididae
5771877,,,,,1972,,,680,https://inaturalist-open-data.s3.amazonaws.com/photos/37632386/original.jpg,5771877,Diaphania indica,Diaphania,Crambidae
5806244,,,,,1973,,,243,https://inaturalist-open-data.s3.amazonaws.com/photos/305577696/original.jpeg,5806244,Rothschildia orizaba,Rothschildia,Saturniidae
5880539,,,,,1974,,,1000,https://inaturalist-open-data.s3.amazonaws.com/photos/94401600/original.jpeg,5880539,Macaria abydata,Macaria,Geometridae
5884258,,,,,1975,,,692,https://inaturalist-open-data.s3.amazonaws.com/photos/112453271/original.jpg,5884258,Mocis latipes,Mocis,Erebidae
6115953,,,,,1976,,,708,https://inaturalist-open-data.s3.amazonaws.com/photos/144276824/original.jpeg,6115953,Amyna stricta,Amyna,Noctuidae
6117485,,,,,1977,,,254,https://inaturalist-open-data.s3.amazonaws.com/photos/90601305/original.jpeg,6117485,Eudocima apta,Eudocima,Erebidae
6118011,,,,,1978,,,40,https://inaturalist-open-data.s3.amazonaws.com/photos/11564565/original.jpeg,6118011,Phricanthes flexilineana,Phricanthes,Tortricidae
6121010,,,,,1979,,,544,https://inaturalist-open-data.s3.amazonaws.com/photos/339901568/original.jpeg,6121010,Metoeca foedalis,Metoeca,Crambidae
6121218,,,,,1980,,,125,http://www.boldsystems.org/pics/LNAUW/CCDB-29469-B10+1515361980.JPG,6121218,Salbia haemorrhoidalis,Salbia,Crambidae
6199058,,,,,1981,,,7,https://inaturalist-open-data.s3.amazonaws.com/photos/6304751/original.jpeg,6199058,Marilopteryx lamptera,Marilopteryx,Noctuidae
6199059,,,,,1982,,,5,https://inaturalist-open-data.s3.amazonaws.com/photos/98673397/original.jpeg,6199059,Marilopteryx carancahua,Marilopteryx,Noctuidae
7008861,,,,,1983,,,13,https://inaturalist-open-data.s3.amazonaws.com/photos/225846652/original.jpeg,7008861,Euclea vericrux,Euclea,Limacodidae
7372375,,,,,1984,,,113,https://inaturalist-open-data.s3.amazonaws.com/photos/5118687/original.jpg,7372375,Streptopalpia minusculalis,Streptopalpia,Pyralidae
7383338,,,,,1985,,,75,https://inaturalist-open-data.s3.amazonaws.com/photos/105286731/original.jpg,7383338,Condica imitata,Condica,Noctuidae
7400814,,,,,1986,,,691,https://inaturalist-open-data.s3.amazonaws.com/photos/250302553/original.jpeg,7400814,Feltia subterranea,Feltia,Noctuidae
7417236,,,,,1987,,,8,https://inaturalist-open-data.s3.amazonaws.com/photos/52518783/original.jpeg,7417236,Iscadia furcifera,Iscadia,Nolidae
7458466,,,,,1988,,,19,https://inaturalist-open-data.s3.amazonaws.com/photos/373240606/original.jpg,7458466,Metria celia,Metria,Erebidae
7480993,,,,,1989,,,82,https://inaturalist-open-data.s3.amazonaws.com/photos/178103366/original.jpg,7480993,Hemeroblemma dolosa,Hemeroblemma,Erebidae
7482011,,,,,1990,,,8,https://inaturalist-open-data.s3.amazonaws.com/photos/98518699/original.jpeg,7482011,Baniana veluticollis,Baniana,Erebidae
7483687,,,,,1991,,,11,https://inaturalist-open-data.s3.amazonaws.com/photos/76035485/original.jpg,7483687,Eulepidotis guttata,Eulepidotis,Erebidae
7526302,,,,,1992,,,30,https://inaturalist-open-data.s3.amazonaws.com/photos/221185616/original.jpg,7526302,Mocis dyndima,Mocis,Erebidae
7535515,,,,,1993,,,110,https://inaturalist-open-data.s3.amazonaws.com/photos/262920552/original.jpeg,7535515,Agaraea semivitrea,Arctagyrta,Erebidae
7560430,,,,,1994,,,17,https://inaturalist-open-data.s3.amazonaws.com/photos/63150544/original.jpeg,7560430,Caphys bilineata,Caphys,Pyralidae
7576763,,,,,1995,,,15,https://inaturalist-open-data.s3.amazonaws.com/photos/353846869/original.jpg,7576763,Eudocima collusoria,Eudocima,Erebidae
7579194,,,,,1996,,,14,https://inaturalist-open-data.s3.amazonaws.com/photos/85379280/original.jpeg,7579194,Epitausa prona,Epitausa,Erebidae
7585597,,,,,1997,,,5,https://inaturalist-open-data.s3.amazonaws.com/photos/5337273/original.jpg,7585597,Athyrma ganglio,Athyrma,Erebidae
7611914,,,,,1998,,,231,https://inaturalist-open-data.s3.amazonaws.com/photos/342058227/original.jpeg,7611914,Eudocima procus,Eudocima,Erebidae
7617061,,,,,1999,,,38,https://inaturalist-open-data.s3.amazonaws.com/photos/265976749/original.jpeg,7617061,Condica mimica,Condica,Noctuidae
7628188,,,,,2000,,,249,https://inaturalist-open-data.s3.amazonaws.com/photos/96815614/original.jpg,7628188,Ategumia ebulealis,Ategumia,Crambidae
7634138,,,,,2001,,,32,https://inaturalist-open-data.s3.amazonaws.com/photos/234821293/original.jpg,7634138,Xylophanes aristor,Xylophanes,Sphingidae
7656332,,,,,2002,,,22,https://inaturalist-open-data.s3.amazonaws.com/photos/286006636/original.jpeg,7656332,Neotuerta lycaon,Neotuerta,Noctuidae
7689966,,,,,2003,,,114,https://inaturalist-open-data.s3.amazonaws.com/photos/59103981/original.jpeg,7689966,Condica albigera,Condica,Noctuidae
7716829,,,,,2004,,,236,https://inaturalist-open-data.s3.amazonaws.com/photos/11894326/original.jpg,7716829,Mocis disseverans,Mocis,Erebidae
7731757,,,,,2005,,,16,https://inaturalist-open-data.s3.amazonaws.com/photos/393320913/original.jpeg,7731757,Xylophanes cthulhu,Xylophanes,Sphingidae
7742476,,,,,2006,,,12,https://inaturalist-open-data.s3.amazonaws.com/photos/195520477/original.jpg,7742476,Obrima pyraloides,Obrima,Erebidae
7779835,,,,,2007,,,15,https://inaturalist-open-data.s3.amazonaws.com/photos/259076347/original.jpeg,7779835,Safidia druceria,Safidia,Erebidae
7803585,,,,,2008,,,146,https://inaturalist-open-data.s3.amazonaws.com/photos/341121729/original.jpg,7803585,Isognathus rimosa,Isognathus,Sphingidae
7817853,,,,,2009,,,13,https://inaturalist-open-data.s3.amazonaws.com/photos/284239835/original.jpeg,7817853,Pyrochlora motilonia,Pyrochlora,Geometridae
7820748,,,,,2010,,,31,https://inaturalist-open-data.s3.amazonaws.com/photos/118498507/original.jpeg,7820748,Salbia zena,Salbia,Crambidae
7842594,,,,,2011,,,10,https://inaturalist-open-data.s3.amazonaws.com/photos/83876294/original.jpg,7842594,Notioplusia illustrata,Notioplusia,Noctuidae
7864212,,,,,2012,,,606,https://inaturalist-open-data.s3.amazonaws.com/photos/211935472/original.jpeg,7864212,Diaphania costata,Diaphania,Crambidae
7882824,,,,,2013,,,287,https://inaturalist-open-data.s3.amazonaws.com/photos/12250257/original.jpg,7882824,Condica mobilis,Condica,Noctuidae
7911151,,,,,2014,,,247,https://inaturalist-open-data.s3.amazonaws.com/photos/231575472/original.jpg,7911151,Spragueia apicalis,Spragueia,Noctuidae
7924383,,,,,2015,,,176,https://inaturalist-open-data.s3.amazonaws.com/photos/266404662/original.jpg,7924383,Eudocima serpentifera,Eudocima,Erebidae
7932827,,,,,2016,,,11,https://inaturalist-open-data.s3.amazonaws.com/photos/6308866/original.jpeg,7932827,Coenipeta damonia,Acolasis,Erebidae
7946946,,,,,2017,,,31,https://inaturalist-open-data.s3.amazonaws.com/photos/218551767/original.jpeg,7946946,Oiketicus kirbyi,Oiketicus,Psychidae
8007854,,,,,2018,,,10,https://inaturalist-open-data.s3.amazonaws.com/photos/168710387/original.jpg,8007854,Lephana muffula,Lephana,Erebidae
8021437,,,,,2019,,,8,https://inaturalist-open-data.s3.amazonaws.com/photos/29081233/original.jpg,8021437,Eulepidotis perlata,Eulepidotis,Erebidae
8028211,,,,,2020,,,36,https://inaturalist-open-data.s3.amazonaws.com/photos/172659309/original.jpg,8028211,Herminodes atrosignata,Scolecocampa,Erebidae
8038868,,,,,2021,,,23,https://inaturalist-open-data.s3.amazonaws.com/photos/45877768/original.jpeg,8038868,Spragueia perstructana,Spragueia,Noctuidae
8091428,,,,,2022,,,69,http://www.boldsystems.org/pics/BLPDM/09-SRNP-109452-DHJ642687+1364926900.jpg,8091428,Iscadia purpurascens,Iscadia,Nolidae
8121236,,,,,2023,,,7,https://inaturalist-open-data.s3.amazonaws.com/photos/277981780/original.jpeg,8121236,Calyptis idonoides,Calyptis,Erebidae
8133070,,,,,2024,,,8,https://inaturalist-open-data.s3.amazonaws.com/photos/109562607/original.jpeg,8133070,Hypena glumalis,Hypena,Erebidae
8134945,,,,,2025,,,28,https://inaturalist-open-data.s3.amazonaws.com/photos/111745070/original.jpeg,8134945,Dysgonia purpurata,Dysgonia,Erebidae
8146570,,,,,2026,,,96,https://inaturalist-open-data.s3.amazonaws.com/photos/113001792/original.jpg,8146570,Diaphania elegans,Diaphania,Crambidae
8177591,,,,,2027,,,39,https://inaturalist-open-data.s3.amazonaws.com/photos/179296284/original.jpeg,8177591,Baniana ostia,Baniana,Erebidae
8245258,,,,,2028,,,28,https://inaturalist-open-data.s3.amazonaws.com/photos/343560710/original.jpeg,8245258,Mythimna sequax,Mythimna,Noctuidae
8256857,,,,,2029,,,27,https://inaturalist-open-data.s3.amazonaws.com/photos/186218053/original.jpeg,8256857,Hypena lollia,Hypena,Erebidae
8274236,,,,,2030,,,5,http://www.boldsystems.org/pics/LNAUS/CCDB-20827-C06+1384374436.jpg,8274236,Achaea ablunaris,Achaea,Erebidae
8283686,,,,,2031,,,25,https://inaturalist-open-data.s3.amazonaws.com/photos/28400205/original.jpg,8283686,Xylophanes neoptolemus,Xylophanes,Sphingidae
8299504,,,,,2032,,,43,https://inaturalist-open-data.s3.amazonaws.com/photos/332645853/original.jpg,8299504,Mocis diffluens,Mocis,Erebidae
8311782,,,,,2033,,,18,https://bugguide.net/images/cache/0RF/ZMR/0RFZMRYZ8RWL0ZBL7Z1LIZNLJLELZZOZ7R3ZIRDZHZCZGRBLQZCLHZJZQR6LIR3Z6RQH2RZHIZOLIZTLGRQH7ZCLIZ.jpg,8311782,Desmia ploralis,Desmia,Crambidae
8324720,,,,,2034,,,1000,https://inaturalist-open-data.s3.amazonaws.com/photos/240698436/original.jpg,8324720,Samea ecclesialis,Samea,Crambidae
8331687,,,,,2035,,,170,https://inaturalist-open-data.s3.amazonaws.com/photos/89947083/original.jpg,8331687,Lesmone formularis,Lesmone,Erebidae
8379616,,,,,2036,,,143,https://inaturalist-open-data.s3.amazonaws.com/photos/253392431/original.jpg,8379616,Lesmone hinna,Lesmone,Erebidae
8384839,,,,,2037,,,58,https://inaturalist-open-data.s3.amazonaws.com/photos/86450754/original.jpg,8384839,Dialithis gemmifera,Dialithis,Erebidae
8405656,,,,,2038,,,453,https://inaturalist-open-data.s3.amazonaws.com/photos/336990395/original.jpeg,8405656,Condica sutor,Condica,Noctuidae
8411198,,,,,2039,,,33,https://inaturalist-open-data.s3.amazonaws.com/photos/54373693/original.jpg,8411198,Eudocima memorans,Eudocima,Erebidae
8425580,,,,,2040,,,689,https://inaturalist-open-data.s3.amazonaws.com/photos/4964071/original.jpg,8425580,Diaphania hyalinata,Diaphania,Crambidae
8429622,,,,,2041,,,222,https://inaturalist-open-data.s3.amazonaws.com/photos/12200146/original.jpg,8429622,Cyclopis caecutiens,Cyclopis,Erebidae
8718724,,,,,2042,,,8,https://inaturalist-open-data.s3.amazonaws.com/photos/178083800/original.jpeg,8718724,Salbia cassidalis,Salbia,Crambidae
8768364,,,,,2043,,,4,https://inaturalist-open-data.s3.amazonaws.com/photos/309919453/original.jpeg,8768364,Lepidodes lorenae,Lepidodes,Erebidae
8769946,,,,,2044,,,14,https://inaturalist-open-data.s3.amazonaws.com/photos/90860747/original.jpeg,8769946,Neophaenis boucheri,Neophaenis,Noctuidae
8819888,,,,,2045,,,5,https://inaturalist-open-data.s3.amazonaws.com/photos/60597451/original.jpg,8819888,Euclysia dentifasciata,Euclysia,Geometridae
8876855,,,,,2046,,,122,https://inaturalist-open-data.s3.amazonaws.com/photos/267902239/original.jpeg,8876855,Niphograpta albiguttalis,Niphograpta,Crambidae
8881153,,,,,2047,,,6,https://inaturalist-open-data.s3.amazonaws.com/photos/312494828/original.jpeg,8881153,Anarmodia nebulosalis,Anarmodia,Crambidae
8881975,,,,,2048,,,20,https://inaturalist-open-data.s3.amazonaws.com/photos/66251316/original.jpg,8881975,Balbura dorsisigna,Balbura,Erebidae
8908367,,,,,2049,,,5,http://www.boldsystems.org/pics/BLPAA/19-SRNP-104505-DHJ713664+1683647116.JPG,8908367,Perigea micrippia,Perigea,Noctuidae
8925247,,,,,2050,,,9,https://inaturalist-open-data.s3.amazonaws.com/photos/30295153/original.jpeg,8925247,Hydata povera,Hydata,Geometridae
8933773,,,,,2051,,,534,https://inaturalist-open-data.s3.amazonaws.com/photos/367238146/original.jpeg,8933773,Ctenucha rubriceps,Ctenucha,Erebidae
8934619,,,,,2052,,,5,https://ecdysis.org/imglib/scan/MISSA_MEM/MEM331/MEM331528_Episcepsis_capysca_C_1536861385_lg.jpg,8934619,Episcepsis capysca,Episcepsis,Erebidae
8959404,,,,,2053,,,4,http://www.boldsystems.org/pics/MHANB/00-SRNP-1937-DHJ302212+1145642820.jpg,8959404,Dunama jessiebarronae,Dunama,Notodontidae
8981028,,,,,2054,,,147,http://www.boldsystems.org/pics/BLPEG/13-SRNP-40662-DHJ577403+1407850338.jpg,8981028,Spilomela discordens,Zebronia,Crambidae
8994239,,,,,2055,,,4,http://www.boldsystems.org/pics/ACGIN/INBIOCRI000494661-IACH003061+1331924538.jpg,8994239,Dunama biosise,Dunama,Notodontidae
9000912,,,,,2056,,,4,http://www.boldsystems.org/pics/LNAUY/CCDB-33979-G06+1588950288.jpg,9000912,Auratonota magnifica,Auratonota,Tortricidae
9015343,,,,,2057,,,4,http://www.boldsystems.org/pics/LNAUT/CCDB-28564-H08+1429106542.JPG,9015343,Amorbia monteverde,Amorbia,Tortricidae
9026618,,,,,2058,,,5,https://inaturalist-open-data.s3.amazonaws.com/photos/379666517/original.jpeg,9026618,Ethmia stephenrumseyi,Ethmia,Ethmiidae
9059564,,,,,2059,,,65,https://inaturalist-open-data.s3.amazonaws.com/photos/137243582/original.jpg,9059564,Lineodes fontella,Lineodes,Crambidae
9064039,,,,,2060,,,7,https://inaturalist-open-data.s3.amazonaws.com/photos/121503598/original.jpeg,9064039,Eomichla hallwachsae,Eomichla,Oecophoridae
9111683,,,,,2061,,,10,https://inaturalist-open-data.s3.amazonaws.com/photos/318495273/original.jpeg,9111683,Dycladia emerita,Dycladia,Erebidae
9121406,,,,,2062,,,20,https://inaturalist-open-data.s3.amazonaws.com/photos/162480337/original.jpeg,9121406,Apotolype blanchardi,Apotolype,Lasiocampidae
9160166,,,,,2063,,,8,https://inaturalist-open-data.s3.amazonaws.com/photos/57495597/original.jpg,9160166,Baniana minor,Baniana,Erebidae
9176354,,,,,2064,,,47,https://inaturalist-open-data.s3.amazonaws.com/photos/190897089/original.jpg,9176354,Langucys nigropuncta,Langucys,Megalopygidae
9209825,,,,,2065,,,4,http://www.boldsystems.org/pics/ACGIN/INBIOCRI002010968-IACH003086+1331925130.jpg,9209825,Dunama janecoxae,Dunama,Notodontidae
9219232,,,,,2066,,,6,https://inaturalist-open-data.s3.amazonaws.com/photos/77245833/original.jpeg,9219232,Titya synoecura,Titya,Lasiocampidae
9236803,,,,,2067,,,19,https://inaturalist-open-data.s3.amazonaws.com/photos/266793354/original.jpeg,9236803,Calledema jocasta,Calledema,Notodontidae
9243264,,,,,2068,,,107,https://inaturalist-open-data.s3.amazonaws.com/photos/294906201/original.jpeg,9243264,Patalene aenetusaria,Patalene,Geometridae
9244283,,,,,2069,,,12,https://inaturalist-open-data.s3.amazonaws.com/photos/308542723/original.jpg,9244283,Calonotos metallicus,Calonotos,Erebidae
9250528,,,,,2070,,,29,https://inaturalist-open-data.s3.amazonaws.com/photos/303569006/original.jpg,9250528,Panopoda rigida,Panopoda,Erebidae
9259200,,,,,2071,,,6,https://inaturalist-open-data.s3.amazonaws.com/photos/183170632/original.jpeg,9259200,Abablemma grandimacula,Abablemma,Noctuidae
9264326,,,,,2072,,,441,https://bugguide.net/images/cache/4KA/KIK/4KAKIK1KKKY02QA0PQD0AQRS1QLS4KF0NQ10EQD08QA0EQC08QO00KNKRK10PQUKEQUKKK6KRKV05QJ01QJ0IKDKWQHS.jpg,9264326,Melanolophia signataria,Melanolophia,Geometridae
9269372,,,,,2073,,,50,https://inaturalist-open-data.s3.amazonaws.com/photos/355093853/original.jpg,9269372,Euscirrhopterus poeyi,Euscirrhopterus,Noctuidae
9274983,,,,,2074,,,6,https://inaturalist-open-data.s3.amazonaws.com/photos/307623649/original.jpeg,9274983,Episcepsis leneus,Episcepsis,Erebidae
9292596,,,,,2075,,,19,https://inaturalist-open-data.s3.amazonaws.com/photos/230236908/original.jpg,9292596,Scotura annulata,Scotura,Notodontidae
9295721,,,,,2076,,,16,https://inaturalist-open-data.s3.amazonaws.com/photos/171656064/original.jpeg,9295721,Eusarca cayennaria,Eusarca,Geometridae
9305226,,,,,2077,,,24,https://inaturalist-open-data.s3.amazonaws.com/photos/91524457/original.jpeg,9305226,Pseudosphex leovazquezae,Pseudosphex,Erebidae
9305351,,,,,2078,,,7,https://inaturalist-open-data.s3.amazonaws.com/photos/112483192/original.jpeg,9305351,Goodgeria notabilis,Goodgeria,Notodontidae
9331058,,,,,2079,,,13,https://scan-bugs.org:443/imglib/scan/misc/202010/SDNHM118163_firstlabel.JPEG,9331058,Eusarca distycharia,Eusarca,Geometridae
9332550,,,,,2080,,,79,https://inaturalist-open-data.s3.amazonaws.com/photos/161794717/original.jpg,9332550,Megalopyge basalis,Megalopyge,Megalopygidae
9336379,,,,,2081,,,16,https://inaturalist-open-data.s3.amazonaws.com/photos/32981878/original.jpeg,9336379,Cyclophora melitia,Cyclophora,Geometridae
9342344,,,,,2082,,,613,https://inaturalist-open-data.s3.amazonaws.com/photos/21805915/original.jpg,9342344,Striacosta albicosta,Striacosta,Noctuidae
9348294,,,,,2083,,,7,https://inaturalist-open-data.s3.amazonaws.com/photos/120075411/original.jpeg,9348294,Cossula arpi,Cossula,Cossidae
9354496,,,,,2084,,,522,https://inaturalist-open-data.s3.amazonaws.com/photos/323183554/original.jpg,9354496,Lesmone detrahens,Lesmone,Erebidae
9361344,,,,,2085,,,20,https://inaturalist-open-data.s3.amazonaws.com/photos/251908501/original.jpg,9361344,Turuptiana annesmithae,Turuptiana,Erebidae
9384105,,,,,2086,,,11,https://inaturalist-open-data.s3.amazonaws.com/photos/223374750/original.jpeg,9384105,Pseudodirphia eumedide,Pseudodirphia,Saturniidae
9386661,,,,,2087,,,8,https://inaturalist-open-data.s3.amazonaws.com/photos/359936974/original.jpeg,9386661,Euglyphis moeschleri,Euglyphis,Lasiocampidae
9391442,,,,,2088,,,110,https://inaturalist-open-data.s3.amazonaws.com/photos/333402186/original.jpeg,9391442,Eusarca fundaria,Eusarca,Geometridae
9404454,,,,,2089,,,21,https://inaturalist-open-data.s3.amazonaws.com/photos/148151940/original.jpeg,9404454,Parilexia nicetaria,Parilexia,Geometridae
9438454,,,,,2090,,,28,https://inaturalist-open-data.s3.amazonaws.com/photos/122116332/original.jpeg,9438454,Othorene purpurascens,Othorene,Saturniidae
9454503,,,,,2091,,,13,https://inaturalist-open-data.s3.amazonaws.com/photos/43779495/original.jpeg,9454503,Theages decorum,Theages,Erebidae
9463712,,,,,2092,,,18,https://inaturalist-open-data.s3.amazonaws.com/photos/162562898/original.jpeg,9463712,Episcepsis venata,Episcepsis,Erebidae
9464859,,,,,2093,,,17,https://inaturalist-open-data.s3.amazonaws.com/photos/244859370/original.jpeg,9464859,Phiditia cuprea,Phiditia,Phiditiidae
9482037,,,,,2094,,,5,https://inaturalist-open-data.s3.amazonaws.com/photos/114661962/original.jpeg,9482037,Cyclophora urcearia,Cyclophora,Geometridae
9494296,,,,,2095,,,13,http://www.boldsystems.org/pics/BLPEG/14-SRNP-100767-DHJ677784+1407854450.JPG,9494296,Tripudia lamina,Tripudia,Noctuidae
9498909,,,,,2096,,,5,https://inaturalist-open-data.s3.amazonaws.com/photos/238399451/original.jpeg,9498909,Isa diana,Isa,Limacodidae
9515392,,,,,2097,,,9,https://inaturalist-open-data.s3.amazonaws.com/photos/280518735/original.jpg,9515392,Leptostales vitticostata,Leptostales,Geometridae
9528588,,,,,2098,,,11,https://inaturalist-open-data.s3.amazonaws.com/photos/79396574/original.jpeg,9528588,Patalene asychisaria,Patalene,Geometridae
9542481,,,,,2099,,,15,https://inaturalist-open-data.s3.amazonaws.com/photos/31930391/original.jpg,9542481,Eumorpha megaeacus,Eumorpha,Sphingidae
9550265,,,,,2100,,,631,https://inaturalist-open-data.s3.amazonaws.com/photos/237489206/original.jpg,9550265,Orthodes majuscula,Orthodes,Noctuidae
9565811,,,,,2101,,,4,https://inaturalist-open-data.s3.amazonaws.com/photos/56635924/original.jpg,9565811,Molybdophora concinnularia,Molybdophora,Uraniidae
9566788,,,,,2102,,,115,http://www.boldsystems.org/pics/MHMXX/08-SRNP-31279-DHJ392041+1237989840.jpg,9566788,Oxytenis naemia,Oxytenis,Saturniidae
9567770,,,,,2103,,,52,https://inaturalist-open-data.s3.amazonaws.com/photos/217654272/original.jpg,9567770,Bagisara laverna,Bagisara,Noctuidae
9577751,,,,,2104,,,6,https://inaturalist-open-data.s3.amazonaws.com/photos/30007756/original.jpg,9577751,Pseudodirphia agis,Pseudodirphia,Saturniidae
9590066,,,,,2105,,,697,https://inaturalist-open-data.s3.amazonaws.com/photos/78243605/original.jpeg,9590066,Idaea tacturata,Idaea,Geometridae
9592003,,,,,2106,,,4,http://www.boldsystems.org/pics/XAA/99-SRNP-16438b.jpg,9592003,Munona robpuschendorfi,Munona,Erebidae
9602403,,,,,2107,,,36,https://inaturalist-open-data.s3.amazonaws.com/photos/109840810/original.jpeg,9602403,Citioica anthonilis,Citioica,Saturniidae
9607205,,,,,2108,,,4,http://www.boldsystems.org/pics/BLPDF/18-SRNP-106766-DHJ707853+1683302948.JPG,9607205,Perigea berinda,Perigea,Noctuidae
9614908,,,,,2109,,,96,http://www.boldsystems.org/pics/MHARA/06-SRNP-22826-DHJ360865+1365545822.jpg,9614908,Xanthyda drucei,Xanthyda,Erebidae
9615101,,,,,2110,,,5,https://inaturalist-open-data.s3.amazonaws.com/photos/101849475/original.jpeg,9615101,Elasmia schausi,Elasmia,Notodontidae
9619088,,,,,2111,,,47,https://inaturalist-open-data.s3.amazonaws.com/photos/25102231/original.jpeg,9619088,Leptostales crossii,Leptostales,Geometridae
9624061,,,,,2112,,,19,https://inaturalist-open-data.s3.amazonaws.com/photos/101849654/original.jpeg,9624061,Lepasta bractea,Lemairegisa,Notodontidae
9630449,,,,,2113,,,188,http://www.boldsystems.org/pics/BLPAG/06-SRNP-105994_DHJ605994+1201560780.jpg,9630449,Macaria nundinata,Macaria,Geometridae
9630748,,,,,2114,,,48,https://inaturalist-open-data.s3.amazonaws.com/photos/171822355/original.jpeg,9630748,Glympis concors,Glympis,Erebidae
9634178,,,,,2115,,,29,https://inaturalist-open-data.s3.amazonaws.com/photos/152225465/original.jpg,9634178,Oxytenis modestia,Oxytenis,Saturniidae
9832247,,,,,2116,,,43,http://www.boldsystems.org/pics/BLPDM/09-SRNP-109710-DHJ642945+1364926912.jpg,9832247,Malocampa subguttata,Malocampa,Notodontidae
9832559,,,,,2117,,,14,https://live.staticflickr.com/65535/49836067338_5816ee638a_b.jpg,9832559,Orgyia costaricensis,Orgyia,Erebidae
9832952,,,,,2118,,,9,https://inaturalist-open-data.s3.amazonaws.com/photos/149134520/original.jpeg,9832952,Syngamilyta samarialis,Syngamilyta,Crambidae
9837830,,,,,2119,,,10,https://inaturalist-open-data.s3.amazonaws.com/photos/287004373/original.jpg,9837830,Citheronia volcan,Citheronia,Saturniidae
9854169,,,,,2120,,,12,https://inaturalist-open-data.s3.amazonaws.com/photos/47065982/original.jpeg,9854169,Pseudodirphia regia,Pseudodirphia,Saturniidae
9860596,,,,,2121,,,5,http://www.boldsystems.org/pics/MHAUF/82-srnp-1781-dhj321265+1140457752.jpg,9860596,Eudyops polyleuca,Eudyops,Erebidae
9891979,,,,,2122,,,20,https://inaturalist-open-data.s3.amazonaws.com/photos/178069029/original.jpg,9891979,Synanthedon pini,Synanthedon,Sesiidae
9896621,,,,,2123,,,5,https://inaturalist-open-data.s3.amazonaws.com/photos/307129733/original.jpeg,9896621,Chrysendeton cumalis,Chrysendeton,Crambidae
9905470,,,,,2124,,,8,https://inaturalist-open-data.s3.amazonaws.com/photos/153045371/original.jpg,9905470,Macaria ostia,Macaria,Geometridae
9913521,,,,,2125,,,4,http://www.boldsystems.org/pics/MHANB/93-SRNP-4362-DHJ302362+1145653344.jpg,9913521,Tachuda lophocera,Tachuda,Notodontidae
9915814,,,,,2126,,,28,https://inaturalist-open-data.s3.amazonaws.com/photos/179558653/original.jpeg,9915814,Coronidia subpicta,Coronidia,Sematuridae
9920701,,,,,2127,,,7,https://inaturalist-open-data.s3.amazonaws.com/photos/97214236/original.jpg,9920701,Dioptis longipennis,Dioptis,Notodontidae
9920709,,,,,2128,,,99,http://www.boldsystems.org/pics/MHANC/97-srnp-764-dhj322330+1140667988.jpg,9920709,Xylodonta terrena,Xylodonta,Notodontidae
9932233,,,,,2129,,,8,https://inaturalist-open-data.s3.amazonaws.com/photos/382383190/original.jpeg,9932233,Diaphania superalis,Diaphania,Crambidae
9941073,,,,,2130,,,41,https://inaturalist-open-data.s3.amazonaws.com/photos/169922407/original.jpeg,9941073,Acharia hyperoche,Acharia,Limacodidae
9942150,,,,,2131,,,14,https://inaturalist-open-data.s3.amazonaws.com/photos/168461215/original.jpeg,9942150,Natada lalogamezi,Natada,Limacodidae
9952629,,,,,2132,,,5,https://inaturalist-open-data.s3.amazonaws.com/photos/130823101/original.jpeg,9952629,Citheronioides lamata,Citheronioides,Saturniidae
9952646,,,,,2133,,,9,https://inaturalist-open-data.s3.amazonaws.com/photos/133188846/original.jpeg,9952646,Macaria achetata,Macaria,Geometridae
9964372,,,,,2134,,,4,https://inaturalist-open-data.s3.amazonaws.com/photos/309549434/original.jpg,9964372,Episcepsis vinasia,Episcepsis,Erebidae
9985687,,,,,2135,,,17,https://inaturalist-open-data.s3.amazonaws.com/photos/306651159/original.jpeg,9985687,Automeris choco,Automeris,Saturniidae
9994925,,,,,2136,,,4,https://inaturalist-open-data.s3.amazonaws.com/photos/117486122/original.jpeg,9994925,Goniorhynchus salaconalis,Goniorhynchus,Crambidae
9998585,,,,,2137,,,18,https://inaturalist-open-data.s3.amazonaws.com/photos/123845136/original.jpeg,9998585,Macaria triplicaria,Macaria,Geometridae
10008924,,,,,2138,,,14,https://inaturalist-open-data.s3.amazonaws.com/photos/125219450/original.jpeg,10008924,Syssphinx smithi,Syssphinx,Saturniidae
10009576,,,,,2139,,,7,https://inaturalist-open-data.s3.amazonaws.com/photos/104856033/original.jpeg,10009576,Xylophanes letiranti,Xylophanes,Sphingidae
10014056,,,,,2140,,,99,http://www.boldsystems.org/pics/BLPBD/07-SRNP-100907_DHJ610871+1173819750.jpg,10014056,Othorene intermedia,Othorene,Saturniidae
10020529,,,,,2141,,,108,http://www.boldsystems.org/pics/MHLIA/04-SRNP-55709-DHJ337215+1365544474.jpg,10020529,Parasa sandrae,Parasa,Limacodidae
10024819,,,,,2142,,,7,https://inaturalist-open-data.s3.amazonaws.com/photos/253298261/original.jpeg,10024819,Apilocrocis excelsalis,Apilocrocis,Crambidae
10024844,,,,,2143,,,6,https://inaturalist-open-data.s3.amazonaws.com/photos/75485887/original.jpeg,10024844,Meroleuca litura,Meroleuca,Saturniidae
10026133,,,,,2144,,,16,https://inaturalist-open-data.s3.amazonaws.com/photos/57968292/original.jpg,10026133,Dichogama prognealis,Dichogama,Crambidae
10026333,,,,,2145,,,4,http://www.boldsystems.org/pics/MHAMA/80-SRNP-92-DHJ332523+1365543734.jpg,10026333,Palpita venatalis,Palpita,Crambidae
10027568,,,,,2146,,,249,http://www.boldsystems.org/pics/MHAMA/05-SRNP-42236-DHJ336101+1365544284.jpg,10027568,Herpetogramma salbialis,Herpetogramma,Crambidae
10028407,,,,,2147,,,30,https://inaturalist-open-data.s3.amazonaws.com/photos/101513601/original.jpeg,10028407,Phostria euagra,Phostria,Crambidae
10031533,,,,,2148,,,13,https://inaturalist-open-data.s3.amazonaws.com/photos/120039105/original.jpeg,10031533,Dalcerides sofia,Dalcerides,Dalceridae
10041234,,,,,2149,,,15,https://inaturalist-open-data.s3.amazonaws.com/photos/13149109/original.jpg,10041234,Iridopsis herse,Iridopsis,Geometridae
10046565,,,,,2150,,,7,https://inaturalist-open-data.s3.amazonaws.com/photos/97021115/original.jpeg,10046565,Perissopteryx commendata,Perissopteryx,Geometridae
10051204,,,,,2151,,,7,https://inaturalist-open-data.s3.amazonaws.com/photos/227683259/original.jpg,10051204,Bardaxima donatian,Bardaxima,Notodontidae
10053993,,,,,2152,,,9,https://inaturalist-open-data.s3.amazonaws.com/photos/175756248/original.jpg,10053993,Biocellata alfarae,Biocellata,Dudgeoneidae
10056902,,,,,2153,,,22,https://inaturalist-open-data.s3.amazonaws.com/photos/119692383/original.jpg,10056902,Neotuerta sabulosa,Neotuerta,Noctuidae
10060405,,,,,2154,,,84,http://www.boldsystems.org/pics/BLPAA/06-SRNP-100277_DHJ600277+1143642246.jpg,10060405,Oxytenis modoccidentalis,Oxytenis,Saturniidae
10060843,,,,,2155,,,22,https://inaturalist-open-data.s3.amazonaws.com/photos/116380950/original.jpeg,10060843,Syngamilyta apicolor,Syngamilyta,Crambidae
10070778,,,,,2156,,,6,https://inaturalist-open-data.s3.amazonaws.com/photos/67484962/original.jpeg,10070778,Syssphinx jennyphillipsae,Syssphinx,Saturniidae
10072256,,,,,2157,,,14,https://inaturalist-open-data.s3.amazonaws.com/photos/90950328/original.jpeg,10072256,Hileithia approprialis,Hileithia,Crambidae
10088253,,,,,2158,,,23,https://inaturalist-open-data.s3.amazonaws.com/photos/6592103/original.jpeg,10088253,Perigramma vicina,Perigramma,Geometridae
10094803,,,,,2159,,,23,https://inaturalist-open-data.s3.amazonaws.com/photos/226757472/original.jpg,10094803,Perigea glaucoptera,Perigea,Noctuidae
10096644,,,,,2160,,,11,https://inaturalist-open-data.s3.amazonaws.com/photos/105804505/original.jpeg,10096644,Prochoerodes onustaria,Prochoerodes,Geometridae
10101109,,,,,2161,,,5,https://ecdysis.org/imglib/scan/DMNS_Ento/ZE118/ZE118081-dorsal_1576106603_lg.jpg,10101109,Leucanella hosmera,Leucanella,Saturniidae
10103570,,,,,2162,,,65,https://inaturalist-open-data.s3.amazonaws.com/photos/291430085/original.jpeg,10103570,Therinia transversaria,Therinia,Saturniidae
10104188,,,,,2163,,,4,http://www.boldsystems.org/pics/MHAUC/01-srnp-5320-dhj319681+1140446826.jpg,10104188,Orsa atripustula,Orsa,Erebidae
10107015,,,,,2164,,,147,http://www.boldsystems.org/pics/MHAMB/06-SRNP-6128-DHJ354121+1172950062.jpg,10107015,Conchylodes nolckenialis,Conchylodes,Crambidae
10111904,,,,,2165,,,106,http://www.boldsystems.org/pics/MHMYK/14-SRNP-47590-DHJ906807+1468513624.jpg,10111904,Diaphania glauculalis,Diaphania,Crambidae
10115073,,,,,2166,,,749,https://inaturalist-open-data.s3.amazonaws.com/photos/42720416/original.jpeg,10115073,Cecrita biundata,Disphragis,Notodontidae
10118643,,,,,2167,,,509,https://bugguide.net/images/cache/VRJ/KUR/VRJKUR3KFR70K050CQG0TQ80CQ40S00QYRQQNRFKDRP0L060Q0E0L0N0JQHQ9R70H0U0FQX0H0W0YQG0NRG0OQYKNR.jpg,10118643,Chloridea virescens,Chloridea,Noctuidae
10118834,,,,,2168,,,10,http://www.boldsystems.org/pics/MHMYD/09-SRNP-1390-DHJ453702+1365551288.jpg,10118834,Anacrusis nephrodes,Anacrusis,Tortricidae
10119226,,,,,2169,,,14,https://inaturalist-open-data.s3.amazonaws.com/photos/2598913/original.JPG,10119226,Xylophanes vagliai,Xylophanes,Sphingidae
10119642,,,,,2170,,,4,https://inaturalist-open-data.s3.amazonaws.com/photos/248925352/original.jpg,10119642,Pseudodirphia eupanamensis,Pseudodirphia,Saturniidae
10123854,,,,,2171,,,106,http://www.boldsystems.org/pics/BLPEG/14-SRNP-103131-DHJ680148+1429632988.JPG,10123854,Syssphinx quadrilineata,Syssphinx,Saturniidae
10127068,,,,,2172,,,86,http://www.boldsystems.org/pics/BLPDN/10-SRNP-101548-DHJ646423+1364927390.jpg,10127068,Macaria regulata,Macaria,Geometridae
10136784,,,,,2173,,,14,https://inaturalist-open-data.s3.amazonaws.com/photos/125623017/original.jpeg,10136784,Thaelia subrubiginosa,Thaelia,Mimallonidae
10141929,,,,,2174,,,4,http://www.boldsystems.org/pics/MHAUA/86-srnp-376-dhj314612+1140457928.jpg,10141929,Orodesma pulverosa,Orodesma,Erebidae
10145086,,,,,2175,,,7,https://inaturalist-open-data.s3.amazonaws.com/photos/7196681/original.jpg,10145086,Patalene chaonia,Patalene,Geometridae
10148542,,,,,2176,,,41,https://inaturalist-open-data.s3.amazonaws.com/photos/91766698/original.jpg,10148542,Bathyphlebia eminens,Bathyphlebia,Saturniidae
10156710,,,,,2177,,,83,http://www.boldsystems.org/pics/JSCR/95-SRNP-11471-DHJ91555.jpg,10156710,Automeris dagmarae,Automeris,Saturniidae
10159346,,,,,2178,,,30,https://inaturalist-open-data.s3.amazonaws.com/photos/6587859/original.jpeg,10159346,Coronidia leachii,Coronidia,Sematuridae
10165805,,,,,2179,,,120,http://www.boldsystems.org/pics/BLPCO/08-SRNP-104366_DHJ628430+1224603378.jpg,10165805,Trichromia cotes,Trichromia,Erebidae
10177100,,,,,2180,,,13,https://inaturalist-open-data.s3.amazonaws.com/photos/26020141/original.jpg,10177100,Aemilia rubriplaga,Aemilia,Erebidae
10193575,,,,,2181,,,6,https://inaturalist-open-data.s3.amazonaws.com/photos/120204434/original.jpeg,10193575,Chlamydastis jimlewisi,Chlamydastis,Depressariidae
10196489,,,,,2182,,,10,https://inaturalist-open-data.s3.amazonaws.com/photos/292080378/original.jpeg,10196489,Symphlebia suanus,Symphlebia,Erebidae
10197721,,,,,2183,,,11,https://inaturalist-open-data.s3.amazonaws.com/photos/360409537/original.jpg,10197721,Stenoma sexmaculata,Stenoma,Depressariidae
10211929,,,,,2184,,,7,http://www.boldsystems.org/pics/MHMXC/93-SRNP-2425-DHJ33890+1365542912.jpg,10211929,Orgyia povera,Orgyia,Erebidae
10214972,,,,,2185,,,245,https://inaturalist-open-data.s3.amazonaws.com/photos/104972027/original.jpeg,10214972,Feigeria herilia,Feigeria,Erebidae
10221195,,,,,2186,,,92,https://inaturalist-open-data.s3.amazonaws.com/photos/99281818/original.jpeg,10221195,Eusarca asteria,Eusarca,Geometridae
10222898,,,,,2187,,,8,https://inaturalist-open-data.s3.amazonaws.com/photos/95294358/original.jpeg,10222898,Herminocala palidioides,Herminocala,Erebidae
10229823,,,,,2188,,,13,https://inaturalist-open-data.s3.amazonaws.com/photos/32345477/original.jpeg,10229823,Talima weissi,Talima,Limacodidae
10239817,,,,,2189,,,11,http://www.boldsystems.org/pics/MHAMA/92-SRNP-1072.2-DHJ332334+1365543722.jpg,10239817,Symphysa lepidaria,Symphysa,Crambidae
10248521,,,,,2190,,,110,https://inaturalist-open-data.s3.amazonaws.com/photos/295343599/original.jpg,10248521,Pseudodirphia menander,Pseudodirphia,Saturniidae
10251952,,,,,2191,,,5,http://www.boldsystems.org/pics/MHCPA/04-SRNP-60065-DHJ343548+1365545234.jpg,10251952,Sennia auritalis,Sennia,Pyralidae
10253959,,,,,2192,,,15,https://inaturalist-open-data.s3.amazonaws.com/photos/336496090/original.jpeg,10253959,Acharia ophelians,Acharia,Limacodidae
10254883,,,,,2193,,,6,https://inaturalist-open-data.s3.amazonaws.com/photos/111486832/original.jpeg,10254883,Amaricampa butori,Amaricampa,Notodontidae
10262758,,,,,2194,,,5,https://inaturalist-open-data.s3.amazonaws.com/photos/80922810/original.jpeg,10262758,Deuterophysa asychanalis,Deuterophysa,Crambidae
10262844,,,,,2195,,,25,https://inaturalist-open-data.s3.amazonaws.com/photos/256154521/original.jpeg,10262844,Diaphania exclusalis,Diaphania,Crambidae
10266365,,,,,2196,,,10,https://inaturalist-open-data.s3.amazonaws.com/photos/200329436/original.jpg,10266365,Bedosia dulcis,Bedosia,Mimallonidae
10267648,,,,,2197,,,9,https://inaturalist-open-data.s3.amazonaws.com/photos/3527201/original.JPG,10267648,Macaria approximaria,Macaria,Geometridae
10268998,,,,,2198,,,6,https://inaturalist-open-data.s3.amazonaws.com/photos/13973668/original.jpeg,10268998,Coreura phoenicides,Coreura,Erebidae
10275287,,,,,2199,,,16,https://inaturalist-open-data.s3.amazonaws.com/photos/363749093/original.jpg,10275287,Eustrotia merta,Eustrotia,Noctuidae
10288719,,,,,2200,,,42,https://inaturalist-open-data.s3.amazonaws.com/photos/87666587/original.jpeg,10288719,Eusarca nemora,Eusarca,Geometridae
10290140,,,,,2201,,,9,https://inaturalist-open-data.s3.amazonaws.com/photos/75484747/original.jpeg,10290140,Bathyphlebia aglia,Bathyphlebia,Saturniidae
10308515,,,,,2202,,,22,https://inaturalist-open-data.s3.amazonaws.com/photos/6641342/original.jpeg,10308515,Cosmosoma gigantea,Cosmosoma,Erebidae
10314381,,,,,2203,,,40,https://inaturalist-open-data.s3.amazonaws.com/photos/198717926/original.jpeg,10314381,Caio championi,Caio,Saturniidae
10314952,,,,,2204,,,79,"https://images.collections.yale.edu/iiif/2/ypm:49136558-7505-453e-b75a-be0de0167562/full/!1920,1920/0/default.jpg",10314952,Athis inca,Athis,Castniidae
10316796,,,,,2205,,,4,https://inaturalist-open-data.s3.amazonaws.com/photos/4180275/original.JPG,10316796,Trichromia rhodocraspis,Trichromia,Erebidae
10317110,,,,,2206,,,4,https://inaturalist-open-data.s3.amazonaws.com/photos/260852764/original.jpeg,10317110,Gamelia rudloffi,Gamelia,Saturniidae
10320474,,,,,2207,,,8,https://inaturalist-open-data.s3.amazonaws.com/photos/84453738/original.jpeg,10320474,Diaphania esmeralda,Diaphania,Crambidae
10324511,,,,,2208,,,14,https://inaturalist-open-data.s3.amazonaws.com/photos/90022807/original.jpg,10324511,Arsenura arianae,Arsenura,Saturniidae
10325227,,,,,2209,,,5,https://mediaphoto.mnhn.fr/media/1700047218582DrtLxsD0kXzJbHTy,10325227,Macaria pernicata,Macaria,Geometridae
10325555,,,,,2210,,,5,https://inaturalist-open-data.s3.amazonaws.com/photos/97894108/original.jpeg,10325555,Acontia viridifera,Acontia,Noctuidae
10327601,,,,,2211,,,6,https://inaturalist-open-data.s3.amazonaws.com/photos/61992627/original.jpeg,10327601,Hapigiodes sigifredomarini,Hapigiodes,Notodontidae
10339040,,,,,2212,,,5,https://inaturalist-open-data.s3.amazonaws.com/photos/365639087/original.jpg,10339040,Perigea illicita,Perigea,Noctuidae
10347310,,,,,2213,,,6,https://inaturalist-open-data.s3.amazonaws.com/photos/73771505/original.jpeg,10347310,Macaria cardinea,Macaria,Geometridae
10352577,,,,,2214,,,8,https://inaturalist-open-data.s3.amazonaws.com/photos/398307996/original.jpg,10352577,Itomia multilinea,Itomia,Erebidae
10354717,,,,,2215,,,14,https://inaturalist-open-data.s3.amazonaws.com/photos/257430537/original.jpg,10354717,Hypena andraca,Hypena,Erebidae
10355323,,,,,2216,,,8,https://inaturalist-open-data.s3.amazonaws.com/photos/347195245/original.jpeg,10355323,Argyractoides lucianalis,Argyractoides,Crambidae
10358105,,,,,2217,,,4,https://inaturalist-open-data.s3.amazonaws.com/photos/179118681/original.jpg,10358105,Heorta pulchra,Heorta,Notodontidae
10368183,,,,,2218,,,16,https://inaturalist-open-data.s3.amazonaws.com/photos/180054904/original.jpeg,10368183,Syssphinx colla,Syssphinx,Saturniidae
10373021,,,,,2219,,,143,http://www.boldsystems.org/pics/BLPDK/09-SRNP-105649_DHJ638884+1249312226.jpg,10373021,Truncaptera guatemalensis,Truncaptera,Notodontidae
10374542,,,,,2220,,,4,https://inaturalist-open-data.s3.amazonaws.com/photos/100561724/original.jpeg,10374542,Trichromia atta,Trichromia,Erebidae
10385585,,,,,2221,,,5,https://inaturalist-open-data.s3.amazonaws.com/photos/120039408/original.jpeg,10385585,Minacraga plata,Minacraga,Dalceridae
10386395,,,,,2222,,,4,https://inaturalist-open-data.s3.amazonaws.com/photos/115533241/original.jpeg,10386395,Orodesma schausi,Orodesma,Erebidae
10391532,,,,,2223,,,161,http://www.boldsystems.org/pics/BLPBF/07-SRNP-102706_DHJ612670+1178635088.jpg,10391532,Ceratocilia sixolalis,Ceratocilia,Crambidae
10395440,,,,,2224,,,53,https://inaturalist-open-data.s3.amazonaws.com/photos/263189614/original.jpeg,10395440,Cisthene polyzona,Cisthene,Erebidae
10396660,,,,,2225,,,4,https://inaturalist-open-data.s3.amazonaws.com/photos/376813386/original.jpeg,10396660,Robinsonia bartolana,Robinsonia,Erebidae
10398335,,,,,2226,,,21,https://inaturalist-open-data.s3.amazonaws.com/photos/130259266/original.jpeg,10398335,Diaphania costaricalis,Diaphania,Crambidae
10398792,,,,,2227,,,12,https://inaturalist-open-data.s3.amazonaws.com/photos/220678571/original.jpeg,10398792,Prochoerodes tetragonata,Prochoerodes,Geometridae
10403887,,,,,2228,,,7,https://inaturalist-open-data.s3.amazonaws.com/photos/67738735/original.jpeg,10403887,Ulaluma valva,Ulaluma,Mimallonidae
10408178,,,,,2229,,,4,https://inaturalist-open-data.s3.amazonaws.com/photos/105118289/original.jpeg,10408178,Metanema strigata,Metanema,Geometridae
10422460,,,,,2230,,,30,https://inaturalist-open-data.s3.amazonaws.com/photos/106715416/original.jpeg,10422460,Nebulosa erymas,Nebulosa,Notodontidae
10423870,,,,,2231,,,7,https://inaturalist-open-data.s3.amazonaws.com/photos/344591166/original.jpg,10423870,Eudocima colubra,Eudocima,Erebidae
10433796,,,,,2232,,,6,https://inaturalist-open-data.s3.amazonaws.com/photos/91037856/original.jpeg,10433796,Cecharismena melicerta,Cecharismena,Erebidae
10439369,,,,,2233,,,23,https://inaturalist-open-data.s3.amazonaws.com/photos/242278771/original.jpeg,10439369,Microphysetica hermeasalis,Microphysetica,Crambidae
10446574,,,,,2234,,,13,https://inaturalist-open-data.s3.amazonaws.com/photos/98506570/original.jpeg,10446574,Lichnoptera pollux,Lichnoptera,Noctuidae
10452430,,,,,2235,,,10,http://www.boldsystems.org/pics/MHAUF/91-SRNP-1095-DHJ356297+1172945192.jpg,10452430,Concana hoshea,Concana,Erebidae
10454248,,,,,2236,,,26,https://inaturalist-open-data.s3.amazonaws.com/photos/190969384/original.jpg,10454248,Mesoscia unifasciata,Mesoscia,Megalopygidae
10466176,,,,,2237,,,22,https://inaturalist-open-data.s3.amazonaws.com/photos/110063521/original.jpeg,10466176,Eusarca minucia,Eusarca,Geometridae
10467943,,,,,2238,,,7,https://inaturalist-open-data.s3.amazonaws.com/photos/30489783/original.jpeg,10467943,Hileithia obliqualis,Hileithia,Crambidae
10469201,,,,,2239,,,16,https://inaturalist-open-data.s3.amazonaws.com/photos/317840799/original.jpeg,10469201,Automeris arianae,Automeris,Saturniidae
10478466,,,,,2240,,,82,http://www.boldsystems.org/pics/BLPDS/10-SRNP-106726_DHJ651601+1275409034.jpg,10478466,Ginaldia arecosa,Ginaldia,Notodontidae
10484916,,,,,2241,,,6,https://inaturalist-open-data.s3.amazonaws.com/photos/237786554/original.jpeg,10484916,Rosema attenuata,Rosema,Notodontidae
10507100,,,,,2242,,,4,https://inaturalist-open-data.s3.amazonaws.com/photos/100583717/original.jpeg,10507100,Hypena abscisalis,Hypena,Erebidae
10508244,,,,,2243,,,11,https://inaturalist-open-data.s3.amazonaws.com/photos/65949208/original.jpeg,10508244,Givira quadra,Givira,Cossidae
10518920,,,,,2244,,,7,https://inaturalist-open-data.s3.amazonaws.com/photos/12492369/original.jpg,10518920,Microsca paullula,Microsca,Thyrididae
10520508,,,,,2245,,,11,https://inaturalist-open-data.s3.amazonaws.com/photos/120023362/original.jpeg,10520508,Dalcerides mesoa,Dalcerides,Dalceridae
10526082,,,,,2246,,,4,https://inaturalist-open-data.s3.amazonaws.com/photos/111267879/original.jpeg,10526082,Condica roxana,Condica,Noctuidae
10530239,,,,,2247,,,6,https://inaturalist-open-data.s3.amazonaws.com/photos/49122154/original.jpeg,10530239,Oxytenis nubila,Oxytenis,Saturniidae
10560768,,,,,2248,,,37,https://inaturalist-open-data.s3.amazonaws.com/photos/226754092/original.jpeg,10560768,Othorene verana,Othorene,Saturniidae
10564738,,,,,2249,,,33,https://inaturalist-open-data.s3.amazonaws.com/photos/86079240/original.jpeg,10564738,Rhodirphia carminata,Rhodirphia,Saturniidae
10580195,,,,,2250,,,26,https://inaturalist-open-data.s3.amazonaws.com/photos/130823788/original.jpeg,10580195,Lintneria merops,Lintneria,Sphingidae
10584379,,,,,2251,,,4,https://inaturalist-open-data.s3.amazonaws.com/photos/60597559/original.jpg,10584379,Baniana gobar,Baniana,Erebidae
10591617,,,,,2252,,,76,https://inaturalist-open-data.s3.amazonaws.com/photos/34725229/original.jpeg,10591617,Periphoba arcaei,Periphoba,Saturniidae
10592498,,,,,2253,,,10,https://inaturalist-open-data.s3.amazonaws.com/photos/189596160/original.jpeg,10592498,Acharia sarans,Acharia,Limacodidae
10604008,,,,,2254,,,16,https://inaturalist-open-data.s3.amazonaws.com/photos/47058188/original.jpg,10604008,Dirphiopsis flora,Dirphiopsis,Saturniidae
10605938,,,,,2255,,,14,https://inaturalist-open-data.s3.amazonaws.com/photos/164147226/original.jpeg,10605938,Hydata stigmatica,Hydata,Geometridae
10616747,,,,,2256,,,4,https://inaturalist-open-data.s3.amazonaws.com/photos/100778847/original.jpeg,10616747,Macaria delia,Macaria,Geometridae
10617721,,,,,2257,,,20,https://inaturalist-open-data.s3.amazonaws.com/photos/177445392/original.jpg,10617721,Eusarca crameraria,Eusarca,Geometridae
10626558,,,,,2258,,,7,https://inaturalist-open-data.s3.amazonaws.com/photos/346646212/original.jpeg,10626558,Orthodes curvirena,Orthodes,Noctuidae
10631656,,,,,2259,,,13,https://inaturalist-open-data.s3.amazonaws.com/photos/145973647/original.jpg,10631656,Paradirphia winifredae,Paradirphia,Saturniidae
10638921,,,,,2260,,,8,https://inaturalist-open-data.s3.amazonaws.com/photos/6640946/original.jpeg,10638921,Xanthodirphia amarilla,Xanthodirphia,Saturniidae
10642453,,,,,2261,,,68,http://www.boldsystems.org/pics/MHMXZ/08-SRNP-881-DHJ396801+1240971506.jpg,10642453,Nagara vitrea,Stictoptera,Euteliidae
10644173,,,,,2262,,,6,https://inaturalist-open-data.s3.amazonaws.com/photos/182467186/original.jpeg,10644173,Euclea microcippus,Euclea,Limacodidae
10650351,,,,,2263,,,34,https://inaturalist-open-data.s3.amazonaws.com/photos/32279945/original.jpg,10650351,Synchlora expulsata,Synchlora,Geometridae
10650720,,,,,2264,,,12,https://inaturalist-open-data.s3.amazonaws.com/photos/232038957/original.jpeg,10650720,Oxydia optima,Oxydia,Geometridae
10655532,,,,,2265,,,6,http://www.boldsystems.org/pics/MHAUC/93-srnp-770-dhj320151+1140458832.jpg,10655532,Kakopoda stygia,Kakopoda,Erebidae
10682107,,,,,2266,,,10,https://inaturalist-open-data.s3.amazonaws.com/photos/310397630/original.jpeg,10682107,Asturodes bioalfae,Asturodes,Crambidae
10704929,,,,,2267,,,9,https://inaturalist-open-data.s3.amazonaws.com/photos/180002822/original.jpeg,10704929,Paradirphia talamancaia,Paradirphia,Saturniidae
10711384,,,,,2268,,,6,https://inaturalist-open-data.s3.amazonaws.com/photos/363536651/original.jpg,10711384,Automeris pinasiana,Automeris,Saturniidae
10730710,,,,,2269,,,9,https://inaturalist-open-data.s3.amazonaws.com/photos/51889567/original.jpg,10730710,Lepasta maltha,Lemairegisa,Notodontidae
10731187,,,,,2270,,,157,http://www.boldsystems.org/pics/BCISA/LESACE-22000003-BCI16197-D+1288286358.JPG,10731187,Adeloneivaia centrojason,Adeloneivaia,Saturniidae
10746109,,,,,2271,,,5,http://www.boldsystems.org/pics/MHANI/06-SRNP-30422-DHJ334449+1365544064.jpg,10746109,Nystalea silvieduranae,Nystalea,Notodontidae
10763692,,,,,2272,,,6,https://inaturalist-open-data.s3.amazonaws.com/photos/92237336/original.jpg,10763692,Cisthene citrina,Cisthene,Erebidae
10799264,,,,,2273,,,6,https://inaturalist-open-data.s3.amazonaws.com/photos/249210820/original.jpeg,10799264,Eudocima anguina,Eudocima,Erebidae
10807787,,,,,2274,,,52,https://inaturalist-open-data.s3.amazonaws.com/photos/80691977/original.jpg,10807787,Spilomela perspicata,Zebronia,Crambidae
10811237,,,,,2275,,,6,https://inaturalist-open-data.s3.amazonaws.com/photos/73815556/original.jpeg,10811237,Athyrma fakahatchee,Athyrma,Erebidae
10830546,,,,,2276,,,148,https://inaturalist-open-data.s3.amazonaws.com/photos/209955336/original.jpg,10830546,Feigeria scops,Feigeria,Erebidae
10833398,,,,,2277,,,7,https://inaturalist-open-data.s3.amazonaws.com/photos/245779333/original.jpeg,10833398,Asturodes junkoshimurae,Asturodes,Crambidae
10851228,,,,,2278,,,50,https://inaturalist-open-data.s3.amazonaws.com/photos/309872711/original.jpeg,10851228,Feigeria magna,Feigeria,Erebidae
10876358,,,,,2279,,,4,https://inaturalist-open-data.s3.amazonaws.com/photos/363027337/original.jpg,10876358,Chlamydastis arenaria,Chlamydastis,Depressariidae
10880699,,,,,2280,,,21,https://inaturalist-open-data.s3.amazonaws.com/photos/95659346/original.jpeg,10880699,Euclea costaricana,Euclea,Limacodidae
10885865,,,,,2281,,,15,https://inaturalist-open-data.s3.amazonaws.com/photos/107040182/original.jpeg,10885865,Cisthene tessellata,Cisthene,Erebidae
10886231,,,,,2282,,,6,http://www.boldsystems.org/pics/MHMXG/84-SRNP-1519-DHJ358152+1172118452.jpg,10886231,Nystalea torbjornekremi,Nystalea,Notodontidae
10898690,,,,,2283,,,5,https://inaturalist-open-data.s3.amazonaws.com/photos/80186639/original.jpeg,10898690,Clepsis abscisana,Clepsis,Tortricidae
10973357,,,,,2284,,,58,https://inaturalist-open-data.s3.amazonaws.com/photos/188517032/original.jpeg,10973357,Mimallo amilia,Mimallo,Mimallonidae
11044778,,,,,2285,,,25,https://inaturalist-open-data.s3.amazonaws.com/photos/248160376/original.jpeg,11044778,Marasmia cochrusalis,Cnaphalocrocis,Crambidae
11216605,,,,,2286,,,8,https://inaturalist-open-data.s3.amazonaws.com/photos/109151827/original.jpg,11216605,Hemerophila houttuinialis,Hemerophila,Choreutidae
11417957,,,,,2287,,,5,https://inaturalist-open-data.s3.amazonaws.com/photos/363014244/original.jpg,11417957,Automeris zurouae,Automeris,Saturniidae
11426513,,,,,2288,,,229,http://www.boldsystems.org/pics/BLPAA/17-SRNP-726-DHJ930936+1551985382.jpg,11426513,Automeris parapichinchensis,Automeris,Saturniidae
11430214,,,,,2289,,,27,https://inaturalist-open-data.s3.amazonaws.com/photos/260983914/original.jpeg,11430214,Condica hippia,Condica,Noctuidae
11430466,,,,,2290,,,14,https://inaturalist-open-data.s3.amazonaws.com/photos/223627305/original.jpg,11430466,Athyrma adjutrix,Athyrma,Erebidae
11452851,,,,,2291,,,9,https://inaturalist-open-data.s3.amazonaws.com/photos/118982576/original.jpeg,11452851,Parasa figueresi,Parasa,Limacodidae
11455289,,,,,2292,,,25,https://inaturalist-open-data.s3.amazonaws.com/photos/190637505/original.jpg,11455289,Cyclophora nodigera,Cyclophora,Geometridae
11459671,,,,,2293,,,9,https://inaturalist-open-data.s3.amazonaws.com/photos/107693821/original.jpeg,11459671,Hypena peruvialis,Hypena,Erebidae
11468731,,,,,2294,,,151,https://inaturalist-open-data.s3.amazonaws.com/photos/241113937/original.jpg,11468731,Erinnyis oenotrus,Erinnyis,Sphingidae
11471022,,,,,2295,,,10,https://inaturalist-open-data.s3.amazonaws.com/photos/292540298/original.jpg,11471022,Episcepsis hypoleuca,Episcepsis,Erebidae
11486713,,,,,2296,,,7,https://inaturalist-open-data.s3.amazonaws.com/photos/95732038/original.jpeg,11486713,Cyclophora megista,Cyclophora,Geometridae
11494405,,,,,2297,,,28,https://inaturalist-open-data.s3.amazonaws.com/photos/80767789/original.jpg,11494405,Lepidoneiva caecum,Lepidoneiva,Erebidae
11495556,,,,,2298,,,200,https://inaturalist-open-data.s3.amazonaws.com/photos/42397382/original.jpeg,11495556,Goniapteryx servia,Goniapteryx,Erebidae
11506397,,,,,2299,,,26,https://inaturalist-open-data.s3.amazonaws.com/photos/309831542/original.jpeg,11506397,Diacme mopsalis,Diacme,Crambidae
11507608,,,,,2300,,,54,https://inaturalist-open-data.s3.amazonaws.com/photos/60197089/original.jpeg,11507608,Euclea mesoamericana,Euclea,Limacodidae
11533575,,,,,2301,,,6,https://ecdysis.org/imglib/scan/CSU_CSUC/CSU_ENT0055/CSU_ENT0055704_1-5_1569514735_lg.jpg,11533575,Isognathus menechus,Isognathus,Sphingidae
11540684,,,,,2302,,,11,https://inaturalist-open-data.s3.amazonaws.com/photos/184536745/original.jpg,11540684,Hypena livia,Hypena,Erebidae
11547965,,,,,2303,,,6,https://inaturalist-open-data.s3.amazonaws.com/photos/108146609/original.jpeg,11547965,Condica micrippia,Condica,Noctuidae
11553296,,,,,2304,,,12,https://inaturalist-open-data.s3.amazonaws.com/photos/261541177/original.jpeg,11553296,Hypena zarabena,Hypena,Erebidae
11566967,,,,,2305,,,39,https://inaturalist-open-data.s3.amazonaws.com/photos/200622040/original.jpeg,11566967,Macaria gambarina,Macaria,Geometridae
11572470,,,,,2306,,,4,https://inaturalist-open-data.s3.amazonaws.com/photos/148012953/original.jpg,11572470,Hypomecis laeca,Hypomecis,Geometridae
11604238,,,,,2307,,,6,https://inaturalist-open-data.s3.amazonaws.com/photos/131675948/original.jpeg,11604238,Gorgonidia helenae,Gorgonidia,Erebidae
11612071,,,,,2308,,,6,https://inaturalist-open-data.s3.amazonaws.com/photos/345823349/original.jpeg,11612071,Pseudautomeris salmcolombiana,Pseudautomeris,Saturniidae
11627374,,,,,2309,,,6,http://www.boldsystems.org/pics/MHAUC/04-srnp-42927-dhj317647+1140452550.jpg,11627374,Rejectaria richardashleyi,Rejectaria,Erebidae
11631259,,,,,2310,,,9,https://inaturalist-open-data.s3.amazonaws.com/photos/295854282/original.jpeg,11631259,Epimecis nasica,Epimecis,Geometridae
11646000,,,,,2311,,,21,https://inaturalist-open-data.s3.amazonaws.com/photos/187826539/original.jpg,11646000,Valvaminor davisi,Valvaminor,Erebidae
11654109,,,,,2312,,,8,https://inaturalist-open-data.s3.amazonaws.com/photos/105180249/original.jpeg,11654109,Eusarca demoleon,Eusarca,Geometridae
11657571,,,,,2313,,,11,https://ecdysis.org/imglib/storage/portals/scan/ASU_ASUHIC/ASUHIC0095/ASUHIC0095785_habitus_dorsal_1529976073_lg.jpg,11657571,Lygropia tripunctata,Lygropia,Crambidae
11661427,,,,,2314,,,5,https://inaturalist-open-data.s3.amazonaws.com/photos/98650299/original.jpg,11661427,Hypena jonesalis,Hypena,Erebidae
11671032,,,,,2315,,,13,http://www.boldsystems.org/pics/MHAUG/86-SRNP-164.2-DHJ365137+1220039334.jpg,11671032,Hypena cachialis,Hypena,Erebidae
11671913,,,,,2316,,,5,https://inaturalist-open-data.s3.amazonaws.com/photos/146182837/original.jpeg,11671913,Prolimacodes montanus,Prolimacodes,Limacodidae
11674412,,,,,2317,,,14,https://inaturalist-open-data.s3.amazonaws.com/photos/100070237/original.jpeg,11674412,Anacrusis turrialbae,Anacrusis,Tortricidae
11677480,,,,,2318,,,39,https://inaturalist-open-data.s3.amazonaws.com/photos/63588590/original.jpeg,11677480,Hypsopygia amoenalis,Hypsopygia,Pyralidae
11721130,,,,,2319,,,17,https://inaturalist-open-data.s3.amazonaws.com/photos/105180909/original.jpeg,11721130,Eusarca flexilis,Eusarca,Geometridae
11723982,,,,,2320,,,7,https://inaturalist-open-data.s3.amazonaws.com/photos/114777368/original.jpeg,11723982,Synchlora amplimaculata,Synchlora,Geometridae
11725616,,,,,2321,,,110,https://inaturalist-open-data.s3.amazonaws.com/photos/48110334/original.jpg,11725616,Lepidoneiva teuthras,Lepidoneiva,Erebidae
11740083,,,,,2322,,,9,https://inaturalist-open-data.s3.amazonaws.com/photos/333258326/original.jpeg,11740083,Condica griseirena,Condica,Noctuidae
11740492,,,,,2323,,,15,https://inaturalist-open-data.s3.amazonaws.com/photos/250042151/original.jpeg,11740492,Leptostales angulata,Leptostales,Geometridae
11742094,,,,,2324,,,8,https://inaturalist-open-data.s3.amazonaws.com/photos/85727544/original.jpeg,11742094,Argyrotaenia citharexylana,Argyrotaenia,Tortricidae
11742694,,,,,2325,,,19,https://inaturalist-open-data.s3.amazonaws.com/photos/90871305/original.jpeg,11742694,Isochaetes dwagsi,Isochaetes,Limacodidae
11744427,,,,,2326,,,4,https://inaturalist-open-data.s3.amazonaws.com/photos/250757998/original.jpeg,11744427,Paragonia tasima,Paragonia,Geometridae
11747506,,,,,2327,,,4,https://inaturalist-open-data.s3.amazonaws.com/photos/12045050/original.jpg,11747506,Macaria subfulva,Macaria,Geometridae
11751392,,,,,2328,,,5,https://inaturalist-open-data.s3.amazonaws.com/photos/369771391/original.jpg,11751392,Roelmana prominens,Roelmana,Mimallonidae
11758968,,,,,2329,,,6,https://inaturalist-open-data.s3.amazonaws.com/photos/378492347/original.jpeg,11758968,Parilexia nigristicta,Parilexia,Geometridae
11773446,,,,,2330,,,7,https://inaturalist-open-data.s3.amazonaws.com/photos/166859717/original.jpg,11773446,Oiketicus geyeri,Oiketicus,Psychidae
11804427,,,,,2331,,,9,https://inaturalist-open-data.s3.amazonaws.com/photos/105719569/original.jpeg,11804427,Eusarca mera,Eusarca,Geometridae
11823350,,,,,2332,,,13,https://inaturalist-open-data.s3.amazonaws.com/photos/262038220/original.jpg,11823350,Tipulodes annae,Tipulodes,Erebidae
11823607,,,,,2333,,,15,https://inaturalist-open-data.s3.amazonaws.com/photos/375714127/original.jpeg,11823607,Diaphania ochrivitralis,Diaphania,Crambidae
11849732,,,,,2334,,,5,https://inaturalist-open-data.s3.amazonaws.com/photos/261536080/original.jpeg,11849732,Certima discrepans,Certima,Geometridae
11855431,,,,,2335,,,19,https://inaturalist-open-data.s3.amazonaws.com/photos/306019733/original.jpeg,11855431,Thagona tibialis,Thagona,Erebidae
11860541,,,,,2336,,,16,https://inaturalist-open-data.s3.amazonaws.com/photos/106833647/original.jpeg,11860541,Parilexia cermala,Parilexia,Geometridae
11890681,,,,,2337,,,82,https://inaturalist-open-data.s3.amazonaws.com/photos/264458442/original.jpeg,11890681,Syllectra erycata,Syllectra,Erebidae
11904675,,,,,2338,,,30,https://inaturalist-open-data.s3.amazonaws.com/photos/304666349/original.jpeg,11904675,Euclera meones,Euclera,Erebidae
12025529,,,,,2339,,,15,https://inaturalist-open-data.s3.amazonaws.com/photos/91486139/original.jpeg,12025529,Gloora alba,Gloora,Erebidae
12106417,,,,,2340,,,690,https://inaturalist-open-data.s3.amazonaws.com/photos/220723104/original.jpeg,12106417,Fissicrambus mutabilis,Fissicrambus,Crambidae
12171469,,,,,2341,,,12,https://inaturalist-open-data.s3.amazonaws.com/photos/184373465/original.jpeg,12171469,Cisthene croesus,Cisthene,Erebidae
12174211,,,,,2342,,,4,https://inaturalist-open-data.s3.amazonaws.com/photos/175444876/original.jpeg,12174211,Diaphania beckeri,Diaphania,Crambidae
12174792,,,,,2343,,,5,https://inaturalist-open-data.s3.amazonaws.com/photos/24207803/original.jpeg,12174792,Trosia chaconi,Trosia,Megalopygidae
12175932,,,,,2344,,,29,https://inaturalist-open-data.s3.amazonaws.com/photos/99335077/original.jpeg,12175932,Sigela vilhelmina,Sigela,Erebidae
12178497,,,,,2345,,,4,https://inaturalist-open-data.s3.amazonaws.com/photos/193725019/original.jpeg,12178497,Alcathoe helena,Alcathoe,Sesiidae
12181308,,,,,2346,,,10,https://inaturalist-open-data.s3.amazonaws.com/photos/247819189/original.jpeg,12181308,Lepidokirbyia boreas,Lepidokirbyia,Erebidae
12182905,,,,,2347,,,14,https://inaturalist-open-data.s3.amazonaws.com/photos/246230571/original.jpg,12182905,Schidax squammaria,Schidax,Uraniidae
12186497,,,,,2348,,,13,https://scan-bugs.org:443/imglib/scan/MISSA_MEM/MEM331/MEM331579_Episcepsis_thetis_CE_1536861592_lg.jpg,12186497,Episcepsis thetis,Episcepsis,Erebidae
12194283,,,,,2349,,,247,https://inaturalist-open-data.s3.amazonaws.com/photos/113724234/original.jpg,12194283,Feigeria buteo,Feigeria,Erebidae
12200726,,,,,2350,,,6,https://ecdysis.org/imglib/scan/MISSA_MEM/MEM375/MEM375944_Ophisma_despagnesi_I_1552922080_lg.jpg,12200726,Neophisma despagnesi,Neophisma,Erebidae
12205077,,,,,2351,,,6,https://inaturalist-open-data.s3.amazonaws.com/photos/189298636/original.jpeg,12205077,Mictopsichia mincae,Mictopsichia,Tortricidae
12205642,,,,,2352,,,27,https://id.digitarium.fi/api/F.312027/Preview001.jpg,12205642,Meganola punctilinea,Meganola,Nolidae
12209221,,,,,2353,,,12,https://inaturalist-open-data.s3.amazonaws.com/photos/63554015/original.jpeg,12209221,Pantelodes centralamericana,Pantelodes,Apatelodidae
12209825,,,,,2354,,,5,https://inaturalist-open-data.s3.amazonaws.com/photos/388319522/original.jpeg,12209825,Conchylodes aquaticalis,Conchylodes,Crambidae
12217590,,,,,2355,,,9,https://inaturalist-open-data.s3.amazonaws.com/photos/152124177/original.jpg,12217590,Cydia rhodaspis,Cydia,Tortricidae
12224829,,,,,2356,,,4,https://inaturalist-open-data.s3.amazonaws.com/photos/95613619/original.jpg,12224829,Neophisma nobilis,Neophisma,Erebidae
12230308,,,,,2357,,,26,https://inaturalist-open-data.s3.amazonaws.com/photos/90614135/original.jpeg,12230308,Eichlinia pulchripes,Eichlinia,Sesiidae
12231011,,,,,2358,,,4,https://inaturalist-open-data.s3.amazonaws.com/photos/69368298/original.jpeg,12231011,Argyrotaenia cordillerae,Argyrotaenia,Tortricidae
12256131,,,,,2359,,,9,https://inaturalist-open-data.s3.amazonaws.com/photos/81559824/original.jpeg,12256131,Cyclophora insigniata,Cyclophora,Geometridae
