gbif_name,gbif_key,fieldguide_id,cover_image_url,antenna_id,inat_id,category_map_index,common_name_en,,genus,family,training_images_count,example_occurrence_image_url
,1730769,,,,,#N/A,,,,,7,https://inaturalist-open-data.s3.amazonaws.com/photos/180526040/original.jpg
,1732371,,,,,#N/A,,,,,11,https://inaturalist-open-data.s3.amazonaws.com/photos/6414599/original.jpeg
Artace cribrarius,1732901,,,,,2,,,Artace,Lasiocampidae,1000,https://inaturalist-open-data.s3.amazonaws.com/photos/70157693/original.jpeg
,1733029,,,,,#N/A,,,,,6,https://inaturalist-open-data.s3.amazonaws.com/photos/364094035/original.jpg
,1733031,,,,,#N/A,,,,,5,https://inaturalist-open-data.s3.amazonaws.com/photos/108947602/original.jpeg
,1733038,,,,,#N/A,,,,,7,http://www.boldsystems.org/pics/MHAOA/07-SRNP-45268-DHJ381019+1222372210.jpg
,1733051,,,,,#N/A,,,,,10,https://inaturalist-open-data.s3.amazonaws.com/photos/103863655/original.jpeg
,1733068,,,,,#N/A,,,,,11,https://inaturalist-open-data.s3.amazonaws.com/photos/103862637/original.jpeg
,1733328,,,,,#N/A,,,,,13,https://inaturalist-open-data.s3.amazonaws.com/photos/99104377/original.jpeg
,1733824,,,,,#N/A,,,,,7,https://inaturalist-open-data.s3.amazonaws.com/photos/103863998/original.jpeg
,1741826,,,,,#N/A,,,,,684,https://inaturalist-open-data.s3.amazonaws.com/photos/32341384/original.jpg
,1743215,,,,,#N/A,,,,,7,https://inaturalist-open-data.s3.amazonaws.com/photos/13732593/original.jpg
,1743288,,,,,#N/A,,,,,6,https://inaturalist-open-data.s3.amazonaws.com/photos/294676870/original.jpg
,1743297,,,,,#N/A,,,,,20,https://inaturalist-open-data.s3.amazonaws.com/photos/385347797/original.jpeg
Mictopsichia hubneriana,1743793,,,,,14,,,Mictopsichia,Tortricidae,21,https://inaturalist-open-data.s3.amazonaws.com/photos/165986886/original.jpg
Hilarographa plectanodes,1748056,,,,,15,,,Hilarographa,Tortricidae,6,https://inaturalist-open-data.s3.amazonaws.com/photos/43703336/original.jpg
,1748062,,,,,#N/A,,,,,8,https://inaturalist-open-data.s3.amazonaws.com/photos/66919660/original.jpeg
Trosia dimas,1751492,,,,,17,,,Trosia,Megalopygidae,19,https://inaturalist-open-data.s3.amazonaws.com/photos/161088038/original.jpg
,1751496,,,,,#N/A,,,,,13,https://inaturalist-open-data.s3.amazonaws.com/photos/185674982/original.jpeg
,1751497,,,,,#N/A,,,,,83,https://inaturalist-open-data.s3.amazonaws.com/photos/356595188/original.jpg
Trosia fallax,1751512,,,,,20,,,Trosia,Megalopygidae,9,https://inaturalist-open-data.s3.amazonaws.com/photos/118581180/original.jpeg
,1751524,,,,,#N/A,,,,,61,https://inaturalist-open-data.s3.amazonaws.com/photos/29584191/original.jpg
,1751568,,,,,#N/A,,,,,17,https://inaturalist-open-data.s3.amazonaws.com/photos/363903595/original.jpeg
Megalopyge opercularis,1751572,,,,,23,,,Megalopyge,Megalopygidae,1000,https://inaturalist-open-data.s3.amazonaws.com/photos/299863909/original.jpeg
,1751581,,,,,#N/A,,,,,39,https://inaturalist-open-data.s3.amazonaws.com/photos/277982178/original.jpeg
,1751588,,,,,#N/A,,,,,359,https://inaturalist-open-data.s3.amazonaws.com/photos/184373043/original.jpg
Megalopyge tharops,1751590,,,,,26,,,Megalopyge,Megalopygidae,39,https://inaturalist-open-data.s3.amazonaws.com/photos/325271403/original.jpg
,1751600,,,,,#N/A,,,,,26,https://inaturalist-open-data.s3.amazonaws.com/photos/170176089/original.png
,1751607,,,,,#N/A,,,,,14,https://inaturalist-open-data.s3.amazonaws.com/photos/161189787/original.jpeg
,1751613,,,,,#N/A,,,,,56,https://inaturalist-open-data.s3.amazonaws.com/photos/146435795/original.jpeg
,1751624,,,,,#N/A,,,,,28,https://inaturalist-open-data.s3.amazonaws.com/photos/378237866/original.jpeg
,1751625,,,,,#N/A,,,,,368,https://inaturalist-open-data.s3.amazonaws.com/photos/311711274/original.jpg
,1751626,,,,,#N/A,,,,,12,https://inaturalist-open-data.s3.amazonaws.com/photos/348771836/original.jpg
,1751670,,,,,#N/A,,,,,173,https://inaturalist-open-data.s3.amazonaws.com/photos/129557790/original.jpeg
,1751735,,,,,#N/A,,,,,9,https://inaturalist-open-data.s3.amazonaws.com/photos/235219651/original.jpg
Mesoscia dumilla,1751739,,,,,35,,,Mesoscia,Megalopygidae,9,https://inaturalist-open-data.s3.amazonaws.com/photos/150637637/original.jpeg
Mesoscia dyari,1751747,,,,,36,,,Mesoscia,Megalopygidae,17,https://inaturalist-open-data.s3.amazonaws.com/photos/64295332/original.jpeg
Mesoscia guttifascia,1751748,,,,,37,,,Mesoscia,Megalopygidae,19,https://inaturalist-open-data.s3.amazonaws.com/photos/243777687/original.jpg
,1751750,,,,,#N/A,,,,,35,https://inaturalist-open-data.s3.amazonaws.com/photos/177238778/original.jpg
,1751758,,,,,#N/A,,,,,24,https://inaturalist-open-data.s3.amazonaws.com/photos/118910072/original.jpg
,1751779,,,,,#N/A,,,,,6,https://inaturalist-open-data.s3.amazonaws.com/photos/100071031/original.jpg
,1751785,,,,,#N/A,,,,,39,https://inaturalist-open-data.s3.amazonaws.com/photos/136864868/original.jpeg
,1751929,,,,,#N/A,,,,,43,https://inaturalist-open-data.s3.amazonaws.com/photos/98985886/original.jpeg
,1751930,,,,,#N/A,,,,,8,https://inaturalist-open-data.s3.amazonaws.com/photos/91050455/original.jpeg
Perola villosipes,1751980,,,,,44,,,Perola,Limacodidae,100,https://inaturalist-open-data.s3.amazonaws.com/photos/247956350/original.jpg
Perola sericea,1751986,,,,,45,,,Perola,Limacodidae,69,https://inaturalist-open-data.s3.amazonaws.com/photos/258812597/original.jpg
,1751990,,,,,#N/A,,,,,14,https://inaturalist-open-data.s3.amazonaws.com/photos/282320292/original.jpeg
,1751991,,,,,#N/A,,,,,10,https://inaturalist-open-data.s3.amazonaws.com/photos/26031237/original.jpg
,1752001,,,,,#N/A,,,,,26,https://inaturalist-open-data.s3.amazonaws.com/photos/310440920/original.jpeg
,1752033,,,,,#N/A,,,,,11,https://inaturalist-open-data.s3.amazonaws.com/photos/100521915/original.jpg
Perola repetita,1752034,,,,,50,,,Perola,Limacodidae,51,https://inaturalist-open-data.s3.amazonaws.com/photos/240222857/original.jpeg
Phobetron hipparchia,1752109,,,,,51,,,Phobetron,Limacodidae,263,https://inaturalist-open-data.s3.amazonaws.com/photos/98328630/original.jpg
,1752464,,,,,#N/A,,,,,14,https://inaturalist-open-data.s3.amazonaws.com/photos/253982185/original.jpg
Tanadema neutra,1752742,,,,,53,,,Tanadema,Limacodidae,17,https://inaturalist-open-data.s3.amazonaws.com/photos/178153031/original.jpeg
,1752775,,,,,#N/A,,,,,130,https://inaturalist-open-data.s3.amazonaws.com/photos/181192343/original.jpeg
,1752778,,,,,#N/A,,,,,34,https://inaturalist-open-data.s3.amazonaws.com/photos/143830208/original.jpg
,1752825,,,,,#N/A,,,,,523,https://inaturalist-open-data.s3.amazonaws.com/photos/41317607/original.jpg
Prolimacodes triangulifera,1752827,,,,,57,,,Prolimacodes,Limacodidae,27,https://inaturalist-open-data.s3.amazonaws.com/photos/226980782/original.jpg
,1752892,,,,,#N/A,,,,,9,https://inaturalist-open-data.s3.amazonaws.com/photos/288074299/original.jpeg
Epiperola vafera,1753035,,,,,59,,,Epiperola,Limacodidae,14,https://inaturalist-open-data.s3.amazonaws.com/photos/217832526/original.jpeg
,1753043,,,,,#N/A,,,,,17,https://inaturalist-open-data.s3.amazonaws.com/photos/119807166/original.jpeg
,1753046,,,,,#N/A,,,,,7,https://inaturalist-open-data.s3.amazonaws.com/photos/280238584/original.jpeg
,1753049,,,,,#N/A,,,,,37,https://inaturalist-open-data.s3.amazonaws.com/photos/97364698/original.jpeg
,1753050,,,,,#N/A,,,,,6,https://inaturalist-open-data.s3.amazonaws.com/photos/186731312/original.jpg
,1753538,,,,,#N/A,,,,,13,https://inaturalist-open-data.s3.amazonaws.com/photos/261371186/original.jpg
,1753544,,,,,#N/A,,,,,8,https://inaturalist-open-data.s3.amazonaws.com/photos/143911158/original.jpg
Semyra bella,1753603,,,,,66,,,Semyra,Limacodidae,38,https://inaturalist-open-data.s3.amazonaws.com/photos/240222451/original.jpeg
,1753604,,,,,#N/A,,,,,36,https://inaturalist-open-data.s3.amazonaws.com/photos/65614395/original.jpeg
Semyra irena,1753612,,,,,68,,,Semyra,Limacodidae,26,https://inaturalist-open-data.s3.amazonaws.com/photos/253102694/original.jpg
Natada lucens,1753661,,,,,69,,,Natada,Limacodidae,39,https://inaturalist-open-data.s3.amazonaws.com/photos/132201053/original.jpg
,1753674,,,,,#N/A,,,,,6,https://inaturalist-open-data.s3.amazonaws.com/photos/240223163/original.jpg
,1753688,,,,,#N/A,,,,,6,https://inaturalist-open-data.s3.amazonaws.com/photos/314427819/original.jpeg
,1753697,,,,,#N/A,,,,,5,https://inaturalist-open-data.s3.amazonaws.com/photos/171821649/original.jpeg
,1753707,,,,,#N/A,,,,,9,https://inaturalist-open-data.s3.amazonaws.com/photos/25869527/original.jpg
Natada michorta,1753712,,,,,74,,,Natada,Limacodidae,25,https://inaturalist-open-data.s3.amazonaws.com/photos/119827410/original.jpeg
,1753817,,,,,#N/A,,,,,21,https://inaturalist-open-data.s3.amazonaws.com/photos/257370754/original.jpeg
Euphobetron cupreitincta,1753818,,,,,76,,,Euphobetron,Limacodidae,20,https://inaturalist-open-data.s3.amazonaws.com/photos/297261636/original.jpeg
,1753824,,,,,#N/A,,,,,24,https://inaturalist-open-data.s3.amazonaws.com/photos/9358433/original.jpeg
Sibine nesea,1753871,,,,,78,,,Sibine,Limacodidae,60,https://inaturalist-open-data.s3.amazonaws.com/photos/12276043/original.jpg
,1758269,,,,,#N/A,,,,,11,https://inaturalist-open-data.s3.amazonaws.com/photos/120039734/original.jpeg
,1758336,,,,,#N/A,,,,,50,https://inaturalist-open-data.s3.amazonaws.com/photos/383805685/original.jpeg
Dolichosomastis leucogrammica,1759866,,,,,81,,,Dolichosomastis,Erebidae,10,https://inaturalist-open-data.s3.amazonaws.com/photos/82224566/original.jpeg
,1759875,,,,,#N/A,,,,,31,https://inaturalist-open-data.s3.amazonaws.com/photos/251546419/original.jpg
,1760213,,,,,#N/A,,,,,4,http://www.boldsystems.org/pics/BLPAA/19-SRNP-104760-DHJ713919+1683647148.JPG
,1760288,,,,,#N/A,,,,,4,https://inaturalist-open-data.s3.amazonaws.com/photos/81303837/original.jpeg
,1760293,,,,,#N/A,,,,,5,https://inaturalist-open-data.s3.amazonaws.com/photos/30681136/original.jpeg
,1760308,,,,,#N/A,,,,,8,https://inaturalist-open-data.s3.amazonaws.com/photos/168230182/original.jpg
,1760309,,,,,#N/A,,,,,29,http://www.boldsystems.org/pics/BLPAA/19-SRNP-101713-DHJ710872+1683644022.JPG
,1760317,,,,,#N/A,,,,,14,https://inaturalist-open-data.s3.amazonaws.com/photos/172941902/original.jpeg
,1760373,,,,,#N/A,,,,,5,https://inaturalist-open-data.s3.amazonaws.com/photos/89843709/original.jpg
,1761138,,,,,#N/A,,,,,28,https://inaturalist-open-data.s3.amazonaws.com/photos/225948391/original.jpeg
,1761143,,,,,#N/A,,,,,90,https://inaturalist-open-data.s3.amazonaws.com/photos/24572887/original.jpg
,1761204,,,,,#N/A,,,,,10,https://inaturalist-open-data.s3.amazonaws.com/photos/183972120/original.jpeg
,1761206,,,,,#N/A,,,,,13,https://inaturalist-open-data.s3.amazonaws.com/photos/231850368/original.jpeg
,1761271,,,,,#N/A,,,,,9,https://inaturalist-open-data.s3.amazonaws.com/photos/343077242/original.jpeg
,1761280,,,,,#N/A,,,,,11,https://inaturalist-open-data.s3.amazonaws.com/photos/322782520/original.jpeg
,1761286,,,,,#N/A,,,,,8,https://inaturalist-open-data.s3.amazonaws.com/photos/387669661/original.jpeg
,1761290,,,,,#N/A,,,,,4,https://inaturalist-open-data.s3.amazonaws.com/photos/248690581/original.jpeg
,1761293,,,,,#N/A,,,,,13,https://inaturalist-open-data.s3.amazonaws.com/photos/7584286/original.jpg
,1761301,,,,,#N/A,,,,,8,https://inaturalist-open-data.s3.amazonaws.com/photos/387658735/original.jpeg
,1761305,,,,,#N/A,,,,,13,https://inaturalist-open-data.s3.amazonaws.com/photos/25042781/original.jpeg
Athyrma tuberosa,1761624,,,,,101,,,Athyrma,Erebidae,6,https://inaturalist-open-data.s3.amazonaws.com/photos/86185182/original.jpg
,1761679,,,,,#N/A,,,,,4,https://inaturalist-open-data.s3.amazonaws.com/photos/359420009/original.jpeg
Euclystis guerini,1761694,,,,,103,,,Euclystis,Erebidae,37,https://inaturalist-open-data.s3.amazonaws.com/photos/220915127/original.jpeg
,1761808,,,,,#N/A,,,,,4,https://inaturalist-open-data.s3.amazonaws.com/photos/333383762/original.jpg
,1761813,,,,,#N/A,,,,,7,https://inaturalist-open-data.s3.amazonaws.com/photos/310552029/original.jpeg
,1761839,,,,,#N/A,,,,,4,https://inaturalist-open-data.s3.amazonaws.com/photos/238224912/original.jpg
,1761842,,,,,#N/A,,,,,5,https://api.idigbio.org/v2/media/70e57832a835e2085ae293eeec510e2a
,1761846,,,,,#N/A,,,,,4,https://inaturalist-open-data.s3.amazonaws.com/photos/201457421/original.jpeg
,1761853,,,,,#N/A,,,,,6,https://inaturalist-open-data.s3.amazonaws.com/photos/245514592/original.jpeg
,1761891,,,,,#N/A,,,,,25,https://inaturalist-open-data.s3.amazonaws.com/photos/55437414/original.jpeg
,1761892,,,,,#N/A,,,,,675,https://inaturalist-open-data.s3.amazonaws.com/photos/237647164/original.jpeg
,1762102,,,,,#N/A,,,,,32,https://inaturalist-open-data.s3.amazonaws.com/photos/400126543/original.jpeg
,1762139,,,,,#N/A,,,,,4,https://inaturalist-open-data.s3.amazonaws.com/photos/111787160/original.jpeg
,1762662,,,,,#N/A,,,,,6,https://inaturalist-open-data.s3.amazonaws.com/photos/46529607/original.jpeg
,1763152,,,,,#N/A,,,,,22,https://inaturalist-open-data.s3.amazonaws.com/photos/249184699/original.jpg
,1763156,,,,,#N/A,,,,,52,https://inaturalist-open-data.s3.amazonaws.com/photos/12456606/original.jpg
,1763163,,,,,#N/A,,,,,66,https://inaturalist-open-data.s3.amazonaws.com/photos/400474173/original.jpeg
,1763164,,,,,#N/A,,,,,33,https://inaturalist-open-data.s3.amazonaws.com/photos/245459249/original.jpeg
Eulepidotis electa,1763167,,,,,119,,,Eulepidotis,Erebidae,5,https://inaturalist-open-data.s3.amazonaws.com/photos/29785897/original.jpg
,1763169,,,,,#N/A,,,,,22,https://inaturalist-open-data.s3.amazonaws.com/photos/44865465/original.jpeg
Eulepidotis superior,1763175,,,,,121,,,Eulepidotis,Erebidae,7,https://inaturalist-open-data.s3.amazonaws.com/photos/302419404/original.jpeg
Eulepidotis dominicata,1763178,,,,,122,,,Eulepidotis,Erebidae,21,https://inaturalist-open-data.s3.amazonaws.com/photos/272280377/original.jpeg
,1763184,,,,,#N/A,,,,,122,https://inaturalist-open-data.s3.amazonaws.com/photos/245681556/original.jpg
,1763187,,,,,#N/A,,,,,9,https://inaturalist-open-data.s3.amazonaws.com/photos/200133402/original.jpeg
,1763188,,,,,#N/A,,,,,9,https://inaturalist-open-data.s3.amazonaws.com/photos/245343174/original.jpeg
,1763197,,,,,#N/A,,,,,11,http://www.boldsystems.org/pics/MHAUB/88-srnp-19253-dhj315659+1140457950.jpg
Eulepidotis rectimargo,1763199,,,,,127,,,Eulepidotis,Erebidae,174,https://inaturalist-open-data.s3.amazonaws.com/photos/143874799/original.jpeg
,1763221,,,,,#N/A,,,,,9,https://inaturalist-open-data.s3.amazonaws.com/photos/265977498/original.jpg
Eulepidotis testaceiceps,1763223,,,,,129,,,Eulepidotis,Erebidae,51,https://scan-bugs.org:443/imglib/scan/MISSA_MEM/MEM375/MEM375967_Eulepidotis_testacei_1553283130_lg.jpg
,1763224,,,,,#N/A,,,,,23,https://inaturalist-open-data.s3.amazonaws.com/photos/328932125/original.jpg
,1763234,,,,,#N/A,,,,,32,https://inaturalist-open-data.s3.amazonaws.com/photos/7645790/original.jpg
,1763244,,,,,#N/A,,,,,23,https://inaturalist-open-data.s3.amazonaws.com/photos/363243040/original.jpg
,1763249,,,,,#N/A,,,,,6,https://inaturalist-open-data.s3.amazonaws.com/photos/349232251/original.jpeg
,1763255,,,,,#N/A,,,,,16,https://inaturalist-open-data.s3.amazonaws.com/photos/77184063/original.jpeg
,1763256,,,,,#N/A,,,,,59,https://inaturalist-open-data.s3.amazonaws.com/photos/211032860/original.jpeg
,1763258,,,,,#N/A,,,,,4,https://inaturalist-open-data.s3.amazonaws.com/photos/51949607/original.jpeg
,1763260,,,,,#N/A,,,,,20,https://inaturalist-open-data.s3.amazonaws.com/photos/246174396/original.jpeg
,1763642,,,,,#N/A,,,,,11,https://inaturalist-open-data.s3.amazonaws.com/photos/250962545/original.jpg
,1764142,,,,,#N/A,,,,,50,https://inaturalist-open-data.s3.amazonaws.com/photos/174189598/original.jpeg
,1764145,,,,,#N/A,,,,,33,https://inaturalist-open-data.s3.amazonaws.com/photos/248019659/original.jpeg
,1764146,,,,,#N/A,,,,,4,https://inaturalist-open-data.s3.amazonaws.com/photos/56032787/original.jpeg
,1764152,,,,,#N/A,,,,,15,http://www.boldsystems.org/pics/BLPDF/18-SRNP-106732-DHJ707819+1683302944.JPG
Micrathetis dasarada,1764686,,,,,143,,,Micrathetis,Noctuidae,176,http://www.boldsystems.org/pics/BLPAA/17-SRNP-100819-DHJ693798+1528305778.JPG
Micrathetis tecnion,1764687,,,,,144,,,Micrathetis,Noctuidae,101,http://www.boldsystems.org/pics/BLPED/11-SRNP-105394-DHJ666064+1331927514.JPG
,1765113,,,,,#N/A,,,,,4,https://inaturalist-open-data.s3.amazonaws.com/photos/123669768/original.jpg
,1765131,,,,,#N/A,,,,,15,https://inaturalist-open-data.s3.amazonaws.com/photos/280498270/original.jpeg
,1765147,,,,,#N/A,,,,,6,https://inaturalist-open-data.s3.amazonaws.com/photos/286064867/original.jpeg
,1765151,,,,,#N/A,,,,,4,https://inaturalist-open-data.s3.amazonaws.com/photos/2987366/original.jpg
,1765155,,,,,#N/A,,,,,30,https://inaturalist-open-data.s3.amazonaws.com/photos/80863590/original.jpeg
,1765453,,,,,#N/A,,,,,7,https://inaturalist-open-data.s3.amazonaws.com/photos/284321700/original.jpg
,1765454,,,,,#N/A,,,,,14,https://inaturalist-open-data.s3.amazonaws.com/photos/65718685/original.jpeg
,1765463,,,,,#N/A,,,,,16,https://inaturalist-open-data.s3.amazonaws.com/photos/349715044/original.jpg
,1765464,,,,,#N/A,,,,,6,http://www.boldsystems.org/pics/BLPAA/18-SRNP-107252-DHJ708339+1683302052.JPG
,1765477,,,,,#N/A,,,,,26,https://inaturalist-open-data.s3.amazonaws.com/photos/251809836/original.jpeg
,1765478,,,,,#N/A,,,,,12,https://inaturalist-open-data.s3.amazonaws.com/photos/387266269/original.jpeg
,1765519,,,,,#N/A,,,,,7,https://inaturalist-open-data.s3.amazonaws.com/photos/287341713/original.jpeg
,1765524,,,,,#N/A,,,,,7,http://www.boldsystems.org/pics/MHAUA/90-srnp-727-dhj312154+1140458118.jpg
,1765683,,,,,#N/A,,,,,19,https://ecdysis.org/imglib/scan/MISSA_MEM/MEM456/456116_1654291651_lg.jpg
,1765693,,,,,#N/A,,,,,15,https://inaturalist-open-data.s3.amazonaws.com/photos/269885511/original.jpeg
,1765696,,,,,#N/A,,,,,19,https://inaturalist-open-data.s3.amazonaws.com/photos/338605170/original.jpg
,1765907,,,,,#N/A,,,,,13,https://inaturalist-open-data.s3.amazonaws.com/photos/218365722/original.jpg
Sanys irrosea,1766222,,,,,162,,,Sanys,Erebidae,9,https://inaturalist-open-data.s3.amazonaws.com/photos/204100795/original.jpeg
,1766228,,,,,#N/A,,,,,6,http://www.boldsystems.org/pics/MHAUF/92-SRNP-3818-DHJ322040+1145315208.jpg
,1766358,,,,,#N/A,,,,,5,https://inaturalist-open-data.s3.amazonaws.com/photos/88388098/original.jpeg
,1766359,,,,,#N/A,,,,,10,https://inaturalist-open-data.s3.amazonaws.com/photos/61476528/original.jpeg
,1766846,,,,,#N/A,,,,,11,https://inaturalist-open-data.s3.amazonaws.com/photos/133206426/original.jpg
,1766879,,,,,#N/A,,,,,12,https://inaturalist-open-data.s3.amazonaws.com/photos/201246965/original.jpeg
,1767038,,,,,#N/A,,,,,25,https://inaturalist-open-data.s3.amazonaws.com/photos/256056232/original.jpeg
,1767052,,,,,#N/A,,,,,669,https://inaturalist-open-data.s3.amazonaws.com/photos/93121703/original.jpg
,1767103,,,,,#N/A,,,,,23,https://inaturalist-open-data.s3.amazonaws.com/photos/28211333/original.jpeg
,1767117,,,,,#N/A,,,,,8,https://inaturalist-open-data.s3.amazonaws.com/photos/87569626/original.jpeg
,1767123,,,,,#N/A,,,,,13,https://inaturalist-open-data.s3.amazonaws.com/photos/89853030/original.jpeg
,1767174,,,,,#N/A,,,,,15,https://inaturalist-open-data.s3.amazonaws.com/photos/98673162/original.jpeg
,1767433,,,,,#N/A,,,,,8,https://inaturalist-open-data.s3.amazonaws.com/photos/10611910/original.jpeg
,1767499,,,,,#N/A,,,,,127,https://inaturalist-open-data.s3.amazonaws.com/photos/252544754/original.jpeg
,1767571,,,,,#N/A,,,,,385,https://inaturalist-open-data.s3.amazonaws.com/photos/239220548/original.jpg
,1767575,,,,,#N/A,,,,,4,http://www.boldsystems.org/pics/BLPEG/14-SRNP-101593-DHJ678610+1407854484.JPG
,1767578,,,,,#N/A,,,,,6,http://www.boldsystems.org/pics/MHAUB/92-srnp-10951-dhj313187+1140458410.jpg
,1767583,,,,,#N/A,,,,,11,https://inaturalist-open-data.s3.amazonaws.com/photos/59376380/original.jpg
,1767915,,,,,#N/A,,,,,5,https://inaturalist-open-data.s3.amazonaws.com/photos/142327337/original.jpg
,1768283,,,,,#N/A,,,,,120,https://inaturalist-open-data.s3.amazonaws.com/photos/336669378/original.jpg
,1768471,,,,,#N/A,,,,,32,https://bugguide.net/images/cache/1LI/ZCL/1LIZCL7Z6L6ROZ8RZH5RHH5RKHERHHIZAL5RTL8RAL4RHH5RAL6RVL4RLHKRTZSRJZIRYZIR9LRZOZKR9LXZTL6RHH.jpg
,1768928,,,,,#N/A,,,,,4,https://inaturalist-open-data.s3.amazonaws.com/photos/341038198/original.jpeg
,1768976,,,,,#N/A,,,,,21,https://inaturalist-open-data.s3.amazonaws.com/photos/135951452/original.jpeg
,1768982,,,,,#N/A,,,,,8,https://inaturalist-open-data.s3.amazonaws.com/photos/215879117/original.jpeg
,1768990,,,,,#N/A,,,,,4,https://inaturalist-open-data.s3.amazonaws.com/photos/223158372/original.jpeg
,1768996,,,,,#N/A,,,,,4,https://inaturalist-open-data.s3.amazonaws.com/photos/378313635/original.jpeg
,1769048,,,,,#N/A,,,,,4,https://inaturalist-open-data.s3.amazonaws.com/photos/249735614/original.jpeg
,1769834,,,,,#N/A,,,,,17,https://inaturalist-open-data.s3.amazonaws.com/photos/130846855/original.jpeg
,1770012,,,,,#N/A,,,,,18,https://inaturalist-open-data.s3.amazonaws.com/photos/181406883/original.jpg
Gonodonta fulvangula,1770017,,,,,191,,,Gonodonta,Erebidae,7,https://inaturalist-open-data.s3.amazonaws.com/photos/192159374/original.jpg
,1770021,,,,,#N/A,,,,,11,https://inaturalist-open-data.s3.amazonaws.com/photos/184150432/original.jpeg
,1770032,,,,,#N/A,,,,,10,https://inaturalist-open-data.s3.amazonaws.com/photos/353764990/original.jpg
Gonodonta sinaldus,1770038,,,,,194,,,Gonodonta,Erebidae,97,https://inaturalist-open-data.s3.amazonaws.com/photos/58995430/original.jpg
,1770042,,,,,#N/A,,,,,10,https://inaturalist-open-data.s3.amazonaws.com/photos/340584968/original.jpeg
,1770044,,,,,#N/A,,,,,152,https://inaturalist-open-data.s3.amazonaws.com/photos/108238681/original.jpeg
,1770069,,,,,#N/A,,,,,46,https://inaturalist-open-data.s3.amazonaws.com/photos/183885787/original.jpg
,1770074,,,,,#N/A,,,,,5,https://inaturalist-open-data.s3.amazonaws.com/photos/174544035/original.jpeg
,1770077,,,,,#N/A,,,,,26,https://ecdysis.org/imglib/scan/MISSA_MEM/MEM375/MEM375469_Gonodonta_bidens_IWF_1542818917_lg.jpg
,1770078,,,,,#N/A,,,,,11,https://ecdysis.org/imglib/scan/MISSA_MEM/MEM375/MEM375471_Gonodonta_immacula_I_1542831260_lg.jpg
,1770079,,,,,#N/A,,,,,8,https://inaturalist-open-data.s3.amazonaws.com/photos/243862329/original.jpeg
,1770263,,,,,#N/A,,,,,52,https://inaturalist-open-data.s3.amazonaws.com/photos/150170013/original.jpeg
,1770659,,,,,#N/A,,,,,633,https://inaturalist-open-data.s3.amazonaws.com/photos/319412181/original.jpg
,1771449,,,,,#N/A,,,,,12,https://ecdysis.org/imglib/scan/MISSA_MEM/MEM38/MEM38766_Cissusa_inconspicua_I_1551204376.jpeg
,1771849,,,,,#N/A,,,,,6,https://inaturalist-open-data.s3.amazonaws.com/photos/130992966/original.jpeg
Erebostrota stenelea,1771934,,,,,206,,,Erebostrota,Erebidae,10,https://inaturalist-open-data.s3.amazonaws.com/photos/31378023/original.jpeg
Darceta falcata,1772119,,,,,207,,,Darceta,Noctuidae,13,https://inaturalist-open-data.s3.amazonaws.com/photos/102197629/original.jpeg
Darceta severa,1772121,,,,,208,,,Darceta,Noctuidae,6,https://inaturalist-open-data.s3.amazonaws.com/photos/58749973/original.jpg
,1772218,,,,,#N/A,,,,,4,https://inaturalist-open-data.s3.amazonaws.com/photos/148457395/original.jpeg
,1772235,,,,,#N/A,,,,,26,https://inaturalist-open-data.s3.amazonaws.com/photos/187578868/original.jpg
,1773736,,,,,#N/A,,,,,21,https://inaturalist-open-data.s3.amazonaws.com/photos/190839673/original.jpg
Chalcoecia patricia,1773994,,,,,212,,,Chalcoecia,Noctuidae,6,https://inaturalist-open-data.s3.amazonaws.com/photos/32168249/original.jpg
Chalcoecia gloria,1773996,,,,,213,,,Chalcoecia,Noctuidae,11,https://inaturalist-open-data.s3.amazonaws.com/photos/51958366/original.jpg
,1773997,,,,,#N/A,,,,,5,http://www.boldsystems.org/pics/BLPEG/14-SRNP-101598-DHJ678615+1407854484.JPG
,1773999,,,,,#N/A,,,,,13,https://inaturalist-open-data.s3.amazonaws.com/photos/254623090/original.jpeg
,1774000,,,,,#N/A,,,,,22,https://inaturalist-open-data.s3.amazonaws.com/photos/308287850/original.jpeg
,1774356,,,,,#N/A,,,,,9,https://inaturalist-open-data.s3.amazonaws.com/photos/323732402/original.jpeg
,1774361,,,,,#N/A,,,,,18,https://inaturalist-open-data.s3.amazonaws.com/photos/83476867/original.jpeg
,1774362,,,,,#N/A,,,,,7,https://inaturalist-open-data.s3.amazonaws.com/photos/199532660/original.jpeg
,1774431,,,,,#N/A,,,,,4,https://inaturalist-open-data.s3.amazonaws.com/photos/97895321/original.jpeg
,1774929,,,,,#N/A,,,,,91,http://www.boldsystems.org/pics/BLPDF/18-SRNP-106773-DHJ707860+1683302948.JPG
,1774931,,,,,#N/A,,,,,4,https://inaturalist-open-data.s3.amazonaws.com/photos/87666373/original.jpeg
,1774934,,,,,#N/A,,,,,4,https://inaturalist-open-data.s3.amazonaws.com/photos/98515501/original.jpeg
,1775295,,,,,#N/A,,,,,7,https://inaturalist-open-data.s3.amazonaws.com/photos/347584579/original.jpeg
Ascalapha odorata,1775796,,,,,225,,,Ascalapha,Erebidae,1000,https://inaturalist-open-data.s3.amazonaws.com/photos/206852349/original.jpg
,1776511,,,,,#N/A,,,,,13,https://inaturalist-open-data.s3.amazonaws.com/photos/107658035/original.jpeg
,1776512,,,,,#N/A,,,,,8,https://inaturalist-open-data.s3.amazonaws.com/photos/181539231/original.jpeg
,1776520,,,,,#N/A,,,,,15,http://www.boldsystems.org/pics/LNAUY/CCDB-33589-G02+1580230440.jpg
,1776522,,,,,#N/A,,,,,4,https://inaturalist-open-data.s3.amazonaws.com/photos/100538335/original.jpeg
,1776584,,,,,#N/A,,,,,22,https://inaturalist-open-data.s3.amazonaws.com/photos/163903390/original.jpg
,1776870,,,,,#N/A,,,,,9,http://www.boldsystems.org/pics/BLPAA/18-SRNP-107659-DHJ708746+1683641354.JPG
,1776890,,,,,#N/A,,,,,8,https://inaturalist-open-data.s3.amazonaws.com/photos/309501512/original.jpeg
,1776959,,,,,#N/A,,,,,33,https://inaturalist-open-data.s3.amazonaws.com/photos/119899658/original.jpg
,1776970,,,,,#N/A,,,,,9,https://inaturalist-open-data.s3.amazonaws.com/photos/50439946/original.jpg
,1777093,,,,,#N/A,,,,,12,https://inaturalist-open-data.s3.amazonaws.com/photos/12860848/original.jpg
,1777149,,,,,#N/A,,,,,4,https://inaturalist-open-data.s3.amazonaws.com/photos/359314828/original.jpg
,1777179,,,,,#N/A,,,,,101,https://ecdysis.org/imglib/scan/DMNS_Ento/ZE106/ZE106190-dorsal_1545235989_lg.jpg
,1777431,,,,,#N/A,,,,,4,https://ecdysis.org/imglib/scan/MISSA_MEM/MEM305/MEM305464_Eutelia_chrysotermin_1554303934_lg.jpg
,1777462,,,,,#N/A,,,,,19,https://inaturalist-open-data.s3.amazonaws.com/photos/98494597/original.jpeg
,1777463,,,,,#N/A,,,,,64,https://inaturalist-open-data.s3.amazonaws.com/photos/304287382/original.jpeg
,1777475,,,,,#N/A,,,,,11,https://inaturalist-open-data.s3.amazonaws.com/photos/190226184/original.jpeg
,1777484,,,,,#N/A,,,,,14,https://inaturalist-open-data.s3.amazonaws.com/photos/302981248/original.jpeg
,1777551,,,,,#N/A,,,,,5,https://inaturalist-open-data.s3.amazonaws.com/photos/149099149/original.jpeg
,1777684,,,,,#N/A,,,,,20,https://inaturalist-open-data.s3.amazonaws.com/photos/159974454/original.jpeg
,1777708,,,,,#N/A,,,,,19,https://inaturalist-open-data.s3.amazonaws.com/photos/180039938/original.jpeg
Macrodes columbalis,1777720,,,,,246,,,Macrodes,Erebidae,13,https://inaturalist-open-data.s3.amazonaws.com/photos/247036142/original.jpeg
Macrodes cynara,1777723,,,,,247,,,Macrodes,Erebidae,29,https://inaturalist-open-data.s3.amazonaws.com/photos/230093800/original.jpeg
,1777727,,,,,#N/A,,,,,205,https://inaturalist-open-data.s3.amazonaws.com/photos/231712544/original.jpg
,1777737,,,,,#N/A,,,,,88,https://inaturalist-open-data.s3.amazonaws.com/photos/322216837/original.jpg
,1777755,,,,,#N/A,,,,,4,https://inaturalist-open-data.s3.amazonaws.com/photos/255781550/original.jpeg
,1777928,,,,,#N/A,,,,,6,https://inaturalist-open-data.s3.amazonaws.com/photos/63458587/original.jpeg
,1777942,,,,,#N/A,,,,,676,https://inaturalist-open-data.s3.amazonaws.com/photos/2168246/original.JPG
,1778237,,,,,#N/A,,,,,7,https://inaturalist-open-data.s3.amazonaws.com/photos/98519913/original.jpeg
,1779303,,,,,#N/A,,,,,17,https://inaturalist-open-data.s3.amazonaws.com/photos/279930627/original.jpeg
,1779740,,,,,#N/A,,,,,91,https://inaturalist-open-data.s3.amazonaws.com/photos/87058638/original.jpeg
,1780066,,,,,#N/A,,,,,29,https://inaturalist-open-data.s3.amazonaws.com/photos/93572724/original.jpg
,1780163,,,,,#N/A,,,,,10,https://inaturalist-open-data.s3.amazonaws.com/photos/163650116/original.jpeg
,1780309,,,,,#N/A,,,,,697,https://inaturalist-open-data.s3.amazonaws.com/photos/310587027/original.jpg
,1780319,,,,,#N/A,,,,,4,https://inaturalist-open-data.s3.amazonaws.com/photos/96903871/original.jpeg
,1780346,,,,,#N/A,,,,,4,https://inaturalist-open-data.s3.amazonaws.com/photos/397878666/original.jpeg
,1780348,,,,,#N/A,,,,,4,https://inaturalist-open-data.s3.amazonaws.com/photos/306075276/original.jpeg
,1780350,,,,,#N/A,,,,,10,https://inaturalist-open-data.s3.amazonaws.com/photos/84989207/original.jpeg
,1780362,,,,,#N/A,,,,,19,https://inaturalist-open-data.s3.amazonaws.com/photos/350182876/original.jpeg
,1780365,,,,,#N/A,,,,,9,https://inaturalist-open-data.s3.amazonaws.com/photos/306387915/original.jpeg
,1780379,,,,,#N/A,,,,,12,http://www.boldsystems.org/pics/BLPAA/18-SRNP-107247-DHJ708334+1683302052.JPG
,1780383,,,,,#N/A,,,,,13,https://inaturalist-open-data.s3.amazonaws.com/photos/43517420/original.jpeg
,1780389,,,,,#N/A,,,,,6,https://inaturalist-open-data.s3.amazonaws.com/photos/202150341/original.jpg
,1780390,,,,,#N/A,,,,,118,https://inaturalist-open-data.s3.amazonaws.com/photos/172420111/original.jpg
Elaphria trolia,1780393,,,,,269,,,Elaphria,Noctuidae,134,http://www.boldsystems.org/pics/BLPAG/06-SRNP-105852_DHJ605852+1201560780.jpg
,1780397,,,,,#N/A,,,,,9,https://inaturalist-open-data.s3.amazonaws.com/photos/300826318/original.jpg
,1780403,,,,,#N/A,,,,,4,https://inaturalist-open-data.s3.amazonaws.com/photos/347346289/original.jpg
,1780404,,,,,#N/A,,,,,7,http://www.boldsystems.org/pics/BLPEF/14-SRNP-106044-DHJ683061+1468513412.JPG
,1780407,,,,,#N/A,,,,,65,https://inaturalist-open-data.s3.amazonaws.com/photos/247304414/original.jpeg
,1780437,,,,,#N/A,,,,,699,https://bugguide.net/images/cache/MRT/Z0R/MRTZ0RDZ6R6LMZAL3LAL3LBLQZVLERKH0ZCLSZQHERLH0ZRH0ZCLIZOL0ZCLERJZ7RTZZZ3Z0RPLXRTZQR6LRZDLPRVL.jpg
,1780440,,,,,#N/A,,,,,112,https://inaturalist-open-data.s3.amazonaws.com/photos/112011718/original.jpeg
,1780446,,,,,#N/A,,,,,11,https://inaturalist-open-data.s3.amazonaws.com/photos/66798238/original.jpg
,1780461,,,,,#N/A,,,,,4,http://www.boldsystems.org/pics/BLPAA/19-SRNP-100518-DHJ709677+1683641836.JPG
,1780505,,,,,#N/A,,,,,25,https://inaturalist-open-data.s3.amazonaws.com/photos/72808278/original.jpeg
,1780596,,,,,#N/A,,,,,19,https://inaturalist-open-data.s3.amazonaws.com/photos/21401544/original.jpeg
,1780618,,,,,#N/A,,,,,16,https://inaturalist-open-data.s3.amazonaws.com/photos/84358261/original.jpg
,1780646,,,,,#N/A,,,,,656,https://inaturalist-open-data.s3.amazonaws.com/photos/9671072/original.jpeg
,1780654,,,,,#N/A,,,,,14,https://inaturalist-open-data.s3.amazonaws.com/photos/51921669/original.jpg
,1780657,,,,,#N/A,,,,,7,http://www.boldsystems.org/pics/MHAUC/01-srnp-10014-dhj320333+1140446176.jpg
,1780673,,,,,#N/A,,,,,6,https://ecdysis.org/imglib/scan/MISSA_MEM/MEM305/MEM305418_Paectes_nana_IWF_1554303716_lg.jpg
Paectes fovifera,1780678,,,,,285,,,Paectes,Euteliidae,6,https://inaturalist-open-data.s3.amazonaws.com/photos/31992076/original.jpeg
,1781029,,,,,#N/A,,,,,337,https://bugguide.net/images/cache/90R/0E0/90R0E0L080ORHQ9R3KDR0QORIQFRQQS0G0DQYKTRQQK060K0N0TR0QOR7QJRSQCRIQVRFKVRFKBR7QDRW0S090R07Q.jpg
,1781124,,,,,#N/A,,,,,12,https://inaturalist-open-data.s3.amazonaws.com/photos/99228936/original.jpeg
,1781140,,,,,#N/A,,,,,14,https://inaturalist-open-data.s3.amazonaws.com/photos/296891062/original.jpeg
,1781420,,,,,#N/A,,,,,697,https://inaturalist-open-data.s3.amazonaws.com/photos/239604380/original.jpeg
,1781489,,,,,#N/A,,,,,6,https://inaturalist-open-data.s3.amazonaws.com/photos/179453709/original.jpeg
,1781817,,,,,#N/A,,,,,10,https://inaturalist-open-data.s3.amazonaws.com/photos/83003985/original.jpeg
,1781940,,,,,#N/A,,,,,18,https://inaturalist-open-data.s3.amazonaws.com/photos/347707882/original.jpeg
,1782152,,,,,#N/A,,,,,4,https://inaturalist-open-data.s3.amazonaws.com/photos/351110820/original.jpeg
,1782420,,,,,#N/A,,,,,58,https://inaturalist-open-data.s3.amazonaws.com/photos/330309438/original.jpg
,1782424,,,,,#N/A,,,,,121,https://inaturalist-open-data.s3.amazonaws.com/photos/316390412/original.jpg
,1783341,,,,,#N/A,,,,,11,https://inaturalist-open-data.s3.amazonaws.com/photos/155457087/original.jpeg
,1783805,,,,,#N/A,,,,,14,http://www.boldsystems.org/pics/MHMYK/15-SRNP-100994-DHJ684172+1468513882.JPG
,1784250,,,,,#N/A,,,,,25,https://inaturalist-open-data.s3.amazonaws.com/photos/156576518/original.jpeg
,1784450,,,,,#N/A,,,,,6,https://inaturalist-open-data.s3.amazonaws.com/photos/154818637/original.jpg
,1784736,,,,,#N/A,,,,,10,https://inaturalist-open-data.s3.amazonaws.com/photos/27542654/original.jpg
,1784737,,,,,#N/A,,,,,7,https://inaturalist-open-data.s3.amazonaws.com/photos/346811981/original.jpg
,1784738,,,,,#N/A,,,,,5,https://inaturalist-open-data.s3.amazonaws.com/photos/305978050/original.jpeg
,1784752,,,,,#N/A,,,,,4,https://inaturalist-open-data.s3.amazonaws.com/photos/328766673/original.jpg
,1784757,,,,,#N/A,,,,,4,https://inaturalist-open-data.s3.amazonaws.com/photos/188345094/original.jpeg
Anomis luridula,1784957,,,,,305,,,Anomis,Erebidae,173,http://www.boldsystems.org/pics/MHMYH/09-SRNP-41825-DHJ522388+1281962388.jpg
,1784959,,,,,#N/A,,,,,110,https://inaturalist-open-data.s3.amazonaws.com/photos/54948444/original.jpg
,1785024,,,,,#N/A,,,,,122,https://inaturalist-open-data.s3.amazonaws.com/photos/156600426/original.jpg
,1785096,,,,,#N/A,,,,,14,https://inaturalist-open-data.s3.amazonaws.com/photos/314212299/original.jpg
,1785168,,,,,#N/A,,,,,677,https://inaturalist-open-data.s3.amazonaws.com/photos/243458997/original.jpeg
,1785254,,,,,#N/A,,,,,6,https://inaturalist-open-data.s3.amazonaws.com/photos/263261412/original.jpg
,1785331,,,,,#N/A,,,,,574,https://inaturalist-open-data.s3.amazonaws.com/photos/31153592/original.jpeg
,1785440,,,,,#N/A,,,,,15,https://inaturalist-open-data.s3.amazonaws.com/photos/59300778/original.jpg
,1785457,,,,,#N/A,,,,,29,https://inaturalist-open-data.s3.amazonaws.com/photos/15585831/original.jpeg
,1786038,,,,,#N/A,,,,,23,https://inaturalist-open-data.s3.amazonaws.com/photos/378548433/original.jpeg
,1786047,,,,,#N/A,,,,,20,https://inaturalist-open-data.s3.amazonaws.com/photos/133205162/original.jpg
,1786214,,,,,#N/A,,,,,23,https://inaturalist-open-data.s3.amazonaws.com/photos/152353270/original.jpeg
Hemeroblemma acron,1786217,,,,,317,,,Hemeroblemma,Erebidae,41,https://inaturalist-open-data.s3.amazonaws.com/photos/114858321/original.jpg
,1786219,,,,,#N/A,,,,,106,https://inaturalist-open-data.s3.amazonaws.com/photos/113245983/original.jpeg
Hemeroblemma scolopacea,1786220,,,,,319,,,Hemeroblemma,Erebidae,7,https://inaturalist-open-data.s3.amazonaws.com/photos/62728794/original.jpg
,1786230,,,,,#N/A,,,,,6,https://inaturalist-open-data.s3.amazonaws.com/photos/298487959/original.jpg
Hemeroblemma ochrolinea,1786242,,,,,321,,,Hemeroblemma,Erebidae,11,https://inaturalist-open-data.s3.amazonaws.com/photos/123795949/original.jpeg
,1786247,,,,,#N/A,,,,,126,https://inaturalist-open-data.s3.amazonaws.com/photos/331604876/original.jpeg
,1786250,,,,,#N/A,,,,,22,https://inaturalist-open-data.s3.amazonaws.com/photos/76563059/original.jpg
,1786264,,,,,#N/A,,,,,7,https://inaturalist-open-data.s3.amazonaws.com/photos/335580561/original.jpg
,1787397,,,,,#N/A,,,,,32,https://inaturalist-open-data.s3.amazonaws.com/photos/160892439/original.jpeg
Gigia obliqua,1787426,,,,,326,,,Gigia,Erebidae,8,https://inaturalist-open-data.s3.amazonaws.com/photos/112244048/original.jpeg
,1787430,,,,,#N/A,,,,,8,https://inaturalist-open-data.s3.amazonaws.com/photos/260229919/original.jpeg
Perasia helvina,1787453,,,,,328,,,Perasia,Erebidae,29,https://inaturalist-open-data.s3.amazonaws.com/photos/57735451/original.jpeg
,1787464,,,,,#N/A,,,,,41,https://inaturalist-open-data.s3.amazonaws.com/photos/13601800/original.jpeg
,1787491,,,,,#N/A,,,,,5,https://inaturalist-open-data.s3.amazonaws.com/photos/13128988/original.jpg
,1788041,,,,,#N/A,,,,,4,https://inaturalist-open-data.s3.amazonaws.com/photos/33520818/original.jpeg
,1788294,,,,,#N/A,,,,,22,https://inaturalist-open-data.s3.amazonaws.com/photos/376121860/original.jpeg
,1788318,,,,,#N/A,,,,,17,https://inaturalist-open-data.s3.amazonaws.com/photos/208898821/original.jpg
,1788342,,,,,#N/A,,,,,4,https://inaturalist-open-data.s3.amazonaws.com/photos/99440542/original.jpeg
,1788345,,,,,#N/A,,,,,7,https://live.staticflickr.com/65535/49837569697_2a8500e621_b.jpg
Letis iphianasse,1788370,,,,,336,,,Letis,Erebidae,27,https://inaturalist-open-data.s3.amazonaws.com/photos/307993313/original.jpg
,1788534,,,,,#N/A,,,,,7,https://inaturalist-open-data.s3.amazonaws.com/photos/61657195/original.jpg
,1788667,,,,,#N/A,,,,,5,http://www.boldsystems.org/pics/BLPAA/19-SRNP-103570-DHJ712729+1683644178.JPG
,1788677,,,,,#N/A,,,,,43,https://inaturalist-open-data.s3.amazonaws.com/photos/7317336/original.jpg
,1788791,,,,,#N/A,,,,,6,https://inaturalist-open-data.s3.amazonaws.com/photos/100538497/original.jpeg
,1788793,,,,,#N/A,,,,,7,https://inaturalist-open-data.s3.amazonaws.com/photos/4895471/original.jpeg
Tarista albiapicalis,1788795,,,,,342,,,Tarista,Erebidae,9,https://inaturalist-open-data.s3.amazonaws.com/photos/112774208/original.jpeg
,1788870,,,,,#N/A,,,,,5,https://inaturalist-open-data.s3.amazonaws.com/photos/240705923/original.jpeg
,1788879,,,,,#N/A,,,,,5,https://inaturalist-open-data.s3.amazonaws.com/photos/347080268/original.jpeg
,1789023,,,,,#N/A,,,,,9,https://inaturalist-open-data.s3.amazonaws.com/photos/178037152/original.jpeg
Parachaea macaria,1789112,,,,,346,,,Parachaea,Erebidae,5,https://inaturalist-open-data.s3.amazonaws.com/photos/46729397/original.jpg
,1789537,,,,,#N/A,,,,,8,https://inaturalist-open-data.s3.amazonaws.com/photos/42164688/original.jpeg
,1789820,,,,,#N/A,,,,,37,https://inaturalist-open-data.s3.amazonaws.com/photos/308289783/original.jpeg
,1790244,,,,,#N/A,,,,,25,https://inaturalist-open-data.s3.amazonaws.com/photos/206419436/original.jpg
Melipotis fasciolaris,1790246,,,,,350,,,Melipotis,Erebidae,538,https://inaturalist-open-data.s3.amazonaws.com/photos/163784195/original.jpg
,1790248,,,,,#N/A,,,,,319,https://inaturalist-open-data.s3.amazonaws.com/photos/30335123/original.jpeg
,1790257,,,,,#N/A,,,,,671,https://inaturalist-open-data.s3.amazonaws.com/photos/157613201/original.jpg
,1790276,,,,,#N/A,,,,,33,https://inaturalist-open-data.s3.amazonaws.com/photos/13055862/original.jpg
,1790281,,,,,#N/A,,,,,64,https://ecdysis.org/imglib/scan/CSU_CSUC/CSU_ENT1169/CSU_ENT1169321_1-2_1630085660_lg.jpg
Melipotis perpendicularis,1790287,,,,,355,,,Melipotis,Erebidae,428,https://inaturalist-open-data.s3.amazonaws.com/photos/210690517/original.jpeg
,1790308,,,,,#N/A,,,,,134,https://inaturalist-open-data.s3.amazonaws.com/photos/118180506/original.jpg
,1790420,,,,,#N/A,,,,,12,https://inaturalist-open-data.s3.amazonaws.com/photos/73272660/original.jpg
,1790423,,,,,#N/A,,,,,6,https://inaturalist-open-data.s3.amazonaws.com/photos/51604918/original.jpg
,1790425,,,,,#N/A,,,,,4,https://inaturalist-open-data.s3.amazonaws.com/photos/149775772/original.jpeg
,1790706,,,,,#N/A,,,,,13,https://inaturalist-open-data.s3.amazonaws.com/photos/331877938/original.jpg
,1790742,,,,,#N/A,,,,,4,https://inaturalist-open-data.s3.amazonaws.com/photos/300324847/original.jpg
,1790746,,,,,#N/A,,,,,7,https://inaturalist-open-data.s3.amazonaws.com/photos/98296467/original.jpeg
,1790785,,,,,#N/A,,,,,6,https://inaturalist-open-data.s3.amazonaws.com/photos/32460841/original.jpg
Isogona natatrix,1790943,,,,,364,,,Isogona,Erebidae,18,https://inaturalist-open-data.s3.amazonaws.com/photos/2619615/original.jpg
Periphrage barbatula,1791018,,,,,365,,,Periphrage,Erebidae,5,https://inaturalist-open-data.s3.amazonaws.com/photos/7436103/original.jpg
,1791106,,,,,#N/A,,,,,5,https://inaturalist-open-data.s3.amazonaws.com/photos/28079097/original.jpeg
,1791114,,,,,#N/A,,,,,10,https://inaturalist-open-data.s3.amazonaws.com/photos/395993398/original.jpeg
,1791319,,,,,#N/A,,,,,6,https://inaturalist-open-data.s3.amazonaws.com/photos/101814904/original.jpeg
,1791325,,,,,#N/A,,,,,18,https://inaturalist-open-data.s3.amazonaws.com/photos/113770474/original.jpeg
,1791331,,,,,#N/A,,,,,71,https://inaturalist-open-data.s3.amazonaws.com/photos/63073458/original.jpg
,1791336,,,,,#N/A,,,,,14,https://inaturalist-open-data.s3.amazonaws.com/photos/144259845/original.jpeg
,1791351,,,,,#N/A,,,,,9,https://inaturalist-open-data.s3.amazonaws.com/photos/190777513/original.jpeg
Oraesia nobilis,1791709,,,,,373,,,Oraesia,Erebidae,9,https://inaturalist-open-data.s3.amazonaws.com/photos/262761128/original.jpg
,1791801,,,,,#N/A,,,,,5,https://inaturalist-open-data.s3.amazonaws.com/photos/343597132/original.jpeg
Hemicephalis alesa,1791802,,,,,375,,,Hemicephalis,Erebidae,11,https://inaturalist-open-data.s3.amazonaws.com/photos/13128948/original.jpg
,1791803,,,,,#N/A,,,,,10,https://inaturalist-open-data.s3.amazonaws.com/photos/204892067/original.jpeg
,1791804,,,,,#N/A,,,,,17,https://inaturalist-open-data.s3.amazonaws.com/photos/52760630/original.jpg
,1791806,,,,,#N/A,,,,,10,http://www.boldsystems.org/pics/MHAUB/94-srnp-3516-dhj315394+1140459066.jpg
,1791807,,,,,#N/A,,,,,7,https://inaturalist-open-data.s3.amazonaws.com/photos/334447582/original.jpg
,1791862,,,,,#N/A,,,,,258,https://inaturalist-open-data.s3.amazonaws.com/photos/321192416/original.jpg
,1791870,,,,,#N/A,,,,,38,https://inaturalist-open-data.s3.amazonaws.com/photos/387503306/original.jpg
,1792659,,,,,#N/A,,,,,8,https://inaturalist-open-data.s3.amazonaws.com/photos/32460858/original.jpg
,1792762,,,,,#N/A,,,,,14,https://inaturalist-open-data.s3.amazonaws.com/photos/270662719/original.jpeg
Celiptera levina,1792827,,,,,384,,,Celiptera,Erebidae,33,https://inaturalist-open-data.s3.amazonaws.com/photos/244468762/original.jpeg
,1793043,,,,,#N/A,,,,,7,https://inaturalist-open-data.s3.amazonaws.com/photos/98501475/original.jpeg
,1793499,,,,,#N/A,,,,,4,https://inaturalist-open-data.s3.amazonaws.com/photos/109422303/original.jpeg
,1793681,,,,,#N/A,,,,,13,https://inaturalist-open-data.s3.amazonaws.com/photos/256333549/original.jpeg
,1793912,,,,,#N/A,,,,,7,https://inaturalist-open-data.s3.amazonaws.com/photos/353828458/original.jpg
,1794238,,,,,#N/A,,,,,6,https://inaturalist-open-data.s3.amazonaws.com/photos/62868159/original.jpeg
,1794376,,,,,#N/A,,,,,4,http://www.boldsystems.org/pics/MHAUA/91-srnp-27-dhj314425+1140458260.jpg
,1794379,,,,,#N/A,,,,,7,https://inaturalist-open-data.s3.amazonaws.com/photos/98519138/original.jpeg
,1794621,,,,,#N/A,,,,,9,https://inaturalist-open-data.s3.amazonaws.com/photos/341910455/original.jpeg
,1794636,,,,,#N/A,,,,,6,https://inaturalist-open-data.s3.amazonaws.com/photos/106006686/original.jpeg
,1794637,,,,,#N/A,,,,,24,https://inaturalist-open-data.s3.amazonaws.com/photos/54426876/original.jpg
,1794639,,,,,#N/A,,,,,13,https://inaturalist-open-data.s3.amazonaws.com/photos/170543673/original.jpg
,1794642,,,,,#N/A,,,,,24,https://inaturalist-open-data.s3.amazonaws.com/photos/98194188/original.jpeg
,1794646,,,,,#N/A,,,,,8,https://inaturalist-open-data.s3.amazonaws.com/photos/158957337/original.jpeg
,1794650,,,,,#N/A,,,,,7,https://inaturalist-open-data.s3.amazonaws.com/photos/322871485/original.jpeg
,1794653,,,,,#N/A,,,,,4,https://inaturalist-open-data.s3.amazonaws.com/photos/71642684/original.jpeg
,1794671,,,,,#N/A,,,,,10,https://inaturalist-open-data.s3.amazonaws.com/photos/225881972/original.jpeg
,1794687,,,,,#N/A,,,,,4,http://www.boldsystems.org/pics/MHAUB/97-srnp-388-dhj315366+1140463120.jpg
,1794689,,,,,#N/A,,,,,4,https://inaturalist-open-data.s3.amazonaws.com/photos/361016211/original.jpg
,1794690,,,,,#N/A,,,,,4,https://inaturalist-open-data.s3.amazonaws.com/photos/369363193/original.jpeg
,1794694,,,,,#N/A,,,,,10,https://inaturalist-open-data.s3.amazonaws.com/photos/7196509/original.jpg
,1794697,,,,,#N/A,,,,,9,https://inaturalist-open-data.s3.amazonaws.com/photos/103360863/original.jpeg
,1794702,,,,,#N/A,,,,,6,https://ecdysis.org/imglib/scan/MISSA_MEM/MEM375/MEM375988_Antiblemma_borrega_I_1553283647_lg.jpg
,1794704,,,,,#N/A,,,,,4,https://inaturalist-open-data.s3.amazonaws.com/photos/330673622/original.jpeg
,1794717,,,,,#N/A,,,,,9,https://inaturalist-open-data.s3.amazonaws.com/photos/353470176/original.jpeg
Antiblemma fuscireticulata,1794721,,,,,409,,,Antiblemma,Erebidae,95,http://www.boldsystems.org/pics/MHMYP/11-SRNP-71655-DHJ554123+1343250546.jpg
,1794723,,,,,#N/A,,,,,6,https://inaturalist-open-data.s3.amazonaws.com/photos/293894362/original.jpeg
,1794726,,,,,#N/A,,,,,4,https://inaturalist-open-data.s3.amazonaws.com/photos/33277283/original.jpeg
,1794729,,,,,#N/A,,,,,4,https://inaturalist-open-data.s3.amazonaws.com/photos/256333191/original.jpeg
,1794737,,,,,#N/A,,,,,11,https://ecdysis.org/imglib/scan/MISSA_MEM/MEM375/MEM375997_Antiblemma_sexplagia_1553525830_lg.jpg
,1794742,,,,,#N/A,,,,,6,https://inaturalist-open-data.s3.amazonaws.com/photos/54301839/original.jpg
,1794760,,,,,#N/A,,,,,16,https://inaturalist-open-data.s3.amazonaws.com/photos/343938419/original.jpg
,1794780,,,,,#N/A,,,,,5,https://inaturalist-open-data.s3.amazonaws.com/photos/285854892/original.jpeg
,1794846,,,,,#N/A,,,,,6,https://inaturalist-open-data.s3.amazonaws.com/photos/135417106/original.jpeg
,1794891,,,,,#N/A,,,,,9,https://inaturalist-open-data.s3.amazonaws.com/photos/167776931/original.jpg
,1794955,,,,,#N/A,,,,,4,https://inaturalist-open-data.s3.amazonaws.com/photos/98497739/original.jpeg
,1795010,,,,,#N/A,,,,,4,https://inaturalist-open-data.s3.amazonaws.com/photos/98496264/original.jpeg
,1795012,,,,,#N/A,,,,,5,https://inaturalist-open-data.s3.amazonaws.com/photos/98514538/original.jpeg
,1795042,,,,,#N/A,,,,,687,https://inaturalist-open-data.s3.amazonaws.com/photos/217260200/original.jpg
,1795124,,,,,#N/A,,,,,7,https://inaturalist-open-data.s3.amazonaws.com/photos/93659501/original.jpeg
Stauropides persimilis,1795507,,,,,424,,,Stauropides,Noctuidae,125,https://scan-bugs.org:443/imglib/scan/MISSA_MEM/MEM456/456138_1654291684_lg.jpg
,1795666,,,,,#N/A,,,,,17,https://inaturalist-open-data.s3.amazonaws.com/photos/171786677/original.jpeg
,1796276,,,,,#N/A,,,,,78,https://scan-bugs.org:443/imglib/scan/UD_UDCC/UDCC_TCN00117/UDCC_TCN_00117300_2_1516978182_lg.jpg
Phaeoblemma dares,1796321,,,,,427,,,Phaeoblemma,Erebidae,12,https://inaturalist-open-data.s3.amazonaws.com/photos/315377556/original.jpg
,1796406,,,,,#N/A,,,,,4,https://inaturalist-open-data.s3.amazonaws.com/photos/114276668/original.jpeg
,1796602,,,,,#N/A,,,,,33,https://inaturalist-open-data.s3.amazonaws.com/photos/166572039/original.jpeg
,1796604,,,,,#N/A,,,,,30,https://inaturalist-open-data.s3.amazonaws.com/photos/349396374/original.jpeg
,1796699,,,,,#N/A,,,,,4,https://inaturalist-open-data.s3.amazonaws.com/photos/52659829/original.jpg
,1797654,,,,,#N/A,,,,,7,https://inaturalist-open-data.s3.amazonaws.com/photos/6414591/original.jpeg
,1797663,,,,,#N/A,,,,,7,https://inaturalist-open-data.s3.amazonaws.com/photos/163703737/original.jpeg
,1797774,,,,,#N/A,,,,,39,https://inaturalist-open-data.s3.amazonaws.com/photos/214385180/original.jpg
,1798288,,,,,#N/A,,,,,701,https://inaturalist-open-data.s3.amazonaws.com/photos/19914380/original.jpeg
Marimatha botyoides,1798289,,,,,436,,,Marimatha,Noctuidae,10,https://inaturalist-open-data.s3.amazonaws.com/photos/109425373/original.jpeg
,1798291,,,,,#N/A,,,,,5,https://inaturalist-open-data.s3.amazonaws.com/photos/339846977/original.jpeg
Graphigona regina,1798354,,,,,438,,,Graphigona,Erebidae,24,https://inaturalist-open-data.s3.amazonaws.com/photos/199818703/original.jpeg
Selenisa sueroides,1798427,,,,,439,,,Selenisa,Erebidae,332,https://inaturalist-open-data.s3.amazonaws.com/photos/91578910/original.jpeg
Selenisa lanipes,1798431,,,,,440,,,Selenisa,Erebidae,5,https://inaturalist-open-data.s3.amazonaws.com/photos/204796336/original.jpg
,1798434,,,,,#N/A,,,,,8,https://inaturalist-open-data.s3.amazonaws.com/photos/253456735/original.jpeg
,1799879,,,,,#N/A,,,,,53,https://bugguide.net/images/cache/HZ2/LJL/HZ2LJLPLMZOZ6RQHERZH6R3ZSRCZ4RDZQRCZJLWLSRTZQRTZXRSHMZKH2RSH0ZCLHZTZKRFZ0RYZXRTZ0R3ZXR2LYLDZ.jpg
,1800099,,,,,#N/A,,,,,20,https://inaturalist-open-data.s3.amazonaws.com/photos/291966090/original.jpeg
,1800101,,,,,#N/A,,,,,6,https://inaturalist-open-data.s3.amazonaws.com/photos/288592497/original.jpeg
,1800132,,,,,#N/A,,,,,4,https://ecdysis.org/imglib/scan/MISSA_MEM/MEM324/MEM324080_Charadra_nitens_IWF_1556632342_lg.jpg
,1801824,,,,,#N/A,,,,,7,https://inaturalist-open-data.s3.amazonaws.com/photos/73181856/original.jpeg
,1801851,,,,,#N/A,,,,,4,https://inaturalist-open-data.s3.amazonaws.com/photos/177325669/original.jpeg
,1801968,,,,,#N/A,,,,,7,https://inaturalist-open-data.s3.amazonaws.com/photos/73178159/original.jpeg
,1803218,,,,,#N/A,,,,,581,https://inaturalist-open-data.s3.amazonaws.com/photos/40318153/original.jpg
Antichloris viridis,1803261,,,,,450,,,Antichloris,Erebidae,11,https://www.artportalen.se/MediaLibrary/bugs/2012/large/367090.jpg
Antichloris eriphia,1803266,,,,,451,,,Antichloris,Erebidae,62,https://inaturalist-open-data.s3.amazonaws.com/photos/120645116/original.jpeg
Correbidia elegans,1803315,,,,,452,,,Correbidia,Erebidae,6,https://inaturalist-open-data.s3.amazonaws.com/photos/256010006/original.jpg
Correbidia terminalis,1803324,,,,,453,,,Correbidia,Erebidae,7,https://inaturalist-open-data.s3.amazonaws.com/photos/255866285/original.jpeg
Correbidia costinotata,1803326,,,,,454,,,Correbidia,Erebidae,98,http://www.boldsystems.org/pics/BLPBA/06-SRNP-107473_DHJ607473+1199992020.jpg
Ormetica ataenia,1803620,,,,,455,,,Ormetica,Erebidae,229,http://www.boldsystems.org/pics/LEMMZ/2044_dorsal+1330545398.JPG
,1803622,,,,,#N/A,,,,,7,https://inaturalist-open-data.s3.amazonaws.com/photos/358141502/original.jpeg
,1803628,,,,,#N/A,,,,,48,https://inaturalist-open-data.s3.amazonaws.com/photos/310900772/original.jpeg
Ormetica sicilia,1803641,,,,,458,,,Ormetica,Erebidae,27,https://inaturalist-open-data.s3.amazonaws.com/photos/67353441/original.jpeg
,1803661,,,,,#N/A,,,,,4,https://inaturalist-open-data.s3.amazonaws.com/photos/22544931/original.jpeg
,1803667,,,,,#N/A,,,,,4,https://inaturalist-open-data.s3.amazonaws.com/photos/325427626/original.jpg
,1803688,,,,,#N/A,,,,,56,https://inaturalist-open-data.s3.amazonaws.com/photos/285035772/original.jpeg
,1803745,,,,,#N/A,,,,,10,https://inaturalist-open-data.s3.amazonaws.com/photos/114060051/original.jpeg
,1803926,,,,,#N/A,,,,,22,https://inaturalist-open-data.s3.amazonaws.com/photos/300201583/original.jpeg
,1803935,,,,,#N/A,,,,,6,https://inaturalist-open-data.s3.amazonaws.com/photos/8885148/original.jpeg
,1803937,,,,,#N/A,,,,,5,https://inaturalist-open-data.s3.amazonaws.com/photos/366307394/original.jpeg
Balbura intervenata,1803948,,,,,466,,,Balbura,Erebidae,17,http://n2t.net/ark:/65665/m3f4f8261e-9c34-4703-82eb-492d7286108f
,1803949,,,,,#N/A,,,,,6,https://inaturalist-open-data.s3.amazonaws.com/photos/27748568/original.jpg
,1804093,,,,,#N/A,,,,,4,https://inaturalist-open-data.s3.amazonaws.com/photos/110955285/original.jpeg
Hyalurga fenestra,1804186,,,,,469,,,Hyalurga,Erebidae,20,https://scan-bugs.org:443/imglib/scan/MISSA_MEM/MEM339/MEM339226_Hyalurga_fenestra_CE_1539270597_lg.jpg
Hyalurga urioides,1804194,,,,,470,,,Hyalurga,Erebidae,12,https://inaturalist-open-data.s3.amazonaws.com/photos/102951942/original.jpeg
Hyalurga sora,1804196,,,,,471,,,Hyalurga,Erebidae,20,https://inaturalist-open-data.s3.amazonaws.com/photos/82627556/original.jpeg
,1804212,,,,,#N/A,,,,,4,https://inaturalist-open-data.s3.amazonaws.com/photos/13033233/original.jpeg
,1804225,,,,,#N/A,,,,,5,https://inaturalist-open-data.s3.amazonaws.com/photos/101989715/original.jpeg
,1804409,,,,,#N/A,,,,,194,https://inaturalist-open-data.s3.amazonaws.com/photos/47091172/original.jpeg
,1804522,,,,,#N/A,,,,,56,https://inaturalist-open-data.s3.amazonaws.com/photos/116763835/original.jpeg
,1804657,,,,,#N/A,,,,,19,https://inaturalist-open-data.s3.amazonaws.com/photos/7921192/original.jpeg
,1804754,,,,,#N/A,,,,,5,https://inaturalist-open-data.s3.amazonaws.com/photos/110660841/original.jpeg
,1804886,,,,,#N/A,,,,,7,https://inaturalist-open-data.s3.amazonaws.com/photos/59593977/original.jpg
,1804889,,,,,#N/A,,,,,14,https://inaturalist-open-data.s3.amazonaws.com/photos/247914357/original.jpeg
Munona iridescens,1804958,,,,,480,,,Munona,Erebidae,4,https://archive.org/download/faunaBiogrepalma/Mariposas%20%28106%29.PNG
,1804985,,,,,#N/A,,,,,9,https://inaturalist-open-data.s3.amazonaws.com/photos/177073/original.JPG
,1805071,,,,,#N/A,,,,,18,https://inaturalist-open-data.s3.amazonaws.com/photos/266618890/original.jpeg
,1805074,,,,,#N/A,,,,,7,https://inaturalist-open-data.s3.amazonaws.com/photos/245446145/original.jpeg
,1805192,,,,,#N/A,,,,,6,http://www.boldsystems.org/pics/MHMXD/06-SRNP-41529-DHJ349465+1175913936.jpg
Macrocneme chrysitis,1805197,,,,,485,,,Macrocneme,Erebidae,269,https://inaturalist-open-data.s3.amazonaws.com/photos/98701877/original.jpg
,1805238,,,,,#N/A,,,,,6,https://inaturalist-open-data.s3.amazonaws.com/photos/341658830/original.jpeg
Symphlebia aryllis,1805256,,,,,487,,,Symphlebia,Erebidae,4,https://inaturalist-open-data.s3.amazonaws.com/photos/12389096/original.jpeg
Symphlebia ipsea,1805261,,,,,488,,,Symphlebia,Erebidae,26,https://inaturalist-open-data.s3.amazonaws.com/photos/293032240/original.jpg
,1805266,,,,,#N/A,,,,,14,https://inaturalist-open-data.s3.amazonaws.com/photos/216118489/original.jpg
,1805268,,,,,#N/A,,,,,6,https://inaturalist-open-data.s3.amazonaws.com/photos/111928218/original.jpeg
,1805271,,,,,#N/A,,,,,22,https://inaturalist-open-data.s3.amazonaws.com/photos/31386215/original.jpeg
,1805272,,,,,#N/A,,,,,7,https://inaturalist-open-data.s3.amazonaws.com/photos/235078053/original.jpg
,1805282,,,,,#N/A,,,,,6,https://inaturalist-open-data.s3.amazonaws.com/photos/279671492/original.jpeg
Symphlebia pyrgion,1805284,,,,,494,,,Symphlebia,Erebidae,80,http://www.boldsystems.org/pics/BLPAA/17-SRNP-104952-DHJ697931+1528305984.JPG
,1805289,,,,,#N/A,,,,,25,https://inaturalist-open-data.s3.amazonaws.com/photos/347228441/original.jpg
,1805359,,,,,#N/A,,,,,4,https://ecdysis.org/imglib/scan/MISSA_MEM/MEM334/MEM334333_Praeamastus_albicinc_1537539479_lg.jpg
,1805395,,,,,#N/A,,,,,11,https://inaturalist-open-data.s3.amazonaws.com/photos/41389297/original.jpg
Hypocrita arcaei,1805396,,,,,498,,,Hypocrita,Erebidae,13,https://inaturalist-open-data.s3.amazonaws.com/photos/115435285/original.jpeg
,1805397,,,,,#N/A,,,,,18,https://inaturalist-open-data.s3.amazonaws.com/photos/277216437/original.jpeg
Hypocrita aletta,1805406,,,,,500,,,Hypocrita,Erebidae,14,https://inaturalist-open-data.s3.amazonaws.com/photos/259365968/original.jpeg
,1805437,,,,,#N/A,,,,,27,https://inaturalist-open-data.s3.amazonaws.com/photos/91411233/original.jpeg
,1805454,,,,,#N/A,,,,,5,https://inaturalist-open-data.s3.amazonaws.com/photos/266856397/original.jpg
Neonerita dorsipuncta,1805478,,,,,503,,,Neonerita,Erebidae,7,https://inaturalist-open-data.s3.amazonaws.com/photos/5568730/original.jpg
,1805587,,,,,#N/A,,,,,8,https://inaturalist-open-data.s3.amazonaws.com/photos/3939409/original.jpg
,1805649,,,,,#N/A,,,,,10,https://inaturalist-open-data.s3.amazonaws.com/photos/51639717/original.jpeg
,1805651,,,,,#N/A,,,,,12,https://inaturalist-open-data.s3.amazonaws.com/photos/173224086/original.jpeg
,1805669,,,,,#N/A,,,,,17,https://inaturalist-open-data.s3.amazonaws.com/photos/3995204/original.JPG
Gymnelia salvini,1805672,,,,,508,,,Gymnelia,Erebidae,12,https://inaturalist-open-data.s3.amazonaws.com/photos/185847990/original.jpg
Uranophora albiplaga,1805689,,,,,509,,,Uranophora,Erebidae,9,https://inaturalist-open-data.s3.amazonaws.com/photos/107215027/original.jpeg
Uranophora leucotela,1805691,,,,,510,,,Uranophora,Erebidae,231,https://inaturalist-open-data.s3.amazonaws.com/photos/172584024/original.jpeg
Uranophora walkeri,1805717,,,,,511,,,Uranophora,Erebidae,62,https://inaturalist-open-data.s3.amazonaws.com/photos/61839029/original.jpeg
,1805730,,,,,#N/A,,,,,11,https://inaturalist-open-data.s3.amazonaws.com/photos/63686531/original.jpg
,1805809,,,,,#N/A,,,,,6,https://inaturalist-open-data.s3.amazonaws.com/photos/117332322/original.jpeg
,1805851,,,,,#N/A,,,,,11,https://inaturalist-open-data.s3.amazonaws.com/photos/191909230/original.jpg
Theages flavicaput,1805871,,,,,515,,,Theages,Erebidae,15,https://inaturalist-open-data.s3.amazonaws.com/photos/61673161/original.jpg
,1805873,,,,,#N/A,,,,,29,https://inaturalist-open-data.s3.amazonaws.com/photos/233625166/original.jpeg
,1805888,,,,,#N/A,,,,,4,https://inaturalist-open-data.s3.amazonaws.com/photos/131676021/original.jpeg
,1805924,,,,,#N/A,,,,,11,https://inaturalist-open-data.s3.amazonaws.com/photos/92876151/original.jpg
,1805930,,,,,#N/A,,,,,27,https://inaturalist-open-data.s3.amazonaws.com/photos/175055545/original.jpeg
,1805931,,,,,#N/A,,,,,42,https://inaturalist-open-data.s3.amazonaws.com/photos/175161350/original.jpeg
,1805932,,,,,#N/A,,,,,45,https://inaturalist-open-data.s3.amazonaws.com/photos/278146573/original.jpeg
,1805934,,,,,#N/A,,,,,5,https://inaturalist-open-data.s3.amazonaws.com/photos/119690362/original.jpeg
,1805945,,,,,#N/A,,,,,37,https://inaturalist-open-data.s3.amazonaws.com/photos/315399230/original.jpeg
,1805952,,,,,#N/A,,,,,9,https://inaturalist-open-data.s3.amazonaws.com/photos/110841479/original.jpeg
,1805955,,,,,#N/A,,,,,65,https://inaturalist-open-data.s3.amazonaws.com/photos/31097636/original.jpg
,1805977,,,,,#N/A,,,,,52,https://inaturalist-open-data.s3.amazonaws.com/photos/57298495/original.jpg
,1805998,,,,,#N/A,,,,,5,https://mediaphoto.mnhn.fr/media/1583921824628kWKuoC1RRs3rz2Gw
,1805999,,,,,#N/A,,,,,30,https://inaturalist-open-data.s3.amazonaws.com/photos/158382174/original.jpeg
,1806017,,,,,#N/A,,,,,16,https://inaturalist-open-data.s3.amazonaws.com/photos/188929493/original.jpeg
,1806414,,,,,#N/A,,,,,4,https://inaturalist-open-data.s3.amazonaws.com/photos/41678988/original.jpeg
,1806475,,,,,#N/A,,,,,6,https://inaturalist-open-data.s3.amazonaws.com/photos/63977227/original.jpeg
,1806476,,,,,#N/A,,,,,10,https://inaturalist-open-data.s3.amazonaws.com/photos/100552147/original.jpg
Chetone angulosa,1806477,,,,,533,,,Chetone,Erebidae,142,http://www.boldsystems.org/pics/BLPCO/08-SRNP-103935_DHJ627999+1221772452.jpg
,1806631,,,,,#N/A,,,,,20,https://inaturalist-open-data.s3.amazonaws.com/photos/186606418/original.jpg
,1806651,,,,,#N/A,,,,,10,http://live.staticflickr.com/1639/23558844024_ed8cb90b74_b.jpg
,1806687,,,,,#N/A,,,,,59,https://inaturalist-open-data.s3.amazonaws.com/photos/180939322/original.jpg
,1806690,,,,,#N/A,,,,,76,https://inaturalist-open-data.s3.amazonaws.com/photos/58211894/original.jpeg
,1806845,,,,,#N/A,,,,,40,https://inaturalist-open-data.s3.amazonaws.com/photos/359258477/original.jpeg
Pareuchaetes insulata,1806872,,,,,539,,,Pareuchaetes,Erebidae,978,https://inaturalist-open-data.s3.amazonaws.com/photos/252415334/original.jpeg
,1806885,,,,,#N/A,,,,,6,https://inaturalist-open-data.s3.amazonaws.com/photos/239224325/original.jpeg
,1806887,,,,,#N/A,,,,,138,https://inaturalist-open-data.s3.amazonaws.com/photos/183380727/original.jpeg
Anycles anthracina,1807281,,,,,542,,,Anycles,Erebidae,32,https://inaturalist-open-data.s3.amazonaws.com/photos/173153477/original.jpeg
,1807370,,,,,#N/A,,,,,5,https://inaturalist-open-data.s3.amazonaws.com/photos/317120901/original.jpeg
Argyroeides ophion,1807383,,,,,544,,,Argyroeides,Erebidae,76,https://inaturalist-open-data.s3.amazonaws.com/photos/115237547/original.jpg
,1807553,,,,,#N/A,,,,,35,https://inaturalist-open-data.s3.amazonaws.com/photos/358696308/original.jpg
Trichura latifascia,1807558,,,,,546,,,Trichura,Erebidae,12,https://inaturalist-open-data.s3.amazonaws.com/photos/214477236/original.jpg
,1807569,,,,,#N/A,,,,,143,https://inaturalist-open-data.s3.amazonaws.com/photos/91707526/original.jpeg
,1807755,,,,,#N/A,,,,,8,https://inaturalist-open-data.s3.amazonaws.com/photos/53417446/original.jpeg
,1807905,,,,,#N/A,,,,,13,https://inaturalist-open-data.s3.amazonaws.com/photos/306591763/original.jpeg
,1807909,,,,,#N/A,,,,,7,http://www.boldsystems.org/pics/BLPED/11-SRNP-104794-DHJ665464+1331927074.JPG
Viviennea salma,1807988,,,,,551,,,Viviennea,Erebidae,12,https://inaturalist-open-data.s3.amazonaws.com/photos/114626264/original.jpeg
Viviennea tegyra,1807991,,,,,552,,,Viviennea,Erebidae,9,https://scan-bugs.org:443/imglib/scan/MISSA_MEM/MEM340/MEM340335_Erebidae_IWF_1542391698_lg.jpg
,1807998,,,,,#N/A,,,,,8,https://inaturalist-open-data.s3.amazonaws.com/photos/47781495/original.jpg
,1808013,,,,,#N/A,,,,,19,https://inaturalist-open-data.s3.amazonaws.com/photos/135310531/original.jpg
,1808020,,,,,#N/A,,,,,11,https://inaturalist-open-data.s3.amazonaws.com/photos/275161287/original.jpg
,1808023,,,,,#N/A,,,,,5,https://inaturalist-open-data.s3.amazonaws.com/photos/249261302/original.jpeg
,1808067,,,,,#N/A,,,,,14,https://inaturalist-open-data.s3.amazonaws.com/photos/362784718/original.jpg
,1808093,,,,,#N/A,,,,,13,https://inaturalist-open-data.s3.amazonaws.com/photos/30193328/original.jpg
,1808649,,,,,#N/A,,,,,9,https://inaturalist-open-data.s3.amazonaws.com/photos/79774460/original.jpeg
,1808651,,,,,#N/A,,,,,8,https://inaturalist-open-data.s3.amazonaws.com/photos/293871187/original.jpg
,1808675,,,,,#N/A,,,,,6,https://inaturalist-open-data.s3.amazonaws.com/photos/111020484/original.jpeg
Nudur fractivittarum,1808826,,,,,562,,,Nudur,Erebidae,8,https://inaturalist-open-data.s3.amazonaws.com/photos/31341053/original.jpeg
,1808900,,,,,#N/A,,,,,20,https://inaturalist-open-data.s3.amazonaws.com/photos/215849482/original.jpg
,1808902,,,,,#N/A,,,,,9,https://inaturalist-open-data.s3.amazonaws.com/photos/349217107/original.jpeg
Castrica phalaenoides,1809033,,,,,565,,,Castrica,Erebidae,78,http://www.boldsystems.org/pics/BCIAR/LEARCN-22000034-BCI23293-D+1279888334.JPG
Cratoplastis diluta,1809066,,,,,566,,,Cratoplastis,Erebidae,56,https://inaturalist-open-data.s3.amazonaws.com/photos/134488907/original.jpeg
,1809087,,,,,#N/A,,,,,4,https://inaturalist-open-data.s3.amazonaws.com/photos/60310817/original.jpeg
,1809127,,,,,#N/A,,,,,404,https://inaturalist-open-data.s3.amazonaws.com/photos/277109835/original.jpg
,1809176,,,,,#N/A,,,,,37,https://inaturalist-open-data.s3.amazonaws.com/photos/59074055/original.jpg
,1809200,,,,,#N/A,,,,,6,https://inaturalist-open-data.s3.amazonaws.com/photos/108538998/original.jpg
,1809294,,,,,#N/A,,,,,176,https://inaturalist-open-data.s3.amazonaws.com/photos/328159954/original.jpeg
,1809337,,,,,#N/A,,,,,5,https://ecdysis.org/imglib/scan/MISSA_MEM/MEM325/MEM325256_Calidota_obscurator__1534354827_lg.jpg
Gaudeator paidicus,1809339,,,,,573,,,Gaudeator,Erebidae,11,https://inaturalist-open-data.s3.amazonaws.com/photos/178607056/original.jpeg
Syntrichura virens,1809341,,,,,574,,,Syntrichura,Erebidae,28,https://inaturalist-open-data.s3.amazonaws.com/photos/171876904/original.jpg
,1809348,,,,,#N/A,,,,,153,https://inaturalist-open-data.s3.amazonaws.com/photos/172199233/original.jpeg
,1809408,,,,,#N/A,,,,,4,http://www.boldsystems.org/pics/ASARC/INB0003935169-BAES002085+1315857186.jpg
,1809440,,,,,#N/A,,,,,5,https://inaturalist-open-data.s3.amazonaws.com/photos/32083013/original.jpg
Saurita temenus,1809491,,,,,578,,,Saurita,Erebidae,43,https://inaturalist-open-data.s3.amazonaws.com/photos/149552989/original.jpeg
,1809493,,,,,#N/A,,,,,7,https://ecdysis.org/imglib/scan/MISSA_MEM/MEM340/340017_1654550795_lg.jpg
,1809499,,,,,#N/A,,,,,168,https://inaturalist-open-data.s3.amazonaws.com/photos/206718284/original.jpeg
,1809514,,,,,#N/A,,,,,26,https://inaturalist-open-data.s3.amazonaws.com/photos/77462927/original.jpeg
,1809515,,,,,#N/A,,,,,5,https://inaturalist-open-data.s3.amazonaws.com/photos/258437918/original.jpeg
Saurita phoenicosticta,1809524,,,,,583,,,Saurita,Erebidae,6,https://inaturalist-open-data.s3.amazonaws.com/photos/32461089/original.jpg
Saurita anselma,1809533,,,,,584,,,Saurita,Erebidae,6,https://inaturalist-open-data.s3.amazonaws.com/photos/172240094/original.jpeg
Saurita tipulina,1809542,,,,,585,,,Saurita,Erebidae,16,https://inaturalist-open-data.s3.amazonaws.com/photos/296530798/original.jpg
,1809957,,,,,#N/A,,,,,4,https://inaturalist-open-data.s3.amazonaws.com/photos/273911229/original.jpg
,1809971,,,,,#N/A,,,,,41,https://inaturalist-open-data.s3.amazonaws.com/photos/38417562/original.jpeg
,1809981,,,,,#N/A,,,,,4,http://www.boldsystems.org/pics/NFECU/FBE06023_A+1696957380.JPG
,1810004,,,,,#N/A,,,,,5,https://inaturalist-open-data.s3.amazonaws.com/photos/79779631/original.jpeg
,1810072,,,,,#N/A,,,,,7,http://www.boldsystems.org/pics/NFECU/FBE06022_C+1696957390.JPG
,1810114,,,,,#N/A,,,,,11,https://inaturalist-open-data.s3.amazonaws.com/photos/119181583/original.jpeg
Eucereon obscura,1810148,,,,,592,,,Eucereon,Erebidae,5,https://inaturalist-open-data.s3.amazonaws.com/photos/172757775/original.jpeg
,1810172,,,,,#N/A,,,,,96,https://inaturalist-open-data.s3.amazonaws.com/photos/338709209/original.jpeg
Eucereon phaeoproctum,1810196,,,,,594,,,Eucereon,Erebidae,14,https://inaturalist-open-data.s3.amazonaws.com/photos/160045560/original.jpg
Eucereon maja,1810209,,,,,595,,,Eucereon,Erebidae,12,http://mediaphoto.mnhn.fr/media/1537976583983tqWpQXC8E0LljlqY
,1810211,,,,,#N/A,,,,,20,https://inaturalist-open-data.s3.amazonaws.com/photos/388588010/original.jpg
,1810220,,,,,#N/A,,,,,8,https://inaturalist-open-data.s3.amazonaws.com/photos/91453045/original.jpeg
,1810226,,,,,#N/A,,,,,7,https://inaturalist-open-data.s3.amazonaws.com/photos/262097363/original.jpg
,1810229,,,,,#N/A,,,,,28,https://inaturalist-open-data.s3.amazonaws.com/photos/381942181/original.jpeg
,1810258,,,,,#N/A,,,,,16,https://inaturalist-open-data.s3.amazonaws.com/photos/161296095/original.jpeg
,1810274,,,,,#N/A,,,,,7,https://inaturalist-open-data.s3.amazonaws.com/photos/302255901/original.jpeg
,1810281,,,,,#N/A,,,,,4,https://inaturalist-open-data.s3.amazonaws.com/photos/63553812/original.jpeg
,1810308,,,,,#N/A,,,,,7,https://inaturalist-open-data.s3.amazonaws.com/photos/63000194/original.jpeg
,1810315,,,,,#N/A,,,,,6,https://inaturalist-open-data.s3.amazonaws.com/photos/67962319/original.jpeg
,1810318,,,,,#N/A,,,,,40,https://inaturalist-open-data.s3.amazonaws.com/photos/303642545/original.jpeg
,1810319,,,,,#N/A,,,,,8,https://inaturalist-open-data.s3.amazonaws.com/photos/225413909/original.jpeg
,1810322,,,,,#N/A,,,,,5,https://ecdysis.org/imglib/scan/MISSA_MEM/MEM331/MEM331250_Eucereon_aurantiaca__1536257983_lg.jpg
Eucereon aeolum,1810348,,,,,608,,,Eucereon,Erebidae,129,http://www.boldsystems.org/pics/MHMYM/11-SRNP-1760-DHJ544009+1365548308.jpg
,1810350,,,,,#N/A,,,,,5,https://inaturalist-open-data.s3.amazonaws.com/photos/55365098/original.jpeg
,1810352,,,,,#N/A,,,,,17,https://ecdysis.org/imglib/scan/MISSA_MEM/MEM331/MEM331268_Eucereon_consorta_CE_1536854585_lg.jpg
,1810356,,,,,#N/A,,,,,6,https://inaturalist-open-data.s3.amazonaws.com/photos/119923800/original.jpeg
,1810357,,,,,#N/A,,,,,4,https://inaturalist-open-data.s3.amazonaws.com/photos/126108844/original.jpeg
,1810445,,,,,#N/A,,,,,5,https://inaturalist-open-data.s3.amazonaws.com/photos/374184273/original.jpeg
Sarosa notata,1810482,,,,,614,,,Sarosa,Erebidae,12,https://inaturalist-open-data.s3.amazonaws.com/photos/250436252/original.jpeg
,1810500,,,,,#N/A,,,,,5,https://inaturalist-open-data.s3.amazonaws.com/photos/100564379/original.jpg
,1810794,,,,,#N/A,,,,,4,https://inaturalist-open-data.s3.amazonaws.com/photos/95055522/original.jpeg
,1810818,,,,,#N/A,,,,,10,https://inaturalist-open-data.s3.amazonaws.com/photos/258565658/original.jpg
,1810824,,,,,#N/A,,,,,45,https://inaturalist-open-data.s3.amazonaws.com/photos/245716084/original.jpeg
,1810844,,,,,#N/A,,,,,11,https://inaturalist-open-data.s3.amazonaws.com/photos/98480529/original.jpeg
Psychophasma erosa,1810846,,,,,620,,,Psychophasma,Erebidae,35,https://inaturalist-open-data.s3.amazonaws.com/photos/12599930/original.jpg
,1810866,,,,,#N/A,,,,,47,https://inaturalist-open-data.s3.amazonaws.com/photos/191668921/original.jpg
,1810884,,,,,#N/A,,,,,9,https://ecdysis.org/imglib/scan/MISSA_MEM/MEM418/418795_1656015739_lg.jpg
,1810980,,,,,#N/A,,,,,49,https://inaturalist-open-data.s3.amazonaws.com/photos/321850437/original.jpg
Hypercompe trinitatis,1810981,,,,,624,,,Hypercompe,Erebidae,7,https://inaturalist-open-data.s3.amazonaws.com/photos/15099374/original.jpeg
,1811016,,,,,#N/A,,,,,12,https://inaturalist-open-data.s3.amazonaws.com/photos/171572171/original.jpg
,1811019,,,,,#N/A,,,,,173,https://inaturalist-open-data.s3.amazonaws.com/photos/28324918/original.jpg
Hypercompe magdalenae,1811041,,,,,627,,,Hypercompe,Erebidae,4,https://inaturalist-open-data.s3.amazonaws.com/photos/163418349/original.jpg
Hypercompe muzina,1811075,,,,,628,,,Hypercompe,Erebidae,25,https://inaturalist-open-data.s3.amazonaws.com/photos/299045594/original.jpeg
,1811100,,,,,#N/A,,,,,13,https://inaturalist-open-data.s3.amazonaws.com/photos/2964479/original.JPG
Hypercompe laeta,1811106,,,,,630,,,Hypercompe,Erebidae,123,https://inaturalist-open-data.s3.amazonaws.com/photos/176389856/original.jpeg
,1811121,,,,,#N/A,,,,,48,https://inaturalist-open-data.s3.amazonaws.com/photos/123412733/original.jpg
Calonotos helymus,1811138,,,,,632,,,Calonotos,Erebidae,7,https://inaturalist-open-data.s3.amazonaws.com/photos/58551034/original.jpeg
Calonotos tiburtus,1811142,,,,,633,,,Calonotos,Erebidae,21,https://inaturalist-open-data.s3.amazonaws.com/photos/261759733/original.jpg
,1811178,,,,,#N/A,,,,,31,https://inaturalist-open-data.s3.amazonaws.com/photos/247618144/original.jpeg
,1811186,,,,,#N/A,,,,,4,https://inaturalist-open-data.s3.amazonaws.com/photos/360797189/original.jpg
,1811190,,,,,#N/A,,,,,7,https://inaturalist-open-data.s3.amazonaws.com/photos/356083714/original.jpg
Isanthrene crabroniformis,1811192,,,,,637,,,Isanthrene,Erebidae,34,https://inaturalist-open-data.s3.amazonaws.com/photos/54982821/original.jpg
,1811196,,,,,#N/A,,,,,29,https://inaturalist-open-data.s3.amazonaws.com/photos/363304026/original.jpg
,1811198,,,,,#N/A,,,,,9,https://inaturalist-open-data.s3.amazonaws.com/photos/111923407/original.jpeg
,1811202,,,,,#N/A,,,,,28,https://inaturalist-open-data.s3.amazonaws.com/photos/66391437/original.jpeg
Rhabdatomis cora,1811255,,,,,641,,,Rhabdatomis,Erebidae,116,http://www.boldsystems.org/pics/BLPEG/14-SRNP-102865-DHJ679882+1429632548.JPG
,1811258,,,,,#N/A,,,,,28,https://inaturalist-open-data.s3.amazonaws.com/photos/162997143/original.jpeg
,1811298,,,,,#N/A,,,,,4,https://inaturalist-open-data.s3.amazonaws.com/photos/121728219/original.jpeg
Elysius conspersus,1811312,,,,,644,,,Elysius,Erebidae,17,https://scan-bugs.org:443/imglib/scan/MISSA_MEM/MEM334/MEM334847_Elysius_conspersus_C_1539183215_lg.jpg
,1811315,,,,,#N/A,,,,,13,https://inaturalist-open-data.s3.amazonaws.com/photos/91765249/original.jpg
,1811338,,,,,#N/A,,,,,6,https://inaturalist-open-data.s3.amazonaws.com/photos/175475732/original.jpeg
,1811342,,,,,#N/A,,,,,9,https://inaturalist-open-data.s3.amazonaws.com/photos/349951584/original.jpg
,1811384,,,,,#N/A,,,,,9,https://inaturalist-open-data.s3.amazonaws.com/photos/52418245/original.jpg
,1811391,,,,,#N/A,,,,,10,https://ecdysis.org/imglib/scan/MISSA_MEM/MEM425/425831_1659105721_lg.jpg
,1811476,,,,,#N/A,,,,,8,https://inaturalist-open-data.s3.amazonaws.com/photos/22187380/original.jpg
Pheia albisigna,1811489,,,,,651,,,Pheia,Erebidae,15,https://inaturalist-open-data.s3.amazonaws.com/photos/98859278/original.jpg
,1811498,,,,,#N/A,,,,,7,https://inaturalist-open-data.s3.amazonaws.com/photos/161083379/original.jpg
,1811503,,,,,#N/A,,,,,7,https://inaturalist-open-data.s3.amazonaws.com/photos/241293244/original.jpg
Pheia elegans,1811506,,,,,654,,,Pheia,Erebidae,17,https://inaturalist-open-data.s3.amazonaws.com/photos/6241597/original.jpeg
,1811546,,,,,#N/A,,,,,12,https://inaturalist-open-data.s3.amazonaws.com/photos/109481630/original.jpeg
Correbia undulata,1811551,,,,,656,,,Correbia,Erebidae,85,http://www.boldsystems.org/pics/BLPBB/06-SRNP-108461_DHJ608461+1199992200.jpg
,1811568,,,,,#N/A,,,,,5,https://inaturalist-open-data.s3.amazonaws.com/photos/2996300/original.jpg
,1812491,,,,,#N/A,,,,,28,https://inaturalist-open-data.s3.amazonaws.com/photos/128292015/original.jpeg
Ordishia rutilus,1812519,,,,,659,,,Ordishia,Erebidae,9,https://inaturalist-open-data.s3.amazonaws.com/photos/234902762/original.jpeg
,1812520,,,,,#N/A,,,,,4,https://inaturalist-open-data.s3.amazonaws.com/photos/110868441/original.jpeg
,1812555,,,,,#N/A,,,,,8,https://inaturalist-open-data.s3.amazonaws.com/photos/178752311/original.jpeg
,1812559,,,,,#N/A,,,,,12,https://inaturalist-open-data.s3.amazonaws.com/photos/343797011/original.jpeg
,1812564,,,,,#N/A,,,,,4,https://ecdysis.org/imglib/scan/MISSA_MEM/MEM339/339401_1654895572_lg.jpg
,1812573,,,,,#N/A,,,,,87,https://inaturalist-open-data.s3.amazonaws.com/photos/178740212/original.jpg
,1812605,,,,,#N/A,,,,,6,https://inaturalist-open-data.s3.amazonaws.com/photos/85742538/original.jpg
Psoloptera thoracica,1812741,,,,,666,,,Psoloptera,Erebidae,40,https://inaturalist-open-data.s3.amazonaws.com/photos/169915773/original.jpeg
,1812744,,,,,#N/A,,,,,20,https://inaturalist-open-data.s3.amazonaws.com/photos/91524830/original.jpeg
Prepiella aurea,1812828,,,,,668,,,Prepiella,Erebidae,22,https://inaturalist-open-data.s3.amazonaws.com/photos/190900575/original.jpeg
Prepiella pexicera,1812830,,,,,669,,,Prepiella,Erebidae,4,https://inaturalist-open-data.s3.amazonaws.com/photos/253542154/original.jpg
,1812845,,,,,#N/A,,,,,13,https://inaturalist-open-data.s3.amazonaws.com/photos/301332782/original.jpeg
,1812880,,,,,#N/A,,,,,6,https://inaturalist-open-data.s3.amazonaws.com/photos/363563324/original.jpeg
,1812881,,,,,#N/A,,,,,55,https://inaturalist-open-data.s3.amazonaws.com/photos/116532407/original.jpeg
Lycomorphodes sordida,1813187,,,,,673,,,Lycomorphodes,Erebidae,14,https://inaturalist-open-data.s3.amazonaws.com/photos/79107337/original.jpeg
,1813217,,,,,#N/A,,,,,25,https://inaturalist-open-data.s3.amazonaws.com/photos/116011352/original.jpeg
,1813332,,,,,#N/A,,,,,6,https://inaturalist-open-data.s3.amazonaws.com/photos/63589048/original.jpeg
,1813339,,,,,#N/A,,,,,5,https://inaturalist-open-data.s3.amazonaws.com/photos/329054159/original.jpg
,1813362,,,,,#N/A,,,,,5,https://inaturalist-open-data.s3.amazonaws.com/photos/292593591/original.jpg
,1813366,,,,,#N/A,,,,,4,https://inaturalist-open-data.s3.amazonaws.com/photos/280824381/original.jpeg
Heliura banoca,1813372,,,,,679,,,Heliura,Erebidae,39,http://www.boldsystems.org/pics/BLPEE/13-SRNP-104055-DHJ676776+1407854412.JPG
,1813413,,,,,#N/A,,,,,77,https://inaturalist-open-data.s3.amazonaws.com/photos/79774937/original.jpeg
,1814034,,,,,#N/A,,,,,31,https://inaturalist-open-data.s3.amazonaws.com/photos/81496232/original.jpeg
Amaxia apyga,1814045,,,,,682,,,Amaxia,Erebidae,90,http://www.boldsystems.org/pics/XAA/03-SRNP-19647b.jpg
Amaxia carinosa,1814048,,,,,683,,,Amaxia,Erebidae,13,https://inaturalist-open-data.s3.amazonaws.com/photos/106594861/original.jpeg
Amaxia lepida,1814052,,,,,684,,,Amaxia,Erebidae,13,https://inaturalist-open-data.s3.amazonaws.com/photos/99435645/original.jpeg
Amaxia pandama,1814056,,,,,685,,,Amaxia,Erebidae,16,https://inaturalist-open-data.s3.amazonaws.com/photos/93819484/original.jpeg
Ammalo helops,1814182,,,,,686,,,Ammalo,Erebidae,132,https://inaturalist-open-data.s3.amazonaws.com/photos/171917059/original.jpg
Phaeomolis lineatus,1814206,,,,,687,,,Phaeomolis,Erebidae,17,https://inaturalist-open-data.s3.amazonaws.com/photos/115435863/original.jpeg
,1814231,,,,,#N/A,,,,,7,https://inaturalist-open-data.s3.amazonaws.com/photos/172592195/original.jpg
Poliopastea auripes,1814250,,,,,689,,,Poliopastea,Erebidae,14,https://inaturalist-open-data.s3.amazonaws.com/photos/83302732/original.jpg
,1814264,,,,,#N/A,,,,,6,https://inaturalist-open-data.s3.amazonaws.com/photos/225957265/original.jpeg
,1814266,,,,,#N/A,,,,,4,https://inaturalist-open-data.s3.amazonaws.com/photos/110902302/original.jpeg
,1814274,,,,,#N/A,,,,,4,https://inaturalist-open-data.s3.amazonaws.com/photos/46404789/original.jpg
,1814277,,,,,#N/A,,,,,6,https://inaturalist-open-data.s3.amazonaws.com/photos/100581441/original.jpg
,1814330,,,,,#N/A,,,,,22,https://inaturalist-open-data.s3.amazonaws.com/photos/265942825/original.jpg
,1814333,,,,,#N/A,,,,,6,https://ecdysis.org/imglib/scan/CSU_CSUC/CSU_ENT1011/CSU_ENT1011139_1_35600_1494598070_lg.jpg
,1814341,,,,,#N/A,,,,,7,https://ecdysis.org/imglib/scan/CSU_CSUC/CSU_ENT1011/CSU_ENT1011116_1_35602_1494598202_lg.jpg
,1814342,,,,,#N/A,,,,,4,https://inaturalist-open-data.s3.amazonaws.com/photos/393110875/original.jpeg
,1814359,,,,,#N/A,,,,,113,https://inaturalist-open-data.s3.amazonaws.com/photos/25962465/original.jpeg
Halysidota interlineata,1814369,,,,,699,,,Halysidota,Erebidae,4,https://inaturalist-open-data.s3.amazonaws.com/photos/94508381/original.jpeg
Idalus aleteria,1814661,,,,,700,,,Idalus,Erebidae,7,https://inaturalist-open-data.s3.amazonaws.com/photos/31072904/original.jpg
,1814662,,,,,#N/A,,,,,9,https://inaturalist-open-data.s3.amazonaws.com/photos/289233137/original.jpeg
,1814665,,,,,#N/A,,,,,85,https://inaturalist-open-data.s3.amazonaws.com/photos/333360015/original.jpeg
Idalus dares,1814669,,,,,703,,,Idalus,Erebidae,18,https://inaturalist-open-data.s3.amazonaws.com/photos/39841437/original.jpeg
,1814683,,,,,#N/A,,,,,13,https://inaturalist-open-data.s3.amazonaws.com/photos/218235080/original.jpeg
Idalus occidentalis,1814684,,,,,705,,,Idalus,Erebidae,5,https://inaturalist-open-data.s3.amazonaws.com/photos/112285535/original.jpeg
Idalus critheis,1814692,,,,,706,,,Idalus,Erebidae,31,https://inaturalist-open-data.s3.amazonaws.com/photos/180731173/original.jpeg
,1814698,,,,,#N/A,,,,,8,https://inaturalist-open-data.s3.amazonaws.com/photos/94015199/original.jpeg
,1814704,,,,,#N/A,,,,,6,https://inaturalist-open-data.s3.amazonaws.com/photos/61278820/original.jpeg
,1814711,,,,,#N/A,,,,,50,https://inaturalist-open-data.s3.amazonaws.com/photos/100790550/original.jpeg
Idalus vitrea,1814713,,,,,710,,,Idalus,Erebidae,7,https://inaturalist-open-data.s3.amazonaws.com/photos/136302506/original.jpeg
Talara phaeella,1814758,,,,,711,,,Talara,Erebidae,54,http://www.boldsystems.org/pics/BLPYA/07-SRNP-111125_DHJ621089+1201621818.jpg
,1814785,,,,,#N/A,,,,,9,https://inaturalist-open-data.s3.amazonaws.com/photos/12353332/original.jpeg
,1814863,,,,,#N/A,,,,,406,https://inaturalist-open-data.s3.amazonaws.com/photos/56261361/original.jpg
,1815288,,,,,#N/A,,,,,5,https://inaturalist-open-data.s3.amazonaws.com/photos/91526539/original.jpeg
,1815290,,,,,#N/A,,,,,10,https://inaturalist-open-data.s3.amazonaws.com/photos/100461472/original.jpeg
Thysanoprymna haemorrhoides,1815297,,,,,716,,,Thysanoprymna,Erebidae,13,https://inaturalist-open-data.s3.amazonaws.com/photos/257235424/original.jpeg
,1815302,,,,,#N/A,,,,,12,https://inaturalist-open-data.s3.amazonaws.com/photos/111023020/original.jpeg
,1815304,,,,,#N/A,,,,,21,http://was.tacc.utexas.edu/fileget?coll=Entomology+Collection&type=O&filename=c657b958-0ef7-4528-a75c-17a6a52dd723.jpg
,1815307,,,,,#N/A,,,,,8,https://inaturalist-open-data.s3.amazonaws.com/photos/394819346/original.jpeg
,1815323,,,,,#N/A,,,,,9,https://inaturalist-open-data.s3.amazonaws.com/photos/115118752/original.jpeg
,1815372,,,,,#N/A,,,,,15,https://inaturalist-open-data.s3.amazonaws.com/photos/180144373/original.jpeg
,1815373,,,,,#N/A,,,,,90,https://inaturalist-open-data.s3.amazonaws.com/photos/350063662/original.jpeg
Belemnia inaurata,1815426,,,,,723,,,Belemnia,Erebidae,20,https://inaturalist-open-data.s3.amazonaws.com/photos/168403315/original.jpg
,1815636,,,,,#N/A,,,,,7,http://www.boldsystems.org/pics/XAA/02-SRNP-7361b.jpg
Calodesma collaris,1815640,,,,,725,,,Calodesma,Erebidae,57,https://inaturalist-open-data.s3.amazonaws.com/photos/179847336/original.jpeg
Calodesma maculifrons,1815643,,,,,726,,,Calodesma,Erebidae,208,http://www.boldsystems.org/pics/MHMYC/09-SRNP-31124-DHJ507283+1365547258.jpg
,1815833,,,,,#N/A,,,,,46,https://inaturalist-open-data.s3.amazonaws.com/photos/150474085/original.jpg
Dycladia correbioides,1815849,,,,,728,,,Dycladia,Erebidae,13,https://inaturalist-open-data.s3.amazonaws.com/photos/65103358/original.jpeg
,1815858,,,,,#N/A,,,,,9,https://ecdysis.org/imglib/scan/MISSA_MEM/MEM334/334829_1655416338_lg.jpg
Tricypha imperialis,1815947,,,,,730,,,Tricypha,Erebidae,13,https://inaturalist-open-data.s3.amazonaws.com/photos/79786192/original.jpeg
,1815992,,,,,#N/A,,,,,5,https://inaturalist-open-data.s3.amazonaws.com/photos/334487311/original.jpg
Apistosia judas,1816570,,,,,732,,,Apistosia,Erebidae,304,https://inaturalist-open-data.s3.amazonaws.com/photos/114954112/original.jpeg
Lampruna rosea,1816605,,,,,733,,,Lampruna,Erebidae,145,http://www.boldsystems.org/pics/BLPDY/10-SRNP-115177_DHJ660052+1309189814.jpg
,1816747,,,,,#N/A,,,,,33,https://inaturalist-open-data.s3.amazonaws.com/photos/46119757/original.jpeg
,1816751,,,,,#N/A,,,,,4,https://ecdysis.org/imglib/scan/MISSA_MEM/MEM325/325453_1659367353.jpg
Diospage splendens,1816761,,,,,736,,,Diospage,Erebidae,8,https://inaturalist-open-data.s3.amazonaws.com/photos/238528747/original.jpg
,1816902,,,,,#N/A,,,,,4,https://ecdysis.org/imglib/scan/MISSA_MEM/MEM340/MEM340353_Erebidae_IWF_1542392189_lg.jpg
,1816954,,,,,#N/A,,,,,21,https://inaturalist-open-data.s3.amazonaws.com/photos/67358254/original.jpeg
,1817086,,,,,#N/A,,,,,79,https://inaturalist-open-data.s3.amazonaws.com/photos/49765390/original.jpg
,1817121,,,,,#N/A,,,,,4,https://ecdysis.org/imglib/scan/MISSA_MEM/MEM340/MEM340089_Selenarctia_schausi__1541196146_lg.jpg
,1817123,,,,,#N/A,,,,,7,https://inaturalist-open-data.s3.amazonaws.com/photos/182272044/original.jpg
Leucopleura ciarana,1817526,,,,,742,,,Leucopleura,Erebidae,6,https://inaturalist-open-data.s3.amazonaws.com/photos/254563466/original.jpeg
,1817532,,,,,#N/A,,,,,10,https://inaturalist-open-data.s3.amazonaws.com/photos/261019518/original.jpeg
,1817546,,,,,#N/A,,,,,8,https://inaturalist-open-data.s3.amazonaws.com/photos/147084709/original.jpg
,1817553,,,,,#N/A,,,,,25,https://inaturalist-open-data.s3.amazonaws.com/photos/116321014/original.jpeg
Melese amastris,1817562,,,,,746,,,Melese,Erebidae,12,https://inaturalist-open-data.s3.amazonaws.com/photos/8727528/original.jpg
Melese incertus,1817565,,,,,747,,,Melese,Erebidae,233,http://www.boldsystems.org/pics/MHARC/07-SRNP-3024-DHJ376974+1222368382.jpg
Melese babosa,1817581,,,,,748,,,Melese,Erebidae,5,https://inaturalist-open-data.s3.amazonaws.com/photos/54883424/original.jpeg
,1817583,,,,,#N/A,,,,,4,https://inaturalist-open-data.s3.amazonaws.com/photos/31259449/original.jpeg
Melese laodamia,1817589,,,,,750,,,Melese,Erebidae,20,https://inaturalist-open-data.s3.amazonaws.com/photos/247704857/original.jpeg
Melese flavimaculata,1817592,,,,,751,,,Melese,Erebidae,25,http://n2t.net/ark:/65665/m3f50d84fa-c083-4e7e-bdf6-1bf1a52aaed4
,1817659,,,,,#N/A,,,,,6,https://inaturalist-open-data.s3.amazonaws.com/photos/359218325/original.jpg
Lophocampa catenulata,1817687,,,,,753,,,Lophocampa,Erebidae,24,https://inaturalist-open-data.s3.amazonaws.com/photos/184806152/original.jpeg
,1817714,,,,,#N/A,,,,,4,https://inaturalist-open-data.s3.amazonaws.com/photos/280996161/original.jpeg
Lophocampa maroniensis,1817717,,,,,755,,,Lophocampa,Erebidae,156,http://www.boldsystems.org/pics/MHMYC/08-SRNP-32626-DHJ504190+1248536182.jpg
Lophocampa annulosa,1817734,,,,,756,,,Lophocampa,Erebidae,308,https://inaturalist-open-data.s3.amazonaws.com/photos/108463166/original.jpg
,1817749,,,,,#N/A,,,,,50,https://inaturalist-open-data.s3.amazonaws.com/photos/52744898/original.jpeg
,1817763,,,,,#N/A,,,,,4,https://ecdysis.org/imglib/scan/MISSA_MEM/MEM325/MEM325067_Lophocampa_citrina_V_1536331418_lg.jpg
,1817773,,,,,#N/A,,,,,4,https://inaturalist-open-data.s3.amazonaws.com/photos/181324672/original.jpeg
Lophocampa modesta,1817774,,,,,760,,,Lophocampa,Erebidae,9,https://scan-bugs.org:443/imglib/scan/MISSA_MEM/MEM325/325111_1663686839_lg.jpg
,1817777,,,,,#N/A,,,,,14,https://inaturalist-open-data.s3.amazonaws.com/photos/113244928/original.jpg
Abrochocis esperanza,1817779,,,,,762,,,Abrochocis,Erebidae,12,https://inaturalist-open-data.s3.amazonaws.com/photos/118502693/original.jpeg
,1817835,,,,,#N/A,,,,,12,https://inaturalist-open-data.s3.amazonaws.com/photos/327494439/original.jpeg
,1817854,,,,,#N/A,,,,,101,https://inaturalist-open-data.s3.amazonaws.com/photos/397958844/original.jpg
,1817892,,,,,#N/A,,,,,14,https://inaturalist-open-data.s3.amazonaws.com/photos/91411407/original.jpeg
,1818377,,,,,#N/A,,,,,8,https://inaturalist-open-data.s3.amazonaws.com/photos/354434075/original.jpeg
,1818382,,,,,#N/A,,,,,14,https://inaturalist-open-data.s3.amazonaws.com/photos/305040981/original.jpeg
,1818424,,,,,#N/A,,,,,7,https://inaturalist-open-data.s3.amazonaws.com/photos/150191366/original.jpg
Sarsina purpurascens,1819310,,,,,769,,,Sarsina,Erebidae,50,https://inaturalist-open-data.s3.amazonaws.com/photos/101531131/original.jpeg
,1819634,,,,,#N/A,,,,,44,https://inaturalist-open-data.s3.amazonaws.com/photos/163120297/original.jpg
Drugera mimica,1822235,,,,,771,,,Drugera,Notodontidae,4,https://inaturalist-open-data.s3.amazonaws.com/photos/237298462/original.jpeg
Rhuda difficilis,1822279,,,,,772,,,Rhuda,Notodontidae,146,http://www.boldsystems.org/pics/MHANI/06-SRNP-20369-DHJ334442+1365544064.jpg
Rhuda focula,1822284,,,,,773,,,Rhuda,Notodontidae,33,https://inaturalist-open-data.s3.amazonaws.com/photos/88045648/original.jpeg
Nystalea superciliosa,1822397,,,,,774,,,Nystalea,Notodontidae,83,http://www.boldsystems.org/pics/MHMXD/06-SRNP-31717-DHJ350099+1172118414.jpg
Nystalea ebalea,1822410,,,,,775,,,Nystalea,Notodontidae,127,http://www.boldsystems.org/pics/BLPDW/10-SRNP-112172_DHJ657047+1309806222.jpg
Nystalea aequipars,1822421,,,,,776,,,Nystalea,Notodontidae,115,http://www.boldsystems.org/pics/BLPAA/16-SRNP-31733-DHJ930223+1551716406.jpg
,1822444,,,,,#N/A,,,,,6,http://www.boldsystems.org/pics/MHANC/85-SRNP-69-DHJ358277+1172118452.jpg
Nystalea nyseus,1822463,,,,,778,,,Nystalea,Notodontidae,10,https://inaturalist-open-data.s3.amazonaws.com/photos/109178631/original.jpg
Hapigia nodicornis,1822705,,,,,779,,,Hapigia,Notodontidae,12,https://inaturalist-open-data.s3.amazonaws.com/photos/174813592/original.jpg
Hapigia raatzi,1822717,,,,,780,,,Hapigia,Notodontidae,17,https://inaturalist-open-data.s3.amazonaws.com/photos/28941686/original.jpg
Hapigia repandens,1822719,,,,,781,,,Hapigia,Notodontidae,12,https://inaturalist-open-data.s3.amazonaws.com/photos/44092173/original.jpg
,1822724,,,,,#N/A,,,,,9,https://inaturalist-open-data.s3.amazonaws.com/photos/101175215/original.jpeg
Hapigia simplex,1822730,,,,,783,,,Hapigia,Notodontidae,33,https://inaturalist-open-data.s3.amazonaws.com/photos/264221263/original.jpg
,1822897,,,,,#N/A,,,,,7,https://inaturalist-open-data.s3.amazonaws.com/photos/266354380/original.jpeg
Scotura leucophleps,1823039,,,,,785,,,Scotura,Notodontidae,20,https://inaturalist-open-data.s3.amazonaws.com/photos/63554095/original.jpeg
,1823335,,,,,#N/A,,,,,12,https://inaturalist-open-data.s3.amazonaws.com/photos/2812611/original.JPG
,1823501,,,,,#N/A,,,,,10,https://inaturalist-open-data.s3.amazonaws.com/photos/153094981/original.jpeg
,1823611,,,,,#N/A,,,,,9,https://inaturalist-open-data.s3.amazonaws.com/photos/248058883/original.jpg
,1823732,,,,,#N/A,,,,,9,https://inaturalist-open-data.s3.amazonaws.com/photos/290492739/original.jpeg
,1823749,,,,,#N/A,,,,,17,https://inaturalist-open-data.s3.amazonaws.com/photos/111458340/original.jpeg
Anita basipuncta,1824003,,,,,791,,,Anita,Notodontidae,4,http://n2t.net/ark:/65665/m35298f9dc-ae15-42e6-bddf-3bfe654d6876
Crinodes besckei,1824179,,,,,792,,,Crinodes,Notodontidae,135,http://www.boldsystems.org/pics/BLPBA/06-SRNP-107241_DHJ607241+1199992020.jpg
,1824180,,,,,#N/A,,,,,6,https://inaturalist-open-data.s3.amazonaws.com/photos/100818730/original.jpeg
Crinodes schausi,1824186,,,,,794,,,Crinodes,Notodontidae,11,https://inaturalist-open-data.s3.amazonaws.com/photos/4151207/original.jpg
,1824356,,,,,#N/A,,,,,11,https://inaturalist-open-data.s3.amazonaws.com/photos/283800618/original.jpg
Rhapigia accipiter,1824549,,,,,796,,,Rhapigia,Notodontidae,10,https://inaturalist-open-data.s3.amazonaws.com/photos/111344544/original.jpeg
Rhapigia aymara,1824553,,,,,797,,,Rhapigia,Notodontidae,10,https://inaturalist-open-data.s3.amazonaws.com/photos/221379117/original.jpg
,1824585,,,,,#N/A,,,,,4,https://inaturalist-open-data.s3.amazonaws.com/photos/303018010/original.jpeg
,1824722,,,,,#N/A,,,,,8,https://inaturalist-open-data.s3.amazonaws.com/photos/284699445/original.jpeg
,1824816,,,,,#N/A,,,,,6,http://www.boldsystems.org/pics/MHANB/03-SRNP-6711-DHJ302295+1145648960.jpg
,1824868,,,,,#N/A,,,,,10,https://inaturalist-open-data.s3.amazonaws.com/photos/168868947/original.jpg
Apela divisa,1824907,,,,,802,,,Apela,Notodontidae,15,https://inaturalist-open-data.s3.amazonaws.com/photos/180231983/original.jpeg
Lirimiris auriflua,1825023,,,,,803,,,Lirimiris,Notodontidae,17,https://inaturalist-open-data.s3.amazonaws.com/photos/58832936/original.jpg
Lirimiris lignitecta,1825033,,,,,804,,,Lirimiris,Notodontidae,54,https://inaturalist-open-data.s3.amazonaws.com/photos/117530398/original.jpeg
,1825041,,,,,#N/A,,,,,4,https://inaturalist-open-data.s3.amazonaws.com/photos/78856215/original.jpeg
,1825309,,,,,#N/A,,,,,19,https://inaturalist-open-data.s3.amazonaws.com/photos/253744752/original.jpeg
,1825368,,,,,#N/A,,,,,15,https://inaturalist-open-data.s3.amazonaws.com/photos/174236108/original.jpeg
Rosema deolis,1825373,,,,,808,,,Rosema,Notodontidae,68,https://inaturalist-open-data.s3.amazonaws.com/photos/13381397/original.jpeg
,1825377,,,,,#N/A,,,,,13,https://inaturalist-open-data.s3.amazonaws.com/photos/50238037/original.jpg
,1825391,,,,,#N/A,,,,,30,https://inaturalist-open-data.s3.amazonaws.com/photos/186760803/original.jpg
,1825393,,,,,#N/A,,,,,10,https://inaturalist-open-data.s3.amazonaws.com/photos/182904507/original.jpg
Rosema zelica,1825394,,,,,812,,,Rosema,Notodontidae,13,https://inaturalist-open-data.s3.amazonaws.com/photos/66168670/original.jpg
Rifargia demissa,1825610,,,,,813,,,Rifargia,Notodontidae,5,https://inaturalist-open-data.s3.amazonaws.com/photos/14016124/original.jpeg
,1825630,,,,,#N/A,,,,,9,https://inaturalist-open-data.s3.amazonaws.com/photos/348670442/original.jpg
,1825640,,,,,#N/A,,,,,33,https://inaturalist-open-data.s3.amazonaws.com/photos/182966238/original.jpg
Rifargia lineata,1825676,,,,,816,,,Rifargia,Notodontidae,6,https://inaturalist-open-data.s3.amazonaws.com/photos/171304877/original.jpg
Rifargia apella,1825679,,,,,817,,,Rifargia,Notodontidae,7,https://inaturalist-open-data.s3.amazonaws.com/photos/89308693/original.jpeg
,1825726,,,,,#N/A,,,,,6,https://inaturalist-open-data.s3.amazonaws.com/photos/332445376/original.jpeg
Antaea juturna,1825771,,,,,819,,,Antaea,Notodontidae,5,https://inaturalist-open-data.s3.amazonaws.com/photos/191231028/original.jpeg
,1825775,,,,,#N/A,,,,,13,https://inaturalist-open-data.s3.amazonaws.com/photos/101795968/original.jpeg
Lusura chera,1825790,,,,,821,,,Lusura,Notodontidae,8,https://inaturalist-open-data.s3.amazonaws.com/photos/190746688/original.jpeg
,1825913,,,,,#N/A,,,,,4,https://inaturalist-open-data.s3.amazonaws.com/photos/10238048/original.jpg
,1826118,,,,,#N/A,,,,,5,https://inaturalist-open-data.s3.amazonaws.com/photos/348453168/original.jpg
Didugua argentilinea,1826181,,,,,824,,,Didugua,Notodontidae,143,https://inaturalist-open-data.s3.amazonaws.com/photos/86186131/original.jpeg
Magava multilinea,1826216,,,,,825,,,Magava,Notodontidae,18,https://inaturalist-open-data.s3.amazonaws.com/photos/4432298/original.jpg
Malocampa albolineata,1826338,,,,,826,,,Malocampa,Notodontidae,12,https://inaturalist-open-data.s3.amazonaws.com/photos/187841464/original.jpeg
Malocampa matralis,1826355,,,,,827,,,Malocampa,Notodontidae,98,http://www.boldsystems.org/pics/MHANB/03-SRNP-23831-DHJ302655+1145648068.jpg
Tachuda discreta,1826392,,,,,828,,,Tachuda,Notodontidae,16,https://inaturalist-open-data.s3.amazonaws.com/photos/312749703/original.jpeg
,1826451,,,,,#N/A,,,,,6,https://inaturalist-open-data.s3.amazonaws.com/photos/95786115/original.jpeg
Marthula rufescens,1826470,,,,,830,,,Marthula,Notodontidae,6,https://inaturalist-open-data.s3.amazonaws.com/photos/17667445/original.jpeg
,1826538,,,,,#N/A,,,,,5,https://inaturalist-open-data.s3.amazonaws.com/photos/111494718/original.jpeg
,1826658,,,,,#N/A,,,,,14,https://inaturalist-open-data.s3.amazonaws.com/photos/89012150/original.jpeg
,1826692,,,,,#N/A,,,,,8,https://inaturalist-open-data.s3.amazonaws.com/photos/258901323/original.jpeg
,1826701,,,,,#N/A,,,,,18,https://inaturalist-open-data.s3.amazonaws.com/photos/285208260/original.jpg
,1826712,,,,,#N/A,,,,,8,https://inaturalist-open-data.s3.amazonaws.com/photos/233799885/original.jpeg
,1826737,,,,,#N/A,,,,,4,https://inaturalist-open-data.s3.amazonaws.com/photos/225417279/original.jpeg
,1826754,,,,,#N/A,,,,,8,https://inaturalist-open-data.s3.amazonaws.com/photos/12463723/original.jpeg
Disphragis tharis,1826772,,,,,838,,,Disphragis,Notodontidae,45,https://inaturalist-open-data.s3.amazonaws.com/photos/254462466/original.jpeg
,1826782,,,,,#N/A,,,,,7,https://inaturalist-open-data.s3.amazonaws.com/photos/47783279/original.jpg
Meragisa valdiviesoi,1826879,,,,,840,,,Meragisa,Notodontidae,4,https://inaturalist-open-data.s3.amazonaws.com/photos/258544520/original.jpeg
,1826894,,,,,#N/A,,,,,4,https://inaturalist-open-data.s3.amazonaws.com/photos/256153475/original.jpg
,1826899,,,,,#N/A,,,,,4,https://inaturalist-open-data.s3.amazonaws.com/photos/363679254/original.jpeg
,1826908,,,,,#N/A,,,,,12,https://inaturalist-open-data.s3.amazonaws.com/photos/53561001/original.jpg
Calledema argenta,1827401,,,,,844,,,Calledema,Notodontidae,11,https://inaturalist-open-data.s3.amazonaws.com/photos/284767286/original.jpg
Calledema marmorea,1827403,,,,,845,,,Calledema,Notodontidae,11,https://inaturalist-open-data.s3.amazonaws.com/photos/73574098/original.jpeg
Calledema arema,1827404,,,,,846,,,Calledema,Notodontidae,6,https://inaturalist-open-data.s3.amazonaws.com/photos/60702553/original.jpg
Canodia difformis,1827668,,,,,847,,,Canodia,Notodontidae,11,https://inaturalist-open-data.s3.amazonaws.com/photos/175634122/original.jpeg
,1827762,,,,,#N/A,,,,,7,https://inaturalist-open-data.s3.amazonaws.com/photos/218004435/original.jpeg
,1827768,,,,,#N/A,,,,,7,https://inaturalist-open-data.s3.amazonaws.com/photos/207250116/original.jpeg
,1827845,,,,,#N/A,,,,,14,https://inaturalist-open-data.s3.amazonaws.com/photos/5902587/original.jpeg
,1827853,,,,,#N/A,,,,,6,http://www.boldsystems.org/pics/MHANA/02-SRNP-23036-DHJ301351+1145645110.jpg
Strophocerus thermesia,1827857,,,,,852,,,Strophocerus,Notodontidae,34,https://inaturalist-open-data.s3.amazonaws.com/photos/12816778/original.jpg
,1827861,,,,,#N/A,,,,,12,https://inaturalist-open-data.s3.amazonaws.com/photos/91592679/original.jpeg
Strophocerus albonotata,1827862,,,,,854,,,Strophocerus,Notodontidae,7,https://inaturalist-open-data.s3.amazonaws.com/photos/57018677/original.jpg
Phaeochlaena gyon,1827911,,,,,855,,,Phaeochlaena,Notodontidae,33,https://inaturalist-open-data.s3.amazonaws.com/photos/200531938/original.jpeg
,1828060,,,,,#N/A,,,,,12,https://inaturalist-open-data.s3.amazonaws.com/photos/183193273/original.jpeg
,1830681,,,,,#N/A,,,,,656,https://inaturalist-open-data.s3.amazonaws.com/photos/291613549/original.jpg
,1830682,,,,,#N/A,,,,,9,https://inaturalist-open-data.s3.amazonaws.com/photos/12438540/original.jpeg
,1834592,,,,,#N/A,,,,,7,https://inaturalist-open-data.s3.amazonaws.com/photos/121744432/original.jpeg
,1835142,,,,,#N/A,,,,,11,https://inaturalist-open-data.s3.amazonaws.com/photos/157657048/original.jpeg
,1836059,,,,,#N/A,,,,,4,https://inaturalist-open-data.s3.amazonaws.com/photos/239836248/original.jpeg
,1836188,,,,,#N/A,,,,,4,https://inaturalist-open-data.s3.amazonaws.com/photos/12219394/original.jpeg
,1836279,,,,,#N/A,,,,,14,https://inaturalist-open-data.s3.amazonaws.com/photos/84476329/original.jpeg
,1836975,,,,,#N/A,,,,,4,https://inaturalist-open-data.s3.amazonaws.com/photos/75635667/original.jpg
,1838422,,,,,#N/A,,,,,13,https://inaturalist-open-data.s3.amazonaws.com/photos/120165494/original.jpeg
,1845314,,,,,#N/A,,,,,167,https://inaturalist-open-data.s3.amazonaws.com/photos/268646687/original.jpeg
,1845326,,,,,#N/A,,,,,6,https://inaturalist-open-data.s3.amazonaws.com/photos/242551596/original.jpeg
Ethmia festiva,1845339,,,,,868,,,Ethmia,Ethmiidae,13,https://inaturalist-open-data.s3.amazonaws.com/photos/84484322/original.jpeg
,1845385,,,,,#N/A,,,,,630,https://inaturalist-open-data.s3.amazonaws.com/photos/17825836/original.jpeg
,1850574,,,,,#N/A,,,,,4,https://inaturalist-open-data.s3.amazonaws.com/photos/338097497/original.jpeg
Aroga paraplutella,1851237,,,,,871,,,Aroga,Gelechiidae,22,http://n2t.net/ark:/65665/m34388ce10-945c-44bb-9aa1-fec3f7525273
,1853240,,,,,#N/A,,,,,9,https://inaturalist-open-data.s3.amazonaws.com/photos/174135261/original.jpeg
Arrhenophanes perspicilla,1853242,,,,,873,,,Arrhenophanes,Psychidae,67,https://inaturalist-open-data.s3.amazonaws.com/photos/258340078/original.jpg
,1857380,,,,,#N/A,,,,,52,https://inaturalist-open-data.s3.amazonaws.com/photos/354107783/original.jpeg
,1857626,,,,,#N/A,,,,,608,https://inaturalist-open-data.s3.amazonaws.com/photos/234849156/original.jpeg
,1858283,,,,,#N/A,,,,,163,https://inaturalist-open-data.s3.amazonaws.com/photos/180964829/original.jpg
,1858637,,,,,#N/A,,,,,559,https://inaturalist-open-data.s3.amazonaws.com/photos/81170788/original.jpeg
,1860229,,,,,#N/A,,,,,7,https://inaturalist-open-data.s3.amazonaws.com/photos/12223129/original.jpg
Tortyra cuprinella,1860434,,,,,879,,,Tortyra,Choreutidae,69,http://www.boldsystems.org/pics/MHMYL/16-SRNP-26665-DHJ922788+1499267070.jpg
,1860989,,,,,#N/A,,,,,193,https://inaturalist-open-data.s3.amazonaws.com/photos/294138223/original.jpeg
,1861478,,,,,#N/A,,,,,11,https://inaturalist-open-data.s3.amazonaws.com/photos/257525888/original.jpeg
Unzela japix,1861479,,,,,882,,,Unzela,Sphingidae,65,https://inaturalist-open-data.s3.amazonaws.com/photos/197123322/original.jpeg
,1861558,,,,,#N/A,,,,,42,https://inaturalist-open-data.s3.amazonaws.com/photos/62563142/original.jpg
Perigonia lusca,1861559,,,,,884,,,Perigonia,Sphingidae,237,https://inaturalist-open-data.s3.amazonaws.com/photos/170594289/original.jpeg
Perigonia ilus,1861568,,,,,885,,,Perigonia,Sphingidae,20,https://inaturalist-open-data.s3.amazonaws.com/photos/99103066/original.jpeg
,1861571,,,,,#N/A,,,,,7,https://inaturalist-open-data.s3.amazonaws.com/photos/342804274/original.jpeg
,1861747,,,,,#N/A,,,,,39,https://inaturalist-open-data.s3.amazonaws.com/photos/213528327/original.jpeg
,1861773,,,,,#N/A,,,,,560,https://inaturalist-open-data.s3.amazonaws.com/photos/198616993/original.jpeg
,1861778,,,,,#N/A,,,,,7,https://inaturalist-open-data.s3.amazonaws.com/photos/173461705/original.jpeg
,1861783,,,,,#N/A,,,,,88,https://inaturalist-open-data.s3.amazonaws.com/photos/323399849/original.jpeg
Cocytius antaeus,1861784,,,,,891,,,Cocytius,Sphingidae,317,https://inaturalist-open-data.s3.amazonaws.com/photos/214706587/original.jpeg
,1861788,,,,,#N/A,,,,,10,https://inaturalist-open-data.s3.amazonaws.com/photos/139060771/original.jpg
,1861963,,,,,#N/A,,,,,19,https://inaturalist-open-data.s3.amazonaws.com/photos/32516119/original.jpeg
,1861967,,,,,#N/A,,,,,138,https://inaturalist-open-data.s3.amazonaws.com/photos/62669965/original.jpg
,1862033,,,,,#N/A,,,,,85,https://inaturalist-open-data.s3.amazonaws.com/photos/388445732/original.jpeg
,1862042,,,,,#N/A,,,,,26,https://inaturalist-open-data.s3.amazonaws.com/photos/107459267/original.jpg
Callionima falcifera,1862044,,,,,897,,,Callionima,Sphingidae,175,https://inaturalist-open-data.s3.amazonaws.com/photos/32005033/original.jpg
Callionima inuus,1862047,,,,,898,,,Callionima,Sphingidae,64,https://inaturalist-open-data.s3.amazonaws.com/photos/103664077/original.jpeg
,1862049,,,,,#N/A,,,,,108,https://inaturalist-open-data.s3.amazonaws.com/photos/174496449/original.jpeg
,1862050,,,,,#N/A,,,,,13,https://inaturalist-open-data.s3.amazonaws.com/photos/220608023/original.jpg
,1862078,,,,,#N/A,,,,,157,https://inaturalist-open-data.s3.amazonaws.com/photos/157520989/original.jpeg
,1862083,,,,,#N/A,,,,,64,https://inaturalist-open-data.s3.amazonaws.com/photos/350047169/original.jpg
,1862087,,,,,#N/A,,,,,298,https://inaturalist-open-data.s3.amazonaws.com/photos/66166795/original.jpg
,1862088,,,,,#N/A,,,,,85,https://inaturalist-open-data.s3.amazonaws.com/photos/359342518/original.jpeg
,1862091,,,,,#N/A,,,,,110,https://inaturalist-open-data.s3.amazonaws.com/photos/264505248/original.jpeg
,1862092,,,,,#N/A,,,,,25,https://inaturalist-open-data.s3.amazonaws.com/photos/335178779/original.jpeg
Xylophanes titana,1862094,,,,,907,,,Xylophanes,Sphingidae,74,https://inaturalist-open-data.s3.amazonaws.com/photos/221564718/original.jpg
,1862096,,,,,#N/A,,,,,60,https://inaturalist-open-data.s3.amazonaws.com/photos/345301403/original.jpeg
,1862101,,,,,#N/A,,,,,58,https://inaturalist-open-data.s3.amazonaws.com/photos/8524634/original.jpeg
Xylophanes pistacina,1862117,,,,,910,,,Xylophanes,Sphingidae,13,https://inaturalist-open-data.s3.amazonaws.com/photos/248823945/original.jpg
,1862119,,,,,#N/A,,,,,19,https://inaturalist-open-data.s3.amazonaws.com/photos/12711250/original.jpeg
,1862120,,,,,#N/A,,,,,17,https://inaturalist-open-data.s3.amazonaws.com/photos/174058801/original.jpeg
Xylophanes chiron,1862123,,,,,913,,,Xylophanes,Sphingidae,589,https://inaturalist-open-data.s3.amazonaws.com/photos/212749779/original.jpeg
,1862124,,,,,#N/A,,,,,9,https://inaturalist-open-data.s3.amazonaws.com/photos/200952269/original.jpg
,1862126,,,,,#N/A,,,,,19,https://inaturalist-open-data.s3.amazonaws.com/photos/57544293/original.jpg
,1862128,,,,,#N/A,,,,,11,https://inaturalist-open-data.s3.amazonaws.com/photos/43186430/original.jpg
,1862139,,,,,#N/A,,,,,43,https://inaturalist-open-data.s3.amazonaws.com/photos/29495422/original.jpg
,1862140,,,,,#N/A,,,,,5,https://inaturalist-open-data.s3.amazonaws.com/photos/6414572/original.jpeg
,1862145,,,,,#N/A,,,,,9,https://inaturalist-open-data.s3.amazonaws.com/photos/337534168/original.jpeg
,1862160,,,,,#N/A,,,,,26,https://inaturalist-open-data.s3.amazonaws.com/photos/340097712/original.jpeg
,1862161,,,,,#N/A,,,,,15,https://inaturalist-open-data.s3.amazonaws.com/photos/46180332/original.jpeg
,1862163,,,,,#N/A,,,,,52,https://inaturalist-open-data.s3.amazonaws.com/photos/154815813/original.jpeg
,1862170,,,,,#N/A,,,,,36,https://inaturalist-open-data.s3.amazonaws.com/photos/195778538/original.jpeg
Xylophanes pluto,1862181,,,,,924,,,Xylophanes,Sphingidae,547,https://inaturalist-open-data.s3.amazonaws.com/photos/69486376/original.jpeg
,1862184,,,,,#N/A,,,,,25,https://inaturalist-open-data.s3.amazonaws.com/photos/256203879/original.jpg
,1862185,,,,,#N/A,,,,,6,https://observation.org/photos/86599448.jpg
Xylophanes libya,1862187,,,,,927,,,Xylophanes,Sphingidae,19,https://inaturalist-open-data.s3.amazonaws.com/photos/63726019/original.jpeg
,1862190,,,,,#N/A,,,,,6,https://inaturalist-open-data.s3.amazonaws.com/photos/176778221/original.jpeg
Xylophanes tersa,1862198,,,,,929,,,Xylophanes,Sphingidae,981,https://inaturalist-open-data.s3.amazonaws.com/photos/93408897/original.jpeg
,1862201,,,,,#N/A,,,,,13,https://inaturalist-open-data.s3.amazonaws.com/photos/182974831/original.jpeg
,1862203,,,,,#N/A,,,,,13,https://inaturalist-open-data.s3.amazonaws.com/photos/333022126/original.jpeg
Xylophanes tyndarus,1862207,,,,,932,,,Xylophanes,Sphingidae,35,https://inaturalist-open-data.s3.amazonaws.com/photos/248200366/original.jpg
Xylophanes cyrene,1862215,,,,,933,,,Xylophanes,Sphingidae,113,http://www.boldsystems.org/pics/BLPBG/07-SRNP-103734_DHJ613698+1181081946.jpg
Xylophanes turbata,1862218,,,,,934,,,Xylophanes,Sphingidae,11,https://inaturalist-open-data.s3.amazonaws.com/photos/81005069/original.jpeg
,1862225,,,,,#N/A,,,,,52,https://inaturalist-open-data.s3.amazonaws.com/photos/104276861/original.jpeg
Protambulyx strigilis,1862547,,,,,936,,,Protambulyx,Sphingidae,1000,https://inaturalist-open-data.s3.amazonaws.com/photos/267819770/original.jpeg
,1862551,,,,,#N/A,,,,,104,https://inaturalist-open-data.s3.amazonaws.com/photos/111034036/original.jpeg
,1862552,,,,,#N/A,,,,,40,https://inaturalist-open-data.s3.amazonaws.com/photos/104853729/original.jpeg
,1862658,,,,,#N/A,,,,,85,https://inaturalist-open-data.s3.amazonaws.com/photos/263427752/original.jpeg
,1862923,,,,,#N/A,,,,,71,https://inaturalist-open-data.s3.amazonaws.com/photos/368233332/original.jpeg
,1862930,,,,,#N/A,,,,,13,https://observation.org/photos/86631858.jpg
,1863102,,,,,#N/A,,,,,19,https://inaturalist-open-data.s3.amazonaws.com/photos/236452509/original.jpeg
,1863107,,,,,#N/A,,,,,28,https://inaturalist-open-data.s3.amazonaws.com/photos/213589972/original.jpeg
,1863109,,,,,#N/A,,,,,66,https://inaturalist-open-data.s3.amazonaws.com/photos/56728526/original.jpg
Aleuron neglectum,1863112,,,,,945,,,Aleuron,Sphingidae,14,https://inaturalist-open-data.s3.amazonaws.com/photos/57777418/original.jpeg
,1863141,,,,,#N/A,,,,,18,https://inaturalist-open-data.s3.amazonaws.com/photos/330135994/original.jpeg
,1863142,,,,,#N/A,,,,,4,https://inaturalist-open-data.s3.amazonaws.com/photos/247531561/original.jpeg
,1863144,,,,,#N/A,,,,,5,https://ecdysis.org/imglib/scan/MISSA_MEM/MEM388/MEM388845_Nyceryx_magna_IWF_1562098098_lg.jpg
,1863146,,,,,#N/A,,,,,10,https://inaturalist-open-data.s3.amazonaws.com/photos/103668760/original.jpeg
Nyceryx coffaeae,1863148,,,,,950,,,Nyceryx,Sphingidae,7,https://inaturalist-open-data.s3.amazonaws.com/photos/252178946/original.jpg
,1863151,,,,,#N/A,,,,,55,https://inaturalist-open-data.s3.amazonaws.com/photos/247583352/original.jpeg
,1863152,,,,,#N/A,,,,,17,https://inaturalist-open-data.s3.amazonaws.com/photos/132550075/original.jpg
,1863366,,,,,#N/A,,,,,182,https://inaturalist-open-data.s3.amazonaws.com/photos/309820784/original.jpeg
Neococytius cluentius,1863412,,,,,954,,,Neococytius,Sphingidae,179,https://inaturalist-open-data.s3.amazonaws.com/photos/63147778/original.jpeg
,1863414,,,,,#N/A,,,,,24,https://inaturalist-open-data.s3.amazonaws.com/photos/369491178/original.jpg
Madoryx oiclus,1863416,,,,,956,,,Madoryx,Sphingidae,62,https://inaturalist-open-data.s3.amazonaws.com/photos/165501815/original.jpg
,1863426,,,,,#N/A,,,,,79,https://inaturalist-open-data.s3.amazonaws.com/photos/199958834/original.jpg
,1863699,,,,,#N/A,,,,,97,https://mediaphoto.mnhn.fr/media/1707924088538n2YZcIXDahHJ4Cdl
,1863701,,,,,#N/A,,,,,96,https://inaturalist-open-data.s3.amazonaws.com/photos/133664251/original.jpg
Pachylioides resumens,1863706,,,,,960,,,Pachylioides,Sphingidae,542,https://inaturalist-open-data.s3.amazonaws.com/photos/29006912/original.jpeg
,1863714,,,,,#N/A,,,,,370,https://inaturalist-open-data.s3.amazonaws.com/photos/333306028/original.jpeg
,1863724,,,,,#N/A,,,,,107,https://inaturalist-open-data.s3.amazonaws.com/photos/392799826/original.jpeg
,1863725,,,,,#N/A,,,,,32,https://inaturalist-open-data.s3.amazonaws.com/photos/253863024/original.jpg
,1863729,,,,,#N/A,,,,,13,https://inaturalist-open-data.s3.amazonaws.com/photos/104854026/original.jpeg
,1863730,,,,,#N/A,,,,,50,https://inaturalist-open-data.s3.amazonaws.com/photos/351776873/original.jpeg
,1863732,,,,,#N/A,,,,,102,https://inaturalist-open-data.s3.amazonaws.com/photos/176821948/original.jpeg
,1863734,,,,,#N/A,,,,,156,https://inaturalist-open-data.s3.amazonaws.com/photos/283744403/original.jpg
,1863735,,,,,#N/A,,,,,132,https://inaturalist-open-data.s3.amazonaws.com/photos/321526083/original.jpg
,1863742,,,,,#N/A,,,,,128,https://inaturalist-open-data.s3.amazonaws.com/photos/386174870/original.jpg
,1863757,,,,,#N/A,,,,,120,https://inaturalist-open-data.s3.amazonaws.com/photos/356256720/original.jpeg
Pachylia ficus,1863856,,,,,971,,,Pachylia,Sphingidae,1000,https://inaturalist-open-data.s3.amazonaws.com/photos/269051264/original.jpg
Pachylia darceta,1863858,,,,,972,,,Pachylia,Sphingidae,187,https://inaturalist-open-data.s3.amazonaws.com/photos/320050787/original.jpeg
Pachylia syces,1863864,,,,,973,,,Pachylia,Sphingidae,284,https://inaturalist-open-data.s3.amazonaws.com/photos/266065130/original.jpeg
,1863976,,,,,#N/A,,,,,13,https://inaturalist-open-data.s3.amazonaws.com/photos/139759209/original.jpg
Manduca corallina,1863980,,,,,975,,,Manduca,Sphingidae,137,http://www.boldsystems.org/pics/JSPC/02-SRNP-19136-DHJ35728.jpg
,1863987,,,,,#N/A,,,,,11,https://inaturalist-open-data.s3.amazonaws.com/photos/207267207/original.jpg
,1863999,,,,,#N/A,,,,,47,https://inaturalist-open-data.s3.amazonaws.com/photos/31669104/original.jpeg
Manduca florestan,1864004,,,,,978,,,Manduca,Sphingidae,644,http://www.boldsystems.org/pics/BLPBF/07-SRNP-102303_DHJ612267+1178199222.jpg
,1864006,,,,,#N/A,,,,,17,https://inaturalist-open-data.s3.amazonaws.com/photos/300631061/original.jpg
,1864021,,,,,#N/A,,,,,461,https://inaturalist-open-data.s3.amazonaws.com/photos/135271656/original.jpg
,1864046,,,,,#N/A,,,,,80,https://inaturalist-open-data.s3.amazonaws.com/photos/302356783/original.jpeg
,1864047,,,,,#N/A,,,,,10,https://inaturalist-open-data.s3.amazonaws.com/photos/44981694/original.jpg
,1864053,,,,,#N/A,,,,,50,https://inaturalist-open-data.s3.amazonaws.com/photos/304800393/original.jpg
Manduca albiplaga,1864058,,,,,984,,,Manduca,Sphingidae,46,https://inaturalist-open-data.s3.amazonaws.com/photos/1230482/original.jpg
Manduca hannibal,1864068,,,,,985,,,Manduca,Sphingidae,57,https://inaturalist-open-data.s3.amazonaws.com/photos/120709215/original.jpeg
,1864070,,,,,#N/A,,,,,111,https://inaturalist-open-data.s3.amazonaws.com/photos/19220555/original.jpeg
,1864084,,,,,#N/A,,,,,73,https://inaturalist-open-data.s3.amazonaws.com/photos/107134980/original.jpg
Manduca lefeburii,1864098,,,,,988,,,Manduca,Sphingidae,45,https://inaturalist-open-data.s3.amazonaws.com/photos/66382387/original.jpeg
,1864106,,,,,#N/A,,,,,63,https://inaturalist-open-data.s3.amazonaws.com/photos/122117339/original.jpeg
Pachygonidia drucei,1864249,,,,,990,,,Pachygonidia,Sphingidae,6,https://inaturalist-open-data.s3.amazonaws.com/photos/247078915/original.jpg
Erinnyis ello,1864316,,,,,991,,,Erinnyis,Sphingidae,1000,https://inaturalist-open-data.s3.amazonaws.com/photos/30120924/original.jpg
Erinnyis alope,1864320,,,,,992,,,Erinnyis,Sphingidae,429,https://bugguide.net/images/cache/JRK/QCR/JRKQCRSQAR60JQN0L060H060K090Q07QDRU0Q0N0TR60DQG0YQG0URHQCQLQFQM0VRM0DQRQVRHQFR20FRW0YQHQDQ.jpg
,1864321,,,,,#N/A,,,,,89,https://inaturalist-open-data.s3.amazonaws.com/photos/50534471/original.jpeg
,1864328,,,,,#N/A,,,,,59,https://inaturalist-open-data.s3.amazonaws.com/photos/354260437/original.jpeg
,1864329,,,,,#N/A,,,,,199,https://inaturalist-open-data.s3.amazonaws.com/photos/109789624/original.jpeg
,1864352,,,,,#N/A,,,,,626,https://inaturalist-open-data.s3.amazonaws.com/photos/228573686/original.jpeg
Pseudautomeris salmonea,1864852,,,,,997,,,Pseudautomeris,Saturniidae,6,https://inaturalist-open-data.s3.amazonaws.com/photos/220478880/original.jpeg
Syssphinx molina,1864905,,,,,998,,,Syssphinx,Saturniidae,222,https://inaturalist-open-data.s3.amazonaws.com/photos/244708076/original.jpg
,1864949,,,,,#N/A,,,,,12,https://inaturalist-open-data.s3.amazonaws.com/photos/348899271/original.jpeg
,1864965,,,,,#N/A,,,,,7,https://inaturalist-open-data.s3.amazonaws.com/photos/285886298/original.jpg
,1865015,,,,,#N/A,,,,,5,https://inaturalist-open-data.s3.amazonaws.com/photos/248894260/original.jpeg
,1865055,,,,,#N/A,,,,,96,https://inaturalist-open-data.s3.amazonaws.com/photos/253052183/original.jpeg
Eacles imperialis,1865107,,,,,1003,,,Eacles,Saturniidae,1000,https://inaturalist-open-data.s3.amazonaws.com/photos/221362698/original.jpg
,1865108,,,,,#N/A,,,,,102,https://inaturalist-open-data.s3.amazonaws.com/photos/79092313/original.png
,1865112,,,,,#N/A,,,,,18,https://inaturalist-open-data.s3.amazonaws.com/photos/123096098/original.jpeg
Eacles penelope,1865132,,,,,1006,,,Eacles,Saturniidae,89,https://inaturalist-open-data.s3.amazonaws.com/photos/92990780/original.jpg
,1865383,,,,,#N/A,,,,,6,https://inaturalist-open-data.s3.amazonaws.com/photos/175960708/original.jpg
,1865399,,,,,#N/A,,,,,6,http://www.boldsystems.org/pics/JSCR/04-SRNP-21150-DHJ91570.jpg
,1865403,,,,,#N/A,,,,,5,https://inaturalist-open-data.s3.amazonaws.com/photos/335766549/original.jpg
Citheronia lobesis,1865551,,,,,1010,,,Citheronia,Saturniidae,55,https://inaturalist-open-data.s3.amazonaws.com/photos/107472795/original.jpg
,1865557,,,,,#N/A,,,,,94,https://inaturalist-open-data.s3.amazonaws.com/photos/57598833/original.jpg
,1865572,,,,,#N/A,,,,,64,https://inaturalist-open-data.s3.amazonaws.com/photos/110530250/original.jpeg
,1865574,,,,,#N/A,,,,,35,https://inaturalist-open-data.s3.amazonaws.com/photos/214521252/original.jpeg
Schausiella subochreata,1865641,,,,,1014,,,Schausiella,Saturniidae,16,https://inaturalist-open-data.s3.amazonaws.com/photos/85218797/original.jpeg
Hyperchiria nausica,1865709,,,,,1015,,,Hyperchiria,Saturniidae,38,https://inaturalist-open-data.s3.amazonaws.com/photos/317141011/original.jpg
,1865752,,,,,#N/A,,,,,32,https://inaturalist-open-data.s3.amazonaws.com/photos/106402486/original.jpeg
,1865763,,,,,#N/A,,,,,17,https://inaturalist-open-data.s3.amazonaws.com/photos/93260612/original.jpeg
Adeloneivaia subangulata,1865764,,,,,1018,,,Adeloneivaia,Saturniidae,130,https://inaturalist-open-data.s3.amazonaws.com/photos/174870740/original.jpg
Adeloneivaia jason,1865778,,,,,1019,,,Adeloneivaia,Saturniidae,26,https://inaturalist-open-data.s3.amazonaws.com/photos/12352364/original.jpeg
Automerina auletes,1865807,,,,,1020,,,Automerina,Saturniidae,12,https://inaturalist-open-data.s3.amazonaws.com/photos/29487455/original.jpg
Rhescyntis hippodamia,1865837,,,,,1021,,,Rhescyntis,Saturniidae,115,https://inaturalist-open-data.s3.amazonaws.com/photos/114006117/original.jpeg
Automeris hamata,1865963,,,,,1022,,,Automeris,Saturniidae,66,https://inaturalist-open-data.s3.amazonaws.com/photos/166479654/original.jpg
,1865990,,,,,#N/A,,,,,19,https://inaturalist-open-data.s3.amazonaws.com/photos/253956125/original.jpg
Automeris belti,1866003,,,,,1024,,,Automeris,Saturniidae,190,http://www.boldsystems.org/pics/MHASB/06-SRNP-5289-DHJ353483+1175916930.jpg
,1866010,,,,,#N/A,,,,,36,https://inaturalist-open-data.s3.amazonaws.com/photos/350076599/original.jpeg
Automeris fieldi,1866030,,,,,1026,,,Automeris,Saturniidae,9,https://inaturalist-open-data.s3.amazonaws.com/photos/14286389/original.jpeg
,1866036,,,,,#N/A,,,,,5,http://www.boldsystems.org/pics/MHMXX/08-SRNP-71089-DHJ392339+1237990642.jpg
Automeris tridens,1866055,,,,,1028,,,Automeris,Saturniidae,35,https://inaturalist-open-data.s3.amazonaws.com/photos/151543142/original.jpg
,1866069,,,,,#N/A,,,,,10,https://inaturalist-open-data.s3.amazonaws.com/photos/256782954/original.jpeg
Automeris janus,1866084,,,,,1030,,,Automeris,Saturniidae,9,https://inaturalist-open-data.s3.amazonaws.com/photos/60702439/original.jpg
,1866094,,,,,#N/A,,,,,11,https://inaturalist-open-data.s3.amazonaws.com/photos/249846475/original.jpeg
Automeris zugana,1866100,,,,,1032,,,Automeris,Saturniidae,46,https://inaturalist-open-data.s3.amazonaws.com/photos/108757436/original.jpeg
Automeris jucunda,1866105,,,,,1033,,,Automeris,Saturniidae,60,https://inaturalist-open-data.s3.amazonaws.com/photos/167172912/original.jpeg
Automeris banus,1866120,,,,,1034,,,Automeris,Saturniidae,221,http://www.boldsystems.org/pics/MHATC/04-SRNP-33800-DHJ379671+1213149742.jpg
,1866168,,,,,#N/A,,,,,15,https://inaturalist-open-data.s3.amazonaws.com/photos/111023588/original.jpeg
,1866175,,,,,#N/A,,,,,4,https://inaturalist-open-data.s3.amazonaws.com/photos/24642505/original.jpeg
,1866179,,,,,#N/A,,,,,15,https://inaturalist-open-data.s3.amazonaws.com/photos/58231764/original.jpg
,1866186,,,,,#N/A,,,,,13,https://inaturalist-open-data.s3.amazonaws.com/photos/204716705/original.jpg
Automeris postalbida,1866201,,,,,1039,,,Automeris,Saturniidae,46,https://inaturalist-open-data.s3.amazonaws.com/photos/250595149/original.jpeg
,1866203,,,,,#N/A,,,,,47,https://inaturalist-open-data.s3.amazonaws.com/photos/245183096/original.jpg
,1866209,,,,,#N/A,,,,,12,https://inaturalist-open-data.s3.amazonaws.com/photos/2983370/original.jpg
,1866311,,,,,#N/A,,,,,228,https://inaturalist-open-data.s3.amazonaws.com/photos/130205610/original.jpeg
,1866313,,,,,#N/A,,,,,6,https://inaturalist-open-data.s3.amazonaws.com/photos/345100585/original.jpeg
Arsenura batesii,1866321,,,,,1044,,,Arsenura,Saturniidae,13,https://inaturalist-open-data.s3.amazonaws.com/photos/86845452/original.jpeg
,1866496,,,,,#N/A,,,,,39,https://inaturalist-open-data.s3.amazonaws.com/photos/89852590/original.jpg
Ptiloscola dargei,1866715,,,,,1046,,,Ptiloscola,Saturniidae,8,https://inaturalist-open-data.s3.amazonaws.com/photos/67481743/original.jpeg
,1866718,,,,,#N/A,,,,,5,https://inaturalist-open-data.s3.amazonaws.com/photos/353484144/original.jpeg
,1866871,,,,,#N/A,,,,,26,https://inaturalist-open-data.s3.amazonaws.com/photos/155554623/original.jpg
Dysdaemonia boreas,1866902,,,,,1049,,,Dysdaemonia,Saturniidae,123,https://inaturalist-open-data.s3.amazonaws.com/photos/41156648/original.jpg
Hylesia annulata,1867051,,,,,1050,,,Hylesia,Saturniidae,5,https://inaturalist-open-data.s3.amazonaws.com/photos/260539839/original.jpeg
Hylesia continua,1867073,,,,,1051,,,Hylesia,Saturniidae,177,http://www.boldsystems.org/pics/MHMYL/16-SRNP-104619-DHJ691134+1528305664.JPG
Hylesia aeneides,1867106,,,,,1052,,,Hylesia,Saturniidae,33,https://inaturalist-open-data.s3.amazonaws.com/photos/48570319/original.jpg
,1867110,,,,,#N/A,,,,,20,https://inaturalist-open-data.s3.amazonaws.com/photos/172388065/original.jpg
Hylesia dalina,1867147,,,,,1054,,,Hylesia,Saturniidae,6,https://inaturalist-open-data.s3.amazonaws.com/photos/47063803/original.jpeg
,1867174,,,,,#N/A,,,,,16,https://inaturalist-open-data.s3.amazonaws.com/photos/250987340/original.jpeg
Hylesia rufipes,1867179,,,,,1056,,,Hylesia,Saturniidae,5,https://inaturalist-open-data.s3.amazonaws.com/photos/3527231/original.JPG
,1867224,,,,,#N/A,,,,,144,https://inaturalist-open-data.s3.amazonaws.com/photos/339973055/original.jpeg
,1867244,,,,,#N/A,,,,,8,https://inaturalist-open-data.s3.amazonaws.com/photos/260635356/original.jpeg
Molippa simillima,1867257,,,,,1059,,,Molippa,Saturniidae,5,https://inaturalist-open-data.s3.amazonaws.com/photos/252023758/original.jpeg
,1867264,,,,,#N/A,,,,,6,https://inaturalist-open-data.s3.amazonaws.com/photos/109562001/original.jpeg
,1867495,,,,,#N/A,,,,,5,https://inaturalist-open-data.s3.amazonaws.com/photos/13625063/original.jpg
,1867508,,,,,#N/A,,,,,20,https://inaturalist-open-data.s3.amazonaws.com/photos/239346048/original.jpeg
Copaxa decrescens,1867515,,,,,1063,,,Copaxa,Saturniidae,50,https://inaturalist-open-data.s3.amazonaws.com/photos/115065598/original.jpeg
,1867521,,,,,#N/A,,,,,23,https://inaturalist-open-data.s3.amazonaws.com/photos/212156958/original.jpeg
,1867522,,,,,#N/A,,,,,11,https://inaturalist-open-data.s3.amazonaws.com/photos/45984053/original.jpeg
,1867528,,,,,#N/A,,,,,6,http://www.boldsystems.org/pics/JSCR/03-SRNP-30008-DHJ91593.jpg
,1867535,,,,,#N/A,,,,,63,https://inaturalist-open-data.s3.amazonaws.com/photos/129652096/original.jpeg
,1867540,,,,,#N/A,,,,,6,https://inaturalist-open-data.s3.amazonaws.com/photos/251885527/original.jpg
,1867661,,,,,#N/A,,,,,6,https://inaturalist-open-data.s3.amazonaws.com/photos/338567893/original.jpeg
Adelowalkeria flavosignata,1867668,,,,,1070,,,Adelowalkeria,Saturniidae,20,https://inaturalist-open-data.s3.amazonaws.com/photos/60806454/original.jpeg
,1867760,,,,,#N/A,,,,,4,https://inaturalist-open-data.s3.amazonaws.com/photos/2031359/original.JPG
Copiopteryx semiramis,1867773,,,,,1072,,,Copiopteryx,Saturniidae,77,https://inaturalist-open-data.s3.amazonaws.com/photos/46649634/original.jpeg
Lonomia electra,1867976,,,,,1073,,,Lonomia,Saturniidae,159,http://www.boldsystems.org/pics/MHATC/07-SRNP-36614-DHJ384725+1222375212.jpg
,1867979,,,,,#N/A,,,,,7,https://inaturalist-open-data.s3.amazonaws.com/photos/225312689/original.jpeg
Quentalia numalia,1868220,,,,,1075,,,Quentalia,Bombycidae,17,https://inaturalist-open-data.s3.amazonaws.com/photos/239222585/original.jpeg
,1868221,,,,,#N/A,,,,,7,https://inaturalist-open-data.s3.amazonaws.com/photos/224432432/original.jpeg
,1868225,,,,,#N/A,,,,,7,https://ecdysis.org/imglib/scan/MISSA_MEM/MEM368/MEM368512_Quentalia_surynorta__1553192905_lg.jpg
Quentalia chromana,1868231,,,,,1078,,,Quentalia,Bombycidae,14,https://inaturalist-open-data.s3.amazonaws.com/photos/60143375/original.jpg
Quentalia ephonia,1868243,,,,,1079,,,Quentalia,Bombycidae,12,https://inaturalist-open-data.s3.amazonaws.com/photos/104031204/original.jpeg
,1868263,,,,,#N/A,,,,,8,https://inaturalist-open-data.s3.amazonaws.com/photos/178322513/original.jpeg
,1868334,,,,,#N/A,,,,,71,https://inaturalist-open-data.s3.amazonaws.com/photos/103507299/original.jpeg
Anticla antica,1868360,,,,,1082,,,Anticla,Bombycidae,82,https://inaturalist-open-data.s3.amazonaws.com/photos/110840709/original.jpeg
Tamphana marmorea,1868383,,,,,1083,,,Tamphana,Bombycidae,10,https://inaturalist-open-data.s3.amazonaws.com/photos/49476702/original.jpeg
,1868387,,,,,#N/A,,,,,7,https://inaturalist-open-data.s3.amazonaws.com/photos/301234168/original.jpeg
,1868512,,,,,#N/A,,,,,5,https://inaturalist-open-data.s3.amazonaws.com/photos/177291182/original.jpeg
Naprepa houla,1868515,,,,,1086,,,Naprepa,Bombycidae,4,https://inaturalist-open-data.s3.amazonaws.com/photos/94552302/original.jpg
,1868533,,,,,#N/A,,,,,6,https://inaturalist-open-data.s3.amazonaws.com/photos/58452125/original.jpeg
,1868535,,,,,#N/A,,,,,603,https://inaturalist-open-data.s3.amazonaws.com/photos/221493939/original.jpeg
Olceclostera nigripuncta,1868536,,,,,1089,,,Olceclostera,Apatelodidae,9,https://inaturalist-open-data.s3.amazonaws.com/photos/104040690/original.jpeg
,1868545,,,,,#N/A,,,,,4,http://www.boldsystems.org/pics/BLPAA/19-SRNP-101511-DHJ710670+1683644014.JPG
,1868551,,,,,#N/A,,,,,7,https://inaturalist-open-data.s3.amazonaws.com/photos/110850293/original.jpeg
,1868552,,,,,#N/A,,,,,8,https://inaturalist-open-data.s3.amazonaws.com/photos/310258409/original.jpg
,1868559,,,,,#N/A,,,,,6,https://inaturalist-open-data.s3.amazonaws.com/photos/262338712/original.jpeg
,1870036,,,,,#N/A,,,,,28,https://inaturalist-open-data.s3.amazonaws.com/photos/57755375/original.jpeg
,1870154,,,,,#N/A,,,,,6,https://inaturalist-open-data.s3.amazonaws.com/photos/176931714/original.jpg
,1870308,,,,,#N/A,,,,,48,https://inaturalist-open-data.s3.amazonaws.com/photos/177947764/original.jpg
,1870727,,,,,#N/A,,,,,698,https://inaturalist-open-data.s3.amazonaws.com/photos/85015898/original.jpg
,1870746,,,,,#N/A,,,,,6,https://inaturalist-open-data.s3.amazonaws.com/photos/350263231/original.jpeg
Eurythmidia ignidorsella,1870793,,,,,1099,,,Eurythmidia,Pyralidae,7,https://scan-bugs.org:443/imglib/scan/misc/202203/SDNHM236474.JPG
,1871077,,,,,#N/A,,,,,21,https://inaturalist-open-data.s3.amazonaws.com/photos/60508397/original.jpg
,1871102,,,,,#N/A,,,,,21,https://inaturalist-open-data.s3.amazonaws.com/photos/286644978/original.jpeg
,1871175,,,,,#N/A,,,,,693,https://inaturalist-open-data.s3.amazonaws.com/photos/299393232/original.jpeg
,1871189,,,,,#N/A,,,,,4,https://inaturalist-open-data.s3.amazonaws.com/photos/118375143/original.jpeg
,1871961,,,,,#N/A,,,,,22,https://inaturalist-open-data.s3.amazonaws.com/photos/27872144/original.jpeg
,1871967,,,,,#N/A,,,,,16,https://inaturalist-open-data.s3.amazonaws.com/photos/183341515/original.jpeg
,1872451,,,,,#N/A,,,,,8,https://inaturalist-open-data.s3.amazonaws.com/photos/299700518/original.jpg
,1872452,,,,,#N/A,,,,,701,https://inaturalist-open-data.s3.amazonaws.com/photos/48360692/original.jpeg
Tosale oviplagalis,1872514,,,,,1108,,,Tosale,Pyralidae,1000,https://inaturalist-open-data.s3.amazonaws.com/photos/143470577/original.jpeg
Cryptoses choloepi,1872525,,,,,1109,,,Cryptoses,Pyralidae,12,https://inaturalist-open-data.s3.amazonaws.com/photos/253015205/original.jpeg
Pyralis manihotalis,1872873,,,,,1110,,,Pyralis,Pyralidae,191,https://inaturalist-open-data.s3.amazonaws.com/photos/286777604/original.jpeg
Plodia interpunctella,1873079,,,,,1111,,,Plodia,Pyralidae,1000,https://inaturalist-open-data.s3.amazonaws.com/photos/163246529/original.jpg
,1873319,,,,,#N/A,,,,,337,https://inaturalist-open-data.s3.amazonaws.com/photos/258494759/original.jpeg
,1873369,,,,,#N/A,,,,,6,https://inaturalist-open-data.s3.amazonaws.com/photos/118308529/original.jpeg
Macalla niveorufa,1874531,,,,,1114,,,Macalla,Pyralidae,15,https://inaturalist-open-data.s3.amazonaws.com/photos/118465444/original.jpeg
,1875443,,,,,#N/A,,,,,10,https://inaturalist-open-data.s3.amazonaws.com/photos/337505091/original.jpeg
,1876187,,,,,#N/A,,,,,12,https://inaturalist-open-data.s3.amazonaws.com/photos/190246999/original.jpeg
,1876569,,,,,#N/A,,,,,4,https://inaturalist-open-data.s3.amazonaws.com/photos/60197986/original.jpeg
,1876665,,,,,#N/A,,,,,699,https://inaturalist-open-data.s3.amazonaws.com/photos/194601625/original.jpg
Xantippe olivalis,1877041,,,,,1119,,,Xantippe,Pyralidae,21,https://inaturalist-open-data.s3.amazonaws.com/photos/270322960/original.jpeg
Elasmopalpus lignosella,1877282,,,,,1120,,,Elasmopalpus,Pyralidae,607,https://inaturalist-open-data.s3.amazonaws.com/photos/237288367/original.jpeg
Salobrena vacuana,1877439,,,,,1121,,,Salobrena,Pyralidae,9,https://inaturalist-open-data.s3.amazonaws.com/photos/217065729/original.jpeg
Epidelia damia,1877456,,,,,1122,,,Epidelia,Pyralidae,17,https://inaturalist-open-data.s3.amazonaws.com/photos/83784203/original.jpeg
,1877517,,,,,#N/A,,,,,4,https://ecdysis.org/imglib/scan/misc/202203/SDNHM236392.JPG
,1877531,,,,,#N/A,,,,,27,https://inaturalist-open-data.s3.amazonaws.com/photos/90706845/original.jpeg
,1877532,,,,,#N/A,,,,,11,https://inaturalist-open-data.s3.amazonaws.com/photos/156574402/original.jpg
,1877533,,,,,#N/A,,,,,6,https://inaturalist-open-data.s3.amazonaws.com/photos/118527960/original.jpeg
Bonchis munitalis,1878307,,,,,1127,,,Bonchis,Pyralidae,27,https://inaturalist-open-data.s3.amazonaws.com/photos/216869406/original.jpeg
,1878423,,,,,#N/A,,,,,13,https://api.idigbio.org/v2/media/bb69fd29488f7b7001ce7c870c49774c?size=fullsize
Ephestia elutella,1878470,,,,,1129,,,Ephestia,Pyralidae,179,https://inaturalist-open-data.s3.amazonaws.com/photos/144041419/original.jpeg
,1878668,,,,,#N/A,,,,,12,https://inaturalist-open-data.s3.amazonaws.com/photos/247436203/original.jpeg
Trichaea pilicornis,1879052,,,,,1131,,,Trichaea,Crambidae,46,https://inaturalist-open-data.s3.amazonaws.com/photos/244681419/original.jpeg
,1879160,,,,,#N/A,,,,,50,https://inaturalist-open-data.s3.amazonaws.com/photos/189611369/original.jpeg
Crambus tenuistriga,1880046,,,,,1133,,,Crambus,Crambidae,14,https://inaturalist-open-data.s3.amazonaws.com/photos/263099562/original.jpeg
,1880498,,,,,#N/A,,,,,30,https://inaturalist-open-data.s3.amazonaws.com/photos/217850864/original.jpeg
Sparagmia gonoptera,1880505,,,,,1135,,,Sparagmia,Crambidae,77,https://inaturalist-open-data.s3.amazonaws.com/photos/111238923/original.jpeg
,1880536,,,,,#N/A,,,,,5,https://inaturalist-open-data.s3.amazonaws.com/photos/240532069/original.jpeg
,1880537,,,,,#N/A,,,,,48,https://inaturalist-open-data.s3.amazonaws.com/photos/52898130/original.jpg
,1880596,,,,,#N/A,,,,,4,https://inaturalist-open-data.s3.amazonaws.com/photos/355362383/original.jpg
,1880608,,,,,#N/A,,,,,39,https://inaturalist-open-data.s3.amazonaws.com/photos/10703565/original.jpeg
,1880612,,,,,#N/A,,,,,16,https://inaturalist-open-data.s3.amazonaws.com/photos/222742229/original.jpeg
Phostria temira,1880623,,,,,1141,,,Phostria,Crambidae,30,https://inaturalist-open-data.s3.amazonaws.com/photos/34526290/original.jpg
,1880647,,,,,#N/A,,,,,12,https://inaturalist-open-data.s3.amazonaws.com/photos/393146597/original.jpeg
,1881049,,,,,#N/A,,,,,20,https://inaturalist-open-data.s3.amazonaws.com/photos/145883951/original.jpeg
,1881079,,,,,#N/A,,,,,163,https://inaturalist-open-data.s3.amazonaws.com/photos/202045939/original.jpeg
,1881346,,,,,#N/A,,,,,7,https://inaturalist-open-data.s3.amazonaws.com/photos/203593245/original.jpg
Gonocausta zephyralis,1881766,,,,,1146,,,Gonocausta,Crambidae,9,https://inaturalist-open-data.s3.amazonaws.com/photos/252938383/original.jpeg
,1881767,,,,,#N/A,,,,,86,https://inaturalist-open-data.s3.amazonaws.com/photos/317103853/original.jpeg
,1881813,,,,,#N/A,,,,,13,https://inaturalist-open-data.s3.amazonaws.com/photos/87144816/original.jpeg
,1881817,,,,,#N/A,,,,,12,https://inaturalist-open-data.s3.amazonaws.com/photos/340096950/original.jpeg
,1881822,,,,,#N/A,,,,,83,https://inaturalist-open-data.s3.amazonaws.com/photos/59307127/original.jpeg
,1881929,,,,,#N/A,,,,,11,https://inaturalist-open-data.s3.amazonaws.com/photos/181137766/original.jpg
,1881993,,,,,#N/A,,,,,15,https://inaturalist-open-data.s3.amazonaws.com/photos/90008751/original.jpg
,1882301,,,,,#N/A,,,,,29,https://inaturalist-open-data.s3.amazonaws.com/photos/13189489/original.jpeg
Hoterodes ausonia,1882393,,,,,1154,,,Hoterodes,Crambidae,8,https://inaturalist-open-data.s3.amazonaws.com/photos/293073903/original.jpeg
Conchylodes ovulalis,1882812,,,,,1155,,,Conchylodes,Crambidae,1000,https://inaturalist-open-data.s3.amazonaws.com/photos/226294778/original.jpeg
,1882814,,,,,#N/A,,,,,35,https://inaturalist-open-data.s3.amazonaws.com/photos/182688083/original.jpeg
Conchylodes salamisalis,1882818,,,,,1157,,,Conchylodes,Crambidae,257,https://inaturalist-open-data.s3.amazonaws.com/photos/97219695/original.jpeg
Conchylodes platinalis,1882820,,,,,1158,,,Conchylodes,Crambidae,11,https://inaturalist-open-data.s3.amazonaws.com/photos/291415586/original.jpeg
,1882825,,,,,#N/A,,,,,6,https://inaturalist-open-data.s3.amazonaws.com/photos/74650794/original.jpeg
,1882860,,,,,#N/A,,,,,19,https://inaturalist-open-data.s3.amazonaws.com/photos/164621645/original.jpeg
,1882941,,,,,#N/A,,,,,679,https://inaturalist-open-data.s3.amazonaws.com/photos/100341696/original.jpeg
Herpetogramma phaeopteralis,1882960,,,,,1162,,,Herpetogramma,Crambidae,1000,http://www.boldsystems.org/pics/MHAMA/04-SRNP-45857-DHJ335916+1365544276.jpg
Cacographis osteolalis,1882999,,,,,1163,,,Cacographis,Crambidae,35,https://inaturalist-open-data.s3.amazonaws.com/photos/251462447/original.jpeg
Ancylostomia stercorea,1883038,,,,,1164,,,Ancylostomia,Crambidae,41,https://inaturalist-open-data.s3.amazonaws.com/photos/59664988/original.jpeg
Trischistognatha pyrenealis,1883054,,,,,1165,,,Trischistognatha,Crambidae,15,https://inaturalist-open-data.s3.amazonaws.com/photos/21301340/original.jpg
,1883067,,,,,#N/A,,,,,599,https://inaturalist-open-data.s3.amazonaws.com/photos/310019012/original.jpeg
,1883826,,,,,#N/A,,,,,10,https://ecdysis.org/imglib/ecdysis/ASU_ASUHIC/ASUHIC0127/ASUHIC0127512_habitus_dorsal_1573161972_lg.jpg
Usingeriessa onyxalis,1883959,,,,,1168,,,Usingeriessa,Crambidae,12,https://inaturalist-open-data.s3.amazonaws.com/photos/8332728/original.jpg
Samea multiplicalis,1883968,,,,,1169,,,Samea,Crambidae,1000,https://inaturalist-open-data.s3.amazonaws.com/photos/217864042/original.jpeg
Parapoynx fluctuosalis,1884437,,,,,1170,,,Parapoynx,Crambidae,177,https://inaturalist-open-data.s3.amazonaws.com/photos/179374654/original.jpg
Parapoynx diminutalis,1884479,,,,,1171,,,Parapoynx,Crambidae,730,https://inaturalist-open-data.s3.amazonaws.com/photos/253016712/original.jpg
,1884774,,,,,#N/A,,,,,460,https://inaturalist-open-data.s3.amazonaws.com/photos/242484242/original.jpeg
Phaedropsis stictigramma,1884786,,,,,1173,,,Phaedropsis,Crambidae,23,https://inaturalist-open-data.s3.amazonaws.com/photos/27745162/original.jpg
,1884791,,,,,#N/A,,,,,4,https://inaturalist-open-data.s3.amazonaws.com/photos/204909046/original.jpg
Condylorrhiza vestigialis,1884923,,,,,1175,,,Condylorrhiza,Crambidae,271,https://inaturalist-open-data.s3.amazonaws.com/photos/243672891/original.jpeg
,1885103,,,,,#N/A,,,,,6,https://inaturalist-open-data.s3.amazonaws.com/photos/389967756/original.jpg
,1885152,,,,,#N/A,,,,,9,https://inaturalist-open-data.s3.amazonaws.com/photos/142469132/original.jpeg
Pilocrocis ramentalis,1885158,,,,,1178,,,Pilocrocis,Crambidae,378,https://inaturalist-open-data.s3.amazonaws.com/photos/172770073/original.jpeg
Eulepte concordalis,1885178,,,,,1179,,,Eulepte,Crambidae,287,http://www.boldsystems.org/pics/MHMYI/09-SRNP-21620-DHJ525431+1283637164.jpg
,1885187,,,,,#N/A,,,,,16,https://inaturalist-open-data.s3.amazonaws.com/photos/149269386/original.jpeg
,1885642,,,,,#N/A,,,,,185,https://inaturalist-open-data.s3.amazonaws.com/photos/323255346/original.jpg
,1885834,,,,,#N/A,,,,,13,https://inaturalist-open-data.s3.amazonaws.com/photos/65902433/original.jpg
Syngamia florella,1885950,,,,,1183,,,Syngamia,Crambidae,1000,https://inaturalist-open-data.s3.amazonaws.com/photos/148737213/original.jpeg
Hymenia perspectalis,1886374,,,,,1184,,,Hymenia,Crambidae,1000,http://www.boldsystems.org/pics/BLPDM/09-SRNP-111085-DHJ644320+1364927128.jpg
,1886500,,,,,#N/A,,,,,13,https://inaturalist-open-data.s3.amazonaws.com/photos/147898766/original.jpeg
Maruca vitrata,1886729,,,,,1186,,,Maruca,Crambidae,1000,https://inaturalist-open-data.s3.amazonaws.com/photos/21922372/original.jpg
,1886886,,,,,#N/A,,,,,4,https://inaturalist-open-data.s3.amazonaws.com/photos/52345593/original.jpeg
,1887004,,,,,#N/A,,,,,212,https://inaturalist-open-data.s3.amazonaws.com/photos/160116996/original.jpeg
Diathrausta nerinalis,1887015,,,,,1189,,,Diathrausta,Crambidae,5,https://farm1.staticflickr.com/699/23342308355_d6f7ec6c19.jpg
,1887557,,,,,#N/A,,,,,16,https://inaturalist-open-data.s3.amazonaws.com/photos/384218158/original.jpeg
Ommatospila narcaeusalis,1887634,,,,,1191,,,Ommatospila,Crambidae,475,https://inaturalist-open-data.s3.amazonaws.com/photos/71166582/original.jpeg
,1887791,,,,,#N/A,,,,,7,https://inaturalist-open-data.s3.amazonaws.com/photos/385175005/original.jpg
,1887862,,,,,#N/A,,,,,15,https://inaturalist-open-data.s3.amazonaws.com/photos/389968248/original.jpg
,1887947,,,,,#N/A,,,,,6,https://inaturalist-open-data.s3.amazonaws.com/photos/364963045/original.jpg
,1887987,,,,,#N/A,,,,,31,https://inaturalist-open-data.s3.amazonaws.com/photos/116437562/original.jpeg
Piletocera bufalis,1888047,,,,,1196,,,Piletocera,Crambidae,30,https://inaturalist-open-data.s3.amazonaws.com/photos/10136629/original.jpg
,1888159,,,,,#N/A,,,,,11,https://inaturalist-open-data.s3.amazonaws.com/photos/93382267/original.jpg
,1888284,,,,,#N/A,,,,,27,https://inaturalist-open-data.s3.amazonaws.com/photos/353739483/original.jpeg
Micromartinia mnemusalis,1888292,,,,,1199,,,Micromartinia,Crambidae,17,https://inaturalist-open-data.s3.amazonaws.com/photos/117384182/original.jpeg
,1888397,,,,,#N/A,,,,,23,https://inaturalist-open-data.s3.amazonaws.com/photos/239686155/original.jpeg
,1888421,,,,,#N/A,,,,,4,https://inaturalist-open-data.s3.amazonaws.com/photos/27980940/original.jpeg
,1888855,,,,,#N/A,,,,,11,https://inaturalist-open-data.s3.amazonaws.com/photos/90290631/original.jpeg
,1888946,,,,,#N/A,,,,,47,https://bugguide.net/images/cache/1H5/HCH/1H5HCH4H3H0LWZMLBZGLWZXLUZXLGZ7HCHRL5ZXH8Z5H6ZXH1H7HGZHLGZSL8ZIH6ZGLVZGLBZ8L9ZRLVHXH1HRLOHIH.jpg
,1888955,,,,,#N/A,,,,,247,https://inaturalist-open-data.s3.amazonaws.com/photos/217509107/original.jpeg
,1889216,,,,,#N/A,,,,,5,https://inaturalist-open-data.s3.amazonaws.com/photos/176051180/original.jpg
,1889224,,,,,#N/A,,,,,4,https://inaturalist-open-data.s3.amazonaws.com/photos/237159390/original.jpeg
Eurrhyparodes splendens,1889280,,,,,1207,,,Eurrhyparodes,Crambidae,19,https://inaturalist-open-data.s3.amazonaws.com/photos/315432705/original.jpeg
Rupela albina,1889330,,,,,1208,,,Rupela,Crambidae,23,https://inaturalist-open-data.s3.amazonaws.com/photos/28077113/original.jpg
,1889377,,,,,#N/A,,,,,15,https://inaturalist-open-data.s3.amazonaws.com/photos/111008836/original.jpeg
Asturodes fimbriauralis,1889522,,,,,1210,,,Asturodes,Crambidae,280,http://www.boldsystems.org/pics/MHMYE/09-SRNP-41796-DHJ511572+1256862970.jpg
,1889536,,,,,#N/A,,,,,694,https://inaturalist-open-data.s3.amazonaws.com/photos/59391590/original.jpeg
,1889550,,,,,#N/A,,,,,10,https://inaturalist-open-data.s3.amazonaws.com/photos/290250096/original.jpeg
Palpita flegia,1889721,,,,,1213,,,Palpita,Crambidae,605,http://www.boldsystems.org/pics/BLPEE/12-SRNP-101070-DHJ668003+1344956284.JPG
,1889850,,,,,#N/A,,,,,688,https://inaturalist-open-data.s3.amazonaws.com/photos/375529255/original.jpg
,1889923,,,,,#N/A,,,,,17,https://inaturalist-open-data.s3.amazonaws.com/photos/179693588/original.jpg
,1889928,,,,,#N/A,,,,,15,https://inaturalist-open-data.s3.amazonaws.com/photos/129821282/original.jpeg
Coenostolopsis apicalis,1890040,,,,,1217,,,Coenostolopsis,Crambidae,27,https://inaturalist-open-data.s3.amazonaws.com/photos/307453773/original.jpeg
Portentomorpha xanthialis,1890089,,,,,1218,,,Portentomorpha,Crambidae,169,http://www.boldsystems.org/pics/BLCAA/07-SRNP-106762_DHJ616726+1188331924.jpg
,1890368,,,,,#N/A,,,,,49,https://inaturalist-open-data.s3.amazonaws.com/photos/101419544/original.jpeg
,1890512,,,,,#N/A,,,,,691,https://inaturalist-open-data.s3.amazonaws.com/photos/293067093/original.jpeg
Pyrausta insignitalis,1890868,,,,,1221,,,Pyrausta,Crambidae,14,https://inaturalist-open-data.s3.amazonaws.com/photos/175870489/original.jpeg
,1891035,,,,,#N/A,,,,,167,https://inaturalist-open-data.s3.amazonaws.com/photos/100682461/original.jpeg
Sufetula diminutalis,1891245,,,,,1223,,,Sufetula,Crambidae,25,https://inaturalist-open-data.s3.amazonaws.com/photos/191454220/original.jpeg
,1891274,,,,,#N/A,,,,,9,https://inaturalist-open-data.s3.amazonaws.com/photos/31585442/original.jpeg
,1891276,,,,,#N/A,,,,,15,https://inaturalist-open-data.s3.amazonaws.com/photos/306912404/original.jpeg
,1891283,,,,,#N/A,,,,,5,https://inaturalist-open-data.s3.amazonaws.com/photos/149822687/original.jpeg
,1891547,,,,,#N/A,,,,,14,https://inaturalist-open-data.s3.amazonaws.com/photos/215279219/original.jpeg
,1891576,,,,,#N/A,,,,,4,https://inaturalist-open-data.s3.amazonaws.com/photos/117589658/original.jpeg
,1891662,,,,,#N/A,,,,,13,https://inaturalist-open-data.s3.amazonaws.com/photos/382188694/original.jpg
,1891674,,,,,#N/A,,,,,7,https://inaturalist-open-data.s3.amazonaws.com/photos/11770118/original.jpg
,1891706,,,,,#N/A,,,,,6,https://inaturalist-open-data.s3.amazonaws.com/photos/54359350/original.jpeg
Lamprosema victoriae,1891755,,,,,1232,,,Lamprosema,Crambidae,590,https://inaturalist-open-data.s3.amazonaws.com/photos/93771889/original.jpeg
,1891772,,,,,#N/A,,,,,7,https://inaturalist-open-data.s3.amazonaws.com/photos/237119092/original.jpeg
,1891932,,,,,#N/A,,,,,276,https://inaturalist-open-data.s3.amazonaws.com/photos/229402987/original.jpeg
Massepha lupa,1892112,,,,,1235,,,Massepha,Crambidae,6,https://inaturalist-open-data.s3.amazonaws.com/photos/9184150/original.jpeg
,1892131,,,,,#N/A,,,,,141,https://inaturalist-open-data.s3.amazonaws.com/photos/1941091/original.JPG
,1892138,,,,,#N/A,,,,,4,https://inaturalist-open-data.s3.amazonaws.com/photos/49265858/original.jpeg
,1892141,,,,,#N/A,,,,,15,https://inaturalist-open-data.s3.amazonaws.com/photos/219463053/original.jpeg
Polygrammodes hercules,1892185,,,,,1239,,,Polygrammodes,Crambidae,100,http://www.boldsystems.org/pics/BLPDV/18-SRNP-101432-DHJ702519+1551716556.JPG
Polygrammodes mimetica,1892188,,,,,1240,,,Polygrammodes,Crambidae,9,https://inaturalist-open-data.s3.amazonaws.com/photos/57319115/original.jpg
,1892189,,,,,#N/A,,,,,30,https://inaturalist-open-data.s3.amazonaws.com/photos/173257645/original.jpg
,1892210,,,,,#N/A,,,,,8,https://inaturalist-open-data.s3.amazonaws.com/photos/385951114/original.jpg
Leucochroma corope,1892311,,,,,1243,,,Leucochroma,Crambidae,43,https://inaturalist-open-data.s3.amazonaws.com/photos/59565945/original.jpg
,1892355,,,,,#N/A,,,,,59,https://inaturalist-open-data.s3.amazonaws.com/photos/162604603/original.jpeg
Lineodes vulnifica,1892420,,,,,1245,,,Lineodes,Crambidae,78,https://inaturalist-open-data.s3.amazonaws.com/photos/5810967/original.jpg
,1892427,,,,,#N/A,,,,,679,https://inaturalist-open-data.s3.amazonaws.com/photos/113686303/original.jpg
,1892477,,,,,#N/A,,,,,309,https://inaturalist-open-data.s3.amazonaws.com/photos/231833181/original.jpeg
,1940662,,,,,#N/A,,,,,5,https://inaturalist-open-data.s3.amazonaws.com/photos/113786877/original.jpg
,1941099,,,,,#N/A,,,,,11,https://inaturalist-open-data.s3.amazonaws.com/photos/243558901/original.jpeg
,1941139,,,,,#N/A,,,,,4,https://inaturalist-open-data.s3.amazonaws.com/photos/19616879/original.jpg
,1941547,,,,,#N/A,,,,,48,https://inaturalist-open-data.s3.amazonaws.com/photos/13321943/original.jpg
,1941570,,,,,#N/A,,,,,277,https://inaturalist-open-data.s3.amazonaws.com/photos/173178475/original.jpeg
,1941717,,,,,#N/A,,,,,414,https://inaturalist-open-data.s3.amazonaws.com/photos/113412643/original.jpeg
,1941719,,,,,#N/A,,,,,104,https://inaturalist-open-data.s3.amazonaws.com/photos/136981768/original.jpeg
,1941755,,,,,#N/A,,,,,21,https://inaturalist-open-data.s3.amazonaws.com/photos/210752232/original.jpeg
,1952915,,,,,#N/A,,,,,11,https://inaturalist-open-data.s3.amazonaws.com/photos/365252937/original.jpeg
,1952936,,,,,#N/A,,,,,4,https://inaturalist-open-data.s3.amazonaws.com/photos/66508287/original.jpeg
Bedosia turgida,1952941,,,,,1258,,,Bedosia,Mimallonidae,8,https://inaturalist-open-data.s3.amazonaws.com/photos/292046552/original.jpg
,1952963,,,,,#N/A,,,,,5,https://inaturalist-open-data.s3.amazonaws.com/photos/107318652/original.jpg
Cicinnus solvens,1953058,,,,,1260,,,Cicinnus,Mimallonidae,9,https://inaturalist-open-data.s3.amazonaws.com/photos/118790893/original.jpeg
Roelmana maloba,1953077,,,,,1261,,,Roelmana,Mimallonidae,7,https://inaturalist-open-data.s3.amazonaws.com/photos/94255605/original.jpeg
,1953082,,,,,#N/A,,,,,4,http://www.boldsystems.org/pics/MHMXB/99-SRNP-1907-DHJ33335+1365542898.jpg
,1953110,,,,,#N/A,,,,,4,http://www.boldsystems.org/pics/MHMXB/93-SRNP-8662-DHJ335608+1365544260.jpg
,1953114,,,,,#N/A,,,,,8,https://inaturalist-open-data.s3.amazonaws.com/photos/118751352/original.jpeg
,1953115,,,,,#N/A,,,,,7,http://www.boldsystems.org/pics/MHMXB/92-SRNP-398-DHJ335487+1365544252.jpg
,1953119,,,,,#N/A,,,,,17,https://inaturalist-open-data.s3.amazonaws.com/photos/333518317/original.jpeg
,1953128,,,,,#N/A,,,,,15,https://inaturalist-open-data.s3.amazonaws.com/photos/331834655/original.jpg
,1953136,,,,,#N/A,,,,,25,https://inaturalist-open-data.s3.amazonaws.com/photos/91654311/original.jpeg
,1953149,,,,,#N/A,,,,,6,https://inaturalist-open-data.s3.amazonaws.com/photos/206349150/original.jpeg
,1953166,,,,,#N/A,,,,,34,https://inaturalist-open-data.s3.amazonaws.com/photos/354175587/original.jpg
Coelurotricha curvilinea,1953184,,,,,1271,,,Coelurotricha,Uraniidae,22,https://inaturalist-open-data.s3.amazonaws.com/photos/98989939/original.jpg
,1953495,,,,,#N/A,,,,,4,https://inaturalist-open-data.s3.amazonaws.com/photos/209937955/original.jpeg
Syngria druidaria,1953499,,,,,1273,,,Syngria,Uraniidae,34,https://inaturalist-open-data.s3.amazonaws.com/photos/243280128/original.jpeg
,1953742,,,,,#N/A,,,,,18,https://inaturalist-open-data.s3.amazonaws.com/photos/381151106/original.jpeg
,1953970,,,,,#N/A,,,,,46,https://inaturalist-open-data.s3.amazonaws.com/photos/6732439/original.jpeg
,1953998,,,,,#N/A,,,,,76,https://inaturalist-open-data.s3.amazonaws.com/photos/22636053/original.jpeg
,1954006,,,,,#N/A,,,,,10,https://inaturalist-open-data.s3.amazonaws.com/photos/307047860/original.jpeg
Nedusia cuticulata,1954023,,,,,1278,,,Nedusia,Uraniidae,20,https://inaturalist-open-data.s3.amazonaws.com/photos/252321466/original.jpeg
,1954135,,,,,#N/A,,,,,5,https://inaturalist-open-data.s3.amazonaws.com/photos/340345410/original.jpeg
,1954146,,,,,#N/A,,,,,11,https://inaturalist-open-data.s3.amazonaws.com/photos/253983735/original.jpeg
,1954251,,,,,#N/A,,,,,18,https://inaturalist-open-data.s3.amazonaws.com/photos/240378905/original.jpeg
,1954929,,,,,#N/A,,,,,4,https://inaturalist-open-data.s3.amazonaws.com/photos/105816148/original.jpeg
,1954935,,,,,#N/A,,,,,11,https://inaturalist-open-data.s3.amazonaws.com/photos/104302230/original.jpg
,1954936,,,,,#N/A,,,,,9,https://inaturalist-open-data.s3.amazonaws.com/photos/99568381/original.jpeg
,1954960,,,,,#N/A,,,,,5,https://inaturalist-open-data.s3.amazonaws.com/photos/336222407/original.jpeg
,1954997,,,,,#N/A,,,,,10,https://inaturalist-open-data.s3.amazonaws.com/photos/161423411/original.jpg
,1955815,,,,,#N/A,,,,,38,https://inaturalist-open-data.s3.amazonaws.com/photos/107438370/original.jpeg
,1956039,,,,,#N/A,,,,,8,https://inaturalist-open-data.s3.amazonaws.com/photos/107468388/original.jpeg
,1956060,,,,,#N/A,,,,,6,https://inaturalist-open-data.s3.amazonaws.com/photos/43666924/original.jpeg
Semaeopus illimitata,1956065,,,,,1290,,,Semaeopus,Geometridae,23,https://inaturalist-open-data.s3.amazonaws.com/photos/104873057/original.jpeg
,1956098,,,,,#N/A,,,,,221,https://inaturalist-open-data.s3.amazonaws.com/photos/101565660/original.jpeg
,1956099,,,,,#N/A,,,,,50,https://inaturalist-open-data.s3.amazonaws.com/photos/32841259/original.jpg
,1956154,,,,,#N/A,,,,,8,https://inaturalist-open-data.s3.amazonaws.com/photos/178482224/original.jpeg
Semaeopus miniata,1956188,,,,,1294,,,Semaeopus,Geometridae,10,https://inaturalist-open-data.s3.amazonaws.com/photos/243736073/original.jpeg
Semaeopus fulvescens,1956193,,,,,1295,,,Semaeopus,Geometridae,7,https://inaturalist-open-data.s3.amazonaws.com/photos/71083193/original.jpeg
,1957038,,,,,#N/A,,,,,48,https://inaturalist-open-data.s3.amazonaws.com/photos/15477411/original.jpg
,1957051,,,,,#N/A,,,,,29,https://inaturalist-open-data.s3.amazonaws.com/photos/248135316/original.jpeg
Pseudasellodes laternaria,1957055,,,,,1298,,,Pseudasellodes,Geometridae,10,https://inaturalist-open-data.s3.amazonaws.com/photos/94363768/original.jpeg
Cimicodes albicosta,1957131,,,,,1299,,,Cimicodes,Geometridae,19,http://n2t.net/ark:/65665/m36201ba31-6e5f-4464-a370-3d02fa0489d5
,1957134,,,,,#N/A,,,,,6,https://inaturalist-open-data.s3.amazonaws.com/photos/92238479/original.jpg
Thysanopyga amarantha,1958350,,,,,1301,,,Thysanopyga,Geometridae,10,https://inaturalist-open-data.s3.amazonaws.com/photos/225741545/original.jpeg
Thysanopyga abdominaria,1958361,,,,,1302,,,Thysanopyga,Geometridae,12,https://inaturalist-open-data.s3.amazonaws.com/photos/167127359/original.jpeg
,1958374,,,,,#N/A,,,,,4,https://inaturalist-open-data.s3.amazonaws.com/photos/82692157/original.jpeg
,1958378,,,,,#N/A,,,,,7,https://inaturalist-open-data.s3.amazonaws.com/photos/7557792/original.jpg
,1958807,,,,,#N/A,,,,,12,https://inaturalist-open-data.s3.amazonaws.com/photos/170160239/original.jpeg
,1958890,,,,,#N/A,,,,,4,https://inaturalist-open-data.s3.amazonaws.com/photos/382518026/original.jpg
,1958993,,,,,#N/A,,,,,7,https://inaturalist-open-data.s3.amazonaws.com/photos/362210073/original.jpg
Semiothisa arenisca,1959279,,,,,1308,,,Semiothisa,Geometridae,17,https://inaturalist-open-data.s3.amazonaws.com/photos/11878108/original.jpg
Ametris nitocris,1959637,,,,,1309,,,Ametris,Geometridae,78,https://inaturalist-open-data.s3.amazonaws.com/photos/292198079/original.jpg
,1959787,,,,,#N/A,,,,,36,https://inaturalist-open-data.s3.amazonaws.com/photos/165639230/original.jpg
Macrotes commatica,1959982,,,,,1311,,,Macrotes,Geometridae,21,https://inaturalist-open-data.s3.amazonaws.com/photos/107315128/original.jpeg
,1960028,,,,,#N/A,,,,,13,https://inaturalist-open-data.s3.amazonaws.com/photos/178242097/original.jpg
,1960090,,,,,#N/A,,,,,51,https://inaturalist-open-data.s3.amazonaws.com/photos/208893705/original.jpg
,1960095,,,,,#N/A,,,,,9,https://inaturalist-open-data.s3.amazonaws.com/photos/140142068/original.jpeg
,1960167,,,,,#N/A,,,,,5,http://www.boldsystems.org/pics/MHAGA/98-SRNP-3836-DHJ325754+1365543372.jpg
,1960226,,,,,#N/A,,,,,4,http://www.boldsystems.org/pics/BLPDF/18-SRNP-104362-DHJ705449+1683301980.JPG
,1960250,,,,,#N/A,,,,,12,http://www.boldsystems.org/pics/MHAGB/91-SRNP-84-DHJ357298+1175909958.jpg
,1960251,,,,,#N/A,,,,,11,https://inaturalist-open-data.s3.amazonaws.com/photos/60734646/original.jpg
,1960255,,,,,#N/A,,,,,51,https://inaturalist-open-data.s3.amazonaws.com/photos/194991621/original.jpg
Opisthoxia formosante,1960262,,,,,1320,,,Opisthoxia,Geometridae,7,https://inaturalist-open-data.s3.amazonaws.com/photos/7448625/original.jpeg
,1960268,,,,,#N/A,,,,,34,https://inaturalist-open-data.s3.amazonaws.com/photos/297201500/original.jpeg
,1960275,,,,,#N/A,,,,,12,https://inaturalist-open-data.s3.amazonaws.com/photos/139724735/original.jpeg
,1960281,,,,,#N/A,,,,,7,https://inaturalist-open-data.s3.amazonaws.com/photos/188176933/original.jpeg
,1960286,,,,,#N/A,,,,,24,https://inaturalist-open-data.s3.amazonaws.com/photos/148447003/original.jpeg
,1960290,,,,,#N/A,,,,,8,https://inaturalist-open-data.s3.amazonaws.com/photos/172707023/original.jpeg
Opisthoxia molpadia,1960315,,,,,1326,,,Opisthoxia,Geometridae,113,http://www.boldsystems.org/pics/BLPDX/10-SRNP-113424_DHJ658299+1309896698.jpg
,1960508,,,,,#N/A,,,,,6,https://inaturalist-open-data.s3.amazonaws.com/photos/115950375/original.jpeg
Dithecodes distracta,1960549,,,,,1328,,,Dithecodes,Geometridae,8,https://inaturalist-open-data.s3.amazonaws.com/photos/12308906/original.jpg
Eudulophasia invaria,1961155,,,,,1329,,,Eudulophasia,Geometridae,50,https://inaturalist-open-data.s3.amazonaws.com/photos/168693206/original.jpeg
,1961211,,,,,#N/A,,,,,5,https://inaturalist-open-data.s3.amazonaws.com/photos/93008513/original.jpeg
Dyspteris tenuivitta,1961352,,,,,1331,,,Dyspteris,Geometridae,14,https://inaturalist-open-data.s3.amazonaws.com/photos/241890320/original.jpeg
,1961354,,,,,#N/A,,,,,4,https://inaturalist-open-data.s3.amazonaws.com/photos/114515366/original.jpeg
,1961702,,,,,#N/A,,,,,4,https://inaturalist-open-data.s3.amazonaws.com/photos/281180992/original.jpg
,1961707,,,,,#N/A,,,,,4,https://inaturalist-open-data.s3.amazonaws.com/photos/3527335/original.JPG
Synchlora tenuimargo,1962049,,,,,1335,,,Synchlora,Geometridae,9,https://inaturalist-open-data.s3.amazonaws.com/photos/6714774/original.jpeg
Synchlora frondaria,1962051,,,,,1336,,,Synchlora,Geometridae,1000,https://inaturalist-open-data.s3.amazonaws.com/photos/299396924/original.jpeg
,1962082,,,,,#N/A,,,,,27,https://inaturalist-open-data.s3.amazonaws.com/photos/67852028/original.jpeg
,1962086,,,,,#N/A,,,,,60,https://inaturalist-open-data.s3.amazonaws.com/photos/299989849/original.jpeg
,1962103,,,,,#N/A,,,,,8,https://inaturalist-open-data.s3.amazonaws.com/photos/329138001/original.jpeg
Synchlora gerularia,1962118,,,,,1340,,,Synchlora,Geometridae,196,https://inaturalist-open-data.s3.amazonaws.com/photos/66382520/original.jpeg
Synchlora pulchrifimbria,1962120,,,,,1341,,,Synchlora,Geometridae,29,https://inaturalist-open-data.s3.amazonaws.com/photos/110354340/original.jpeg
Lissochlora albociliaria,1962296,,,,,1342,,,Lissochlora,Geometridae,7,https://inaturalist-open-data.s3.amazonaws.com/photos/30121010/original.jpg
,1962612,,,,,#N/A,,,,,28,https://inaturalist-open-data.s3.amazonaws.com/photos/94378395/original.jpg
,1962706,,,,,#N/A,,,,,4,https://inaturalist-open-data.s3.amazonaws.com/photos/67927253/original.jpeg
,1962784,,,,,#N/A,,,,,4,https://inaturalist-open-data.s3.amazonaws.com/photos/265824371/original.jpeg
,1962895,,,,,#N/A,,,,,635,https://inaturalist-open-data.s3.amazonaws.com/photos/172371296/original.jpg
,1962997,,,,,#N/A,,,,,4,https://inaturalist-open-data.s3.amazonaws.com/photos/201171990/original.jpeg
,1963000,,,,,#N/A,,,,,6,https://inaturalist-open-data.s3.amazonaws.com/photos/180651423/original.jpeg
,1963214,,,,,#N/A,,,,,12,https://inaturalist-open-data.s3.amazonaws.com/photos/181574008/original.jpeg
,1963222,,,,,#N/A,,,,,4,https://inaturalist-open-data.s3.amazonaws.com/photos/239756738/original.jpeg
Tricentrogyna violescens,1963253,,,,,1351,,,Tricentrogyna,Geometridae,34,https://inaturalist-open-data.s3.amazonaws.com/photos/185785713/original.jpg
Tricentrogyna colligata,1963259,,,,,1352,,,Tricentrogyna,Geometridae,12,https://inaturalist-open-data.s3.amazonaws.com/photos/81276568/original.jpeg
,1963263,,,,,#N/A,,,,,11,https://inaturalist-open-data.s3.amazonaws.com/photos/302408622/original.jpeg
,1963278,,,,,#N/A,,,,,12,https://inaturalist-open-data.s3.amazonaws.com/photos/113817417/original.jpeg
,1963344,,,,,#N/A,,,,,9,https://inaturalist-open-data.s3.amazonaws.com/photos/331124027/original.jpg
Tricentra quadrigata,1963345,,,,,1356,,,Tricentra,Geometridae,9,https://inaturalist-open-data.s3.amazonaws.com/photos/208401584/original.jpeg
,1963352,,,,,#N/A,,,,,4,https://inaturalist-open-data.s3.amazonaws.com/photos/360321894/original.jpeg
,1963425,,,,,#N/A,,,,,243,https://inaturalist-open-data.s3.amazonaws.com/photos/135756597/original.jpeg
,1963433,,,,,#N/A,,,,,652,https://inaturalist-open-data.s3.amazonaws.com/photos/4963805/original.jpg
,1963633,,,,,#N/A,,,,,55,https://inaturalist-open-data.s3.amazonaws.com/photos/115472895/original.jpeg
,1963652,,,,,#N/A,,,,,18,https://inaturalist-open-data.s3.amazonaws.com/photos/332791276/original.jpeg
,1963661,,,,,#N/A,,,,,7,https://inaturalist-open-data.s3.amazonaws.com/photos/123136627/original.jpeg
Bryoptera hypomelas,1963919,,,,,1363,,,Bryoptera,Geometridae,23,https://inaturalist-open-data.s3.amazonaws.com/photos/121905070/original.jpeg
,1963929,,,,,#N/A,,,,,10,https://inaturalist-open-data.s3.amazonaws.com/photos/102494747/original.jpeg
,1963966,,,,,#N/A,,,,,8,https://inaturalist-open-data.s3.amazonaws.com/photos/333629035/original.jpg
,1963980,,,,,#N/A,,,,,8,https://inaturalist-open-data.s3.amazonaws.com/photos/118215662/original.jpeg
,1963990,,,,,#N/A,,,,,38,https://inaturalist-open-data.s3.amazonaws.com/photos/82993461/original.jpeg
,1964262,,,,,#N/A,,,,,4,https://inaturalist-open-data.s3.amazonaws.com/photos/13150242/original.jpg
,1964264,,,,,#N/A,,,,,5,https://inaturalist-open-data.s3.amazonaws.com/photos/347856496/original.jpeg
,1964270,,,,,#N/A,,,,,6,https://inaturalist-open-data.s3.amazonaws.com/photos/108019070/original.jpg
,1964698,,,,,#N/A,,,,,46,https://inaturalist-open-data.s3.amazonaws.com/photos/90351689/original.jpeg
Trotopera arrhapa,1964934,,,,,1372,,,Trotopera,Geometridae,7,https://inaturalist-open-data.s3.amazonaws.com/photos/196713626/original.jpeg
,1965135,,,,,#N/A,,,,,4,https://inaturalist-open-data.s3.amazonaws.com/photos/305487658/original.jpeg
,1965200,,,,,#N/A,,,,,6,https://inaturalist-open-data.s3.amazonaws.com/photos/200520732/original.jpg
,1965364,,,,,#N/A,,,,,4,https://inaturalist-open-data.s3.amazonaws.com/photos/199394946/original.jpeg
,1965713,,,,,#N/A,,,,,5,https://inaturalist-open-data.s3.amazonaws.com/photos/3094208/original.jpg
,1965887,,,,,#N/A,,,,,137,https://inaturalist-open-data.s3.amazonaws.com/photos/105793168/original.jpeg
Sericoptera area,1966072,,,,,1378,,,Sericoptera,Geometridae,7,https://inaturalist-open-data.s3.amazonaws.com/photos/304381751/original.jpeg
,1966086,,,,,#N/A,,,,,5,https://inaturalist-open-data.s3.amazonaws.com/photos/77900292/original.jpeg
,1966088,,,,,#N/A,,,,,402,https://inaturalist-open-data.s3.amazonaws.com/photos/49299029/original.jpeg
,1966185,,,,,#N/A,,,,,684,https://inaturalist-open-data.s3.amazonaws.com/photos/55071393/original.jpg
,1967191,,,,,#N/A,,,,,30,https://inaturalist-open-data.s3.amazonaws.com/photos/255603515/original.jpeg
,1967341,,,,,#N/A,,,,,12,https://inaturalist-open-data.s3.amazonaws.com/photos/161606099/original.jpg
,1967346,,,,,#N/A,,,,,13,https://inaturalist-open-data.s3.amazonaws.com/photos/228462689/original.jpeg
,1967353,,,,,#N/A,,,,,18,https://inaturalist-open-data.s3.amazonaws.com/photos/20296595/original.jpg
,1968313,,,,,#N/A,,,,,184,https://inaturalist-open-data.s3.amazonaws.com/photos/116172991/original.jpeg
,1968321,,,,,#N/A,,,,,103,https://inaturalist-open-data.s3.amazonaws.com/photos/132250888/original.jpeg
Phrygionis privignaria,1968324,,,,,1388,,,Phrygionis,Geometridae,234,https://inaturalist-open-data.s3.amazonaws.com/photos/178027450/original.jpg
,1968538,,,,,#N/A,,,,,50,https://inaturalist-open-data.s3.amazonaws.com/photos/111565002/original.jpeg
,1968546,,,,,#N/A,,,,,24,https://inaturalist-open-data.s3.amazonaws.com/photos/97753368/original.jpg
,1968548,,,,,#N/A,,,,,34,https://inaturalist-open-data.s3.amazonaws.com/photos/54561389/original.jpeg
Pleuroprucha insulsaria,1968942,,,,,1392,,,Pleuroprucha,Geometridae,1000,https://inaturalist-open-data.s3.amazonaws.com/photos/124962864/original.jpeg
,1969536,,,,,#N/A,,,,,11,https://inaturalist-open-data.s3.amazonaws.com/photos/105251512/original.jpeg
Urepione quadrilineata,1969638,,,,,1394,,,Urepione,Geometridae,9,https://inaturalist-open-data.s3.amazonaws.com/photos/105817589/original.jpeg
,1970173,,,,,#N/A,,,,,8,https://inaturalist-open-data.s3.amazonaws.com/photos/113959224/original.jpeg
,1970176,,,,,#N/A,,,,,4,https://inaturalist-open-data.s3.amazonaws.com/photos/336543766/original.jpg
Perigramma repetita,1970178,,,,,1397,,,Perigramma,Geometridae,11,https://inaturalist-open-data.s3.amazonaws.com/photos/4182065/original.JPG
,1972101,,,,,#N/A,,,,,205,https://inaturalist-open-data.s3.amazonaws.com/photos/228317376/original.jpg
,1972102,,,,,#N/A,,,,,7,https://inaturalist-open-data.s3.amazonaws.com/photos/329289777/original.jpg
,1972896,,,,,#N/A,,,,,6,https://inaturalist-open-data.s3.amazonaws.com/photos/60690287/original.jpg
,1972987,,,,,#N/A,,,,,8,https://inaturalist-open-data.s3.amazonaws.com/photos/146816702/original.jpeg
,1973401,,,,,#N/A,,,,,23,https://inaturalist-open-data.s3.amazonaws.com/photos/88498260/original.jpeg
Oospila miccularia,1973581,,,,,1403,,,Oospila,Geometridae,5,https://inaturalist-open-data.s3.amazonaws.com/photos/60702185/original.jpg
Oospila depressa,1973608,,,,,1404,,,Oospila,Geometridae,16,https://inaturalist-open-data.s3.amazonaws.com/photos/6592168/original.jpeg
,1973610,,,,,#N/A,,,,,4,https://inaturalist-open-data.s3.amazonaws.com/photos/263331307/original.jpeg
Oospila atopochlora,1973631,,,,,1406,,,Oospila,Geometridae,8,https://inaturalist-open-data.s3.amazonaws.com/photos/12801933/original.jpg
,1973640,,,,,#N/A,,,,,11,https://inaturalist-open-data.s3.amazonaws.com/photos/28962079/original.jpeg
Oospila rosipara,1973647,,,,,1408,,,Oospila,Geometridae,9,http://n2t.net/ark:/65665/m388fef8fb-6463-484a-ace0-4f4a1ce3cf8d
,1973665,,,,,#N/A,,,,,138,https://inaturalist-open-data.s3.amazonaws.com/photos/301549050/original.jpeg
Oospila confundaria,1973670,,,,,1410,,,Oospila,Geometridae,8,http://n2t.net/ark:/65665/m3029c3238-7f83-4905-b590-a208736ac3fb
,1973674,,,,,#N/A,,,,,10,https://inaturalist-open-data.s3.amazonaws.com/photos/12795089/original.jpg
,1973686,,,,,#N/A,,,,,6,https://inaturalist-open-data.s3.amazonaws.com/photos/363844190/original.jpg
Oospila albicoma,1973687,,,,,1413,,,Oospila,Geometridae,69,http://www.boldsystems.org/pics/BLPDV/18-SRNP-102442-DHJ703529+1551985550.JPG
,1973696,,,,,#N/A,,,,,26,https://inaturalist-open-data.s3.amazonaws.com/photos/229752413/original.jpg
,1973697,,,,,#N/A,,,,,4,https://inaturalist-open-data.s3.amazonaws.com/photos/275685786/original.jpg
Neagathia corruptata,1975287,,,,,1416,,,Neagathia,Geometridae,41,https://inaturalist-open-data.s3.amazonaws.com/photos/87481029/original.jpeg
,1975634,,,,,#N/A,,,,,8,https://inaturalist-open-data.s3.amazonaws.com/photos/102234942/original.jpeg
,1975658,,,,,#N/A,,,,,20,https://observation.org/photos/31429793.jpg
,1975664,,,,,#N/A,,,,,4,https://inaturalist-open-data.s3.amazonaws.com/photos/3074776/original.JPG
,1975687,,,,,#N/A,,,,,4,https://inaturalist-open-data.s3.amazonaws.com/photos/299301433/original.jpeg
Chloractis pulcherrima,1975700,,,,,1421,,,Chloractis,Geometridae,22,https://inaturalist-open-data.s3.amazonaws.com/photos/247524525/original.jpeg
Hymenomima umbelularia,1975855,,,,,1422,,,Hymenomima,Geometridae,17,https://inaturalist-open-data.s3.amazonaws.com/photos/255622624/original.jpg
Hymenomima camerata,1975859,,,,,1423,,,Hymenomima,Geometridae,6,https://inaturalist-open-data.s3.amazonaws.com/photos/46419260/original.jpg
Hymenomima memor,1975872,,,,,1424,,,Hymenomima,Geometridae,11,http://n2t.net/ark:/65665/m32ebe49e3-7106-4b04-81ef-2bb20c8fd3d4
Erastria decrepitaria,1976073,,,,,1425,,,Erastria,Geometridae,191,https://inaturalist-open-data.s3.amazonaws.com/photos/96034316/original.jpeg
,1976207,,,,,#N/A,,,,,7,http://www.boldsystems.org/pics/MHAGA/04-SRNP-33901-DHJ325184+1365543346.jpg
,1976255,,,,,#N/A,,,,,134,https://inaturalist-open-data.s3.amazonaws.com/photos/138363651/original.jpg
,1976364,,,,,#N/A,,,,,5,https://inaturalist-open-data.s3.amazonaws.com/photos/109628453/original.jpeg
,1976368,,,,,#N/A,,,,,4,https://inaturalist-open-data.s3.amazonaws.com/photos/285193867/original.jpg
,1976381,,,,,#N/A,,,,,4,https://inaturalist-open-data.s3.amazonaws.com/photos/105242662/original.jpeg
,1976394,,,,,#N/A,,,,,6,https://inaturalist-open-data.s3.amazonaws.com/photos/58024692/original.jpeg
,1976410,,,,,#N/A,,,,,7,https://inaturalist-open-data.s3.amazonaws.com/photos/247711125/original.jpeg
,1976429,,,,,#N/A,,,,,5,https://inaturalist-open-data.s3.amazonaws.com/photos/109978849/original.jpeg
,1976434,,,,,#N/A,,,,,4,https://inaturalist-open-data.s3.amazonaws.com/photos/393746761/original.jpeg
Oxydia vesulia,1976651,,,,,1435,,,Oxydia,Geometridae,235,http://www.boldsystems.org/pics/MHMYC/08-SRNP-57372-DHJ505543+1365546898.jpg
,1976653,,,,,#N/A,,,,,6,https://inaturalist-open-data.s3.amazonaws.com/photos/95731762/original.jpeg
,1976656,,,,,#N/A,,,,,7,https://inaturalist-open-data.s3.amazonaws.com/photos/4180370/original.JPG
,1976674,,,,,#N/A,,,,,10,https://inaturalist-open-data.s3.amazonaws.com/photos/103665445/original.jpeg
,1976696,,,,,#N/A,,,,,9,https://inaturalist-open-data.s3.amazonaws.com/photos/8718913/original.jpg
Oxydia apidania,1976702,,,,,1440,,,Oxydia,Geometridae,193,http://www.boldsystems.org/pics/BLPAA/17-SRNP-30979-DHJ931434+1551985114.jpg
,1976719,,,,,#N/A,,,,,7,https://inaturalist-open-data.s3.amazonaws.com/photos/2988408/original.jpg
,1976746,,,,,#N/A,,,,,139,https://inaturalist-open-data.s3.amazonaws.com/photos/28700788/original.jpeg
,1976895,,,,,#N/A,,,,,20,https://inaturalist-open-data.s3.amazonaws.com/photos/105343084/original.png
Pyrochlora rhanis,1977209,,,,,1444,,,Pyrochlora,Geometridae,8,https://inaturalist-open-data.s3.amazonaws.com/photos/245930812/original.jpeg
Ischnopteris bifinita,1978162,,,,,1445,,,Ischnopteris,Geometridae,8,https://inaturalist-open-data.s3.amazonaws.com/photos/105046301/original.jpeg
,1978255,,,,,#N/A,,,,,15,http://www.boldsystems.org/pics/MHAGA/98-SRNP-3156-DHJ326014+1365543386.jpg
,1978258,,,,,#N/A,,,,,6,https://inaturalist-open-data.s3.amazonaws.com/photos/43667233/original.jpeg
,1978261,,,,,#N/A,,,,,17,https://inaturalist-open-data.s3.amazonaws.com/photos/14913831/original.jpeg
,1978262,,,,,#N/A,,,,,13,https://inaturalist-open-data.s3.amazonaws.com/photos/31052812/original.jpg
Leuciris fimbriaria,1978464,,,,,1450,,,Leuciris,Geometridae,109,https://inaturalist-open-data.s3.amazonaws.com/photos/49476942/original.jpeg
,1978465,,,,,#N/A,,,,,24,https://inaturalist-open-data.s3.amazonaws.com/photos/59628967/original.jpeg
Patalene hamulata,1978656,,,,,1452,,,Patalene,Geometridae,106,http://www.boldsystems.org/pics/BCIGE/LEGEEU-22000055-BCI26930-D+1318869664.JPG
Patalene falcularia,1978658,,,,,1453,,,Patalene,Geometridae,8,https://inaturalist-open-data.s3.amazonaws.com/photos/100248220/original.jpeg
,1978957,,,,,#N/A,,,,,26,https://inaturalist-open-data.s3.amazonaws.com/photos/301895360/original.jpeg
,1978958,,,,,#N/A,,,,,537,https://inaturalist-open-data.s3.amazonaws.com/photos/176330210/original.jpg
,1978959,,,,,#N/A,,,,,100,https://inaturalist-open-data.s3.amazonaws.com/photos/13149932/original.jpg
,1979251,,,,,#N/A,,,,,4,https://inaturalist-open-data.s3.amazonaws.com/photos/199404041/original.jpeg
,1979343,,,,,#N/A,,,,,5,https://inaturalist-open-data.s3.amazonaws.com/photos/14146440/original.jpg
,1979484,,,,,#N/A,,,,,12,https://inaturalist-open-data.s3.amazonaws.com/photos/261158989/original.jpg
,1979578,,,,,#N/A,,,,,4,https://inaturalist-open-data.s3.amazonaws.com/photos/57122009/original.jpg
,1979604,,,,,#N/A,,,,,4,https://inaturalist-open-data.s3.amazonaws.com/photos/21394678/original.jpg
,1979665,,,,,#N/A,,,,,6,https://inaturalist-open-data.s3.amazonaws.com/photos/54981942/original.jpeg
,1979680,,,,,#N/A,,,,,5,https://inaturalist-open-data.s3.amazonaws.com/photos/173201201/original.jpeg
,1979688,,,,,#N/A,,,,,11,https://inaturalist-open-data.s3.amazonaws.com/photos/64536149/original.jpeg
,1979695,,,,,#N/A,,,,,5,https://inaturalist-open-data.s3.amazonaws.com/photos/188995815/original.jpg
,1980109,,,,,#N/A,,,,,7,https://inaturalist-open-data.s3.amazonaws.com/photos/50847402/original.jpg
,1980242,,,,,#N/A,,,,,4,https://inaturalist-open-data.s3.amazonaws.com/photos/50604573/original.jpg
Dichorda obliquata,1980252,,,,,1468,,,Dichorda,Geometridae,10,https://inaturalist-open-data.s3.amazonaws.com/photos/177175821/original.jpg
,1980258,,,,,#N/A,,,,,7,https://inaturalist-open-data.s3.amazonaws.com/photos/104707339/original.jpeg
,1980307,,,,,#N/A,,,,,5,https://inaturalist-open-data.s3.amazonaws.com/photos/90166113/original.jpeg
,1980311,,,,,#N/A,,,,,4,https://inaturalist-open-data.s3.amazonaws.com/photos/72701227/original.jpg
,1980315,,,,,#N/A,,,,,6,https://inaturalist-open-data.s3.amazonaws.com/photos/7490881/original.jpeg
,1980339,,,,,#N/A,,,,,13,https://inaturalist-open-data.s3.amazonaws.com/photos/271323687/original.jpeg
,1980958,,,,,#N/A,,,,,4,https://inaturalist-open-data.s3.amazonaws.com/photos/309684809/original.jpeg
Nemoria scriptaria,1981147,,,,,1475,,,Nemoria,Geometridae,40,https://inaturalist-open-data.s3.amazonaws.com/photos/280219088/original.jpg
,1981149,,,,,#N/A,,,,,8,https://inaturalist-open-data.s3.amazonaws.com/photos/387518488/original.jpg
,1981168,,,,,#N/A,,,,,14,https://live.staticflickr.com/65535/49837886773_dd1762d999_b.jpg
,1981212,,,,,#N/A,,,,,9,https://s3.hpc.ut.ee/plutof-public/large/d8065d92-1602-42be-a9dc-daaca9a218bd.jpg
,1981227,,,,,#N/A,,,,,7,https://inaturalist-open-data.s3.amazonaws.com/photos/130771771/original.jpeg
,1981229,,,,,#N/A,,,,,10,https://inaturalist-open-data.s3.amazonaws.com/photos/52452173/original.jpg
,1981236,,,,,#N/A,,,,,7,https://inaturalist-open-data.s3.amazonaws.com/photos/27634981/original.jpeg
Nemoria aturia,1981238,,,,,1482,,,Nemoria,Geometridae,14,http://n2t.net/ark:/65665/m370df6762-8ef8-44e4-ada2-1a74dbc95ce4
,1981252,,,,,#N/A,,,,,105,https://inaturalist-open-data.s3.amazonaws.com/photos/247710915/original.jpeg
,1981256,,,,,#N/A,,,,,12,https://s3.hpc.ut.ee/plutof-public/large/50aa2568-f522-4d4d-a09b-336e3a401397.jpg
,1981270,,,,,#N/A,,,,,4,https://inaturalist-open-data.s3.amazonaws.com/photos/150565367/original.jpg
Nemoria adjunctaria,1981283,,,,,1486,,,Nemoria,Geometridae,14,https://inaturalist-open-data.s3.amazonaws.com/photos/105979280/original.jpeg
,1981288,,,,,#N/A,,,,,5,https://inaturalist-open-data.s3.amazonaws.com/photos/365571640/original.jpg
,1981293,,,,,#N/A,,,,,8,https://inaturalist-open-data.s3.amazonaws.com/photos/91759735/original.png
,1981294,,,,,#N/A,,,,,4,https://inaturalist-open-data.s3.amazonaws.com/photos/291138274/original.jpeg
,1981308,,,,,#N/A,,,,,6,https://inaturalist-open-data.s3.amazonaws.com/photos/27981050/original.jpeg
,1981318,,,,,#N/A,,,,,4,https://inaturalist-open-data.s3.amazonaws.com/photos/304345932/original.jpeg
,1981324,,,,,#N/A,,,,,12,https://s3.hpc.ut.ee/plutof-public/large/fee9918e-3073-4d4b-be7b-f2e235b98688.jpg
,1981519,,,,,#N/A,,,,,20,https://inaturalist-open-data.s3.amazonaws.com/photos/104826010/original.jpeg
,1981903,,,,,#N/A,,,,,4,https://inaturalist-open-data.s3.amazonaws.com/photos/104527427/original.jpeg
,1981951,,,,,#N/A,,,,,88,https://inaturalist-open-data.s3.amazonaws.com/photos/38632038/original.jpeg
,1981956,,,,,#N/A,,,,,12,https://inaturalist-open-data.s3.amazonaws.com/photos/206349318/original.jpeg
,1981960,,,,,#N/A,,,,,9,https://inaturalist-open-data.s3.amazonaws.com/photos/322653631/original.jpeg
Chloropteryx dealbata,1981968,,,,,1498,,,Chloropteryx,Geometridae,15,https://inaturalist-open-data.s3.amazonaws.com/photos/54356906/original.jpeg
Chloropteryx opalaria,1981973,,,,,1499,,,Chloropteryx,Geometridae,74,https://inaturalist-open-data.s3.amazonaws.com/photos/34293528/original.jpeg
,1982141,,,,,#N/A,,,,,5,https://inaturalist-open-data.s3.amazonaws.com/photos/206327914/original.jpeg
,1982153,,,,,#N/A,,,,,5,https://inaturalist-open-data.s3.amazonaws.com/photos/98997484/original.jpg
,1982166,,,,,#N/A,,,,,5,https://inaturalist-open-data.s3.amazonaws.com/photos/104044184/original.jpeg
,1982337,,,,,#N/A,,,,,23,https://inaturalist-open-data.s3.amazonaws.com/photos/244563377/original.jpg
,1982813,,,,,#N/A,,,,,5,https://inaturalist-open-data.s3.amazonaws.com/photos/152490840/original.jpeg
,1985006,,,,,#N/A,,,,,4,https://inaturalist-open-data.s3.amazonaws.com/photos/27587509/original.jpeg
Phrudocentra neis,1985013,,,,,1506,,,Phrudocentra,Geometridae,10,https://inaturalist-open-data.s3.amazonaws.com/photos/316727154/original.jpg
,1985018,,,,,#N/A,,,,,8,https://inaturalist-open-data.s3.amazonaws.com/photos/169857290/original.jpg
Phrudocentra pupillata,1985054,,,,,1508,,,Phrudocentra,Geometridae,12,https://inaturalist-open-data.s3.amazonaws.com/photos/149826380/original.jpg
,1985481,,,,,#N/A,,,,,23,https://inaturalist-open-data.s3.amazonaws.com/photos/160029964/original.jpeg
,1985485,,,,,#N/A,,,,,54,https://inaturalist-open-data.s3.amazonaws.com/photos/226751987/original.jpg
,1985647,,,,,#N/A,,,,,47,https://inaturalist-open-data.s3.amazonaws.com/photos/316920584/original.jpeg
,1985648,,,,,#N/A,,,,,4,https://inaturalist-open-data.s3.amazonaws.com/photos/196193938/original.jpeg
,1986078,,,,,#N/A,,,,,5,https://inaturalist-open-data.s3.amazonaws.com/photos/173466373/original.jpeg
Anisoperas atropunctaria,1986752,,,,,1514,,,Anisoperas,Geometridae,12,https://inaturalist-open-data.s3.amazonaws.com/photos/89852865/original.jpeg
,1986764,,,,,#N/A,,,,,16,https://inaturalist-open-data.s3.amazonaws.com/photos/113464326/original.jpeg
,1986921,,,,,#N/A,,,,,5,https://inaturalist-open-data.s3.amazonaws.com/photos/194215009/original.jpeg
,1987101,,,,,#N/A,,,,,5,https://inaturalist-open-data.s3.amazonaws.com/photos/337947111/original.jpeg
,1987249,,,,,#N/A,,,,,4,https://inaturalist-open-data.s3.amazonaws.com/photos/194432022/original.jpeg
,1987319,,,,,#N/A,,,,,7,https://inaturalist-open-data.s3.amazonaws.com/photos/284178651/original.jpg
,1987323,,,,,#N/A,,,,,18,https://inaturalist-open-data.s3.amazonaws.com/photos/52204523/original.jpg
,1987329,,,,,#N/A,,,,,15,https://inaturalist-open-data.s3.amazonaws.com/photos/281809997/original.jpeg
,1987330,,,,,#N/A,,,,,246,https://inaturalist-open-data.s3.amazonaws.com/photos/6073138/original.jpeg
Smicropus ochra,1987339,,,,,1523,,,Smicropus,Geometridae,6,https://inaturalist-open-data.s3.amazonaws.com/photos/183691051/original.jpeg
,1988833,,,,,#N/A,,,,,9,https://inaturalist-open-data.s3.amazonaws.com/photos/108866626/original.jpeg
,1988928,,,,,#N/A,,,,,17,https://inaturalist-open-data.s3.amazonaws.com/photos/153042961/original.jpeg
,1988963,,,,,#N/A,,,,,6,https://inaturalist-open-data.s3.amazonaws.com/photos/228273567/original.jpeg
,1988991,,,,,#N/A,,,,,6,https://inaturalist-open-data.s3.amazonaws.com/photos/55316411/original.jpg
,1988993,,,,,#N/A,,,,,11,https://inaturalist-open-data.s3.amazonaws.com/photos/59302374/original.jpg
,1989002,,,,,#N/A,,,,,5,https://inaturalist-open-data.s3.amazonaws.com/photos/21429280/original.jpg
,1989007,,,,,#N/A,,,,,6,https://inaturalist-open-data.s3.amazonaws.com/photos/279930776/original.jpeg
,1989032,,,,,#N/A,,,,,8,https://inaturalist-open-data.s3.amazonaws.com/photos/303435527/original.jpeg
,1989550,,,,,#N/A,,,,,11,https://inaturalist-open-data.s3.amazonaws.com/photos/182634909/original.jpeg
,1989553,,,,,#N/A,,,,,5,https://inaturalist-open-data.s3.amazonaws.com/photos/297949181/original.jpg
Tachyphyle undilineata,1989559,,,,,1534,,,Tachyphyle,Geometridae,9,https://inaturalist-open-data.s3.amazonaws.com/photos/114149205/original.jpeg
,1989582,,,,,#N/A,,,,,119,https://inaturalist-open-data.s3.amazonaws.com/photos/375714274/original.jpeg
,1989585,,,,,#N/A,,,,,8,https://inaturalist-open-data.s3.amazonaws.com/photos/80745539/original.jpeg
,1989587,,,,,#N/A,,,,,16,https://observation.org/photos/61572564.jpg
Eois undulosata,1989649,,,,,1538,,,Eois,Geometridae,4,https://inaturalist-open-data.s3.amazonaws.com/photos/294879544/original.jpeg
,1989664,,,,,#N/A,,,,,5,https://inaturalist-open-data.s3.amazonaws.com/photos/106147160/original.jpeg
Eois cedon,1989687,,,,,1540,,,Eois,Geometridae,98,http://www.boldsystems.org/pics/BLPEE/12-SRNP-69039-DHJ593646+1429632068.jpg
,1989707,,,,,#N/A,,,,,4,https://inaturalist-open-data.s3.amazonaws.com/photos/82226835/original.jpeg
,1989710,,,,,#N/A,,,,,6,https://inaturalist-open-data.s3.amazonaws.com/photos/98283484/original.jpeg
,1989722,,,,,#N/A,,,,,4,https://inaturalist-open-data.s3.amazonaws.com/photos/106149527/original.jpeg
,1989740,,,,,#N/A,,,,,5,https://inaturalist-open-data.s3.amazonaws.com/photos/33894277/original.jpeg
,1989771,,,,,#N/A,,,,,12,https://inaturalist-open-data.s3.amazonaws.com/photos/341025398/original.jpeg
,1989782,,,,,#N/A,,,,,18,https://inaturalist-open-data.s3.amazonaws.com/photos/148573810/original.jpeg
,1989789,,,,,#N/A,,,,,8,https://inaturalist-open-data.s3.amazonaws.com/photos/92929395/original.jpeg
,1989793,,,,,#N/A,,,,,7,https://inaturalist-open-data.s3.amazonaws.com/photos/55623690/original.jpg
Eois heliadaria,1989800,,,,,1549,,,Eois,Geometridae,7,https://inaturalist-open-data.s3.amazonaws.com/photos/75585218/original.jpeg
Eois russearia,1989839,,,,,1550,,,Eois,Geometridae,6,https://inaturalist-open-data.s3.amazonaws.com/photos/80659885/original.jpeg
,1989850,,,,,#N/A,,,,,4,https://inaturalist-open-data.s3.amazonaws.com/photos/323542819/original.jpeg
Eois dibapha,1989856,,,,,1552,,,Eois,Geometridae,6,https://inaturalist-open-data.s3.amazonaws.com/photos/59299266/original.jpg
,1989863,,,,,#N/A,,,,,9,https://inaturalist-open-data.s3.amazonaws.com/photos/333637089/original.jpeg
Eois apyraria,1989894,,,,,1554,,,Eois,Geometridae,103,http://www.boldsystems.org/pics/MHMYR/11-SRNP-82087-DHJ560832+1343250826.jpg
,1990237,,,,,#N/A,,,,,4,https://inaturalist-open-data.s3.amazonaws.com/photos/104699372/original.jpeg
,1990271,,,,,#N/A,,,,,18,https://inaturalist-open-data.s3.amazonaws.com/photos/277638108/original.jpeg
Lobocleta ossularia,1990335,,,,,1557,,,Lobocleta,Geometridae,1000,https://inaturalist-open-data.s3.amazonaws.com/photos/164089274/original.jpeg
,1990592,,,,,#N/A,,,,,7,https://inaturalist-open-data.s3.amazonaws.com/photos/148543414/original.jpeg
Sphacelodes vulneraria,1990594,,,,,1559,,,Sphacelodes,Geometridae,593,https://bugguide.net/images/cache/JLN/LHZ/JLNLHZUL0Z3Z8RQHPRRH0RDZMRYZ0RPLKZOL5RTZFLBL0ZSH2RLHMZWL7R3ZKRNL3LFZLZWLHZPLQRFZ2RKHMRULXRNL.jpg
,1990610,,,,,#N/A,,,,,9,https://inaturalist-open-data.s3.amazonaws.com/photos/172578286/original.jpg
Leucula festiva,1990649,,,,,1561,,,Leucula,Geometridae,5,https://inaturalist-open-data.s3.amazonaws.com/photos/186793285/original.jpeg
,1990651,,,,,#N/A,,,,,15,https://inaturalist-open-data.s3.amazonaws.com/photos/19293039/original.jpeg
,1990652,,,,,#N/A,,,,,4,https://inaturalist-open-data.s3.amazonaws.com/photos/22336876/original.jpg
,1990669,,,,,#N/A,,,,,12,https://inaturalist-open-data.s3.amazonaws.com/photos/54340957/original.jpeg
,1990891,,,,,#N/A,,,,,10,https://inaturalist-open-data.s3.amazonaws.com/photos/126970182/original.jpeg
,1990903,,,,,#N/A,,,,,9,https://inaturalist-open-data.s3.amazonaws.com/photos/193356404/original.jpg
,1990904,,,,,#N/A,,,,,6,https://inaturalist-open-data.s3.amazonaws.com/photos/90412958/original.jpg
,1990969,,,,,#N/A,,,,,5,https://inaturalist-open-data.s3.amazonaws.com/photos/14693167/original.jpg
,1990971,,,,,#N/A,,,,,11,https://inaturalist-open-data.s3.amazonaws.com/photos/19589254/original.jpg
,1990975,,,,,#N/A,,,,,9,https://inaturalist-open-data.s3.amazonaws.com/photos/14448998/original.jpeg
Thyrinteina arnobia,1990998,,,,,1571,,,Thyrinteina,Geometridae,252,https://inaturalist-open-data.s3.amazonaws.com/photos/115649922/original.jpeg
Nematocampa reticulata,1991005,,,,,1572,,,Nematocampa,Geometridae,26,https://inaturalist-open-data.s3.amazonaws.com/photos/250637440/original.jpeg
,1991014,,,,,#N/A,,,,,19,https://inaturalist-open-data.s3.amazonaws.com/photos/105620483/original.jpeg
Nematocampa completa,1991016,,,,,1574,,,Nematocampa,Geometridae,24,https://inaturalist-open-data.s3.amazonaws.com/photos/74832000/original.jpeg
,1991021,,,,,#N/A,,,,,9,https://inaturalist-open-data.s3.amazonaws.com/photos/93819557/original.jpeg
,1991407,,,,,#N/A,,,,,28,https://inaturalist-open-data.s3.amazonaws.com/photos/304015475/original.jpg
,1991436,,,,,#N/A,,,,,5,https://inaturalist-open-data.s3.amazonaws.com/photos/66351819/original.jpg
,1991873,,,,,#N/A,,,,,9,https://inaturalist-open-data.s3.amazonaws.com/photos/31294637/original.jpeg
,1991874,,,,,#N/A,,,,,18,https://inaturalist-open-data.s3.amazonaws.com/photos/396400982/original.jpeg
Palyas pallicosta,1991878,,,,,1580,,,Palyas,Geometridae,5,https://inaturalist-open-data.s3.amazonaws.com/photos/121498485/original.jpg
,1992315,,,,,#N/A,,,,,208,https://inaturalist-open-data.s3.amazonaws.com/photos/380631995/original.jpeg
,1992571,,,,,#N/A,,,,,13,https://inaturalist-open-data.s3.amazonaws.com/photos/135621696/original.jpeg
,1992633,,,,,#N/A,,,,,6,http://www.boldsystems.org/pics/MHTYA/90-SRNP-1072-DHJ337934+1365544504.jpg
,1992659,,,,,#N/A,,,,,4,https://inaturalist-open-data.s3.amazonaws.com/photos/65899961/original.jpeg
Dysodia spissicornis,1992758,,,,,1585,,,Dysodia,Thyrididae,470,http://www.boldsystems.org/pics/MHMYL/10-SRNP-21171-DHJ534647+1345487082.jpg
,1992801,,,,,#N/A,,,,,5,https://inaturalist-open-data.s3.amazonaws.com/photos/160452278/original.jpeg
,1992811,,,,,#N/A,,,,,6,http://www.boldsystems.org/pics/LNAUW/CCDB-29469-B09+1515361860.JPG
,1993357,,,,,#N/A,,,,,6,https://inaturalist-open-data.s3.amazonaws.com/photos/115755294/original.jpeg
Microsca hedilalis,1993450,,,,,1589,,,Microsca,Thyrididae,8,https://inaturalist-open-data.s3.amazonaws.com/photos/172007428/original.jpg
,1993618,,,,,#N/A,,,,,12,https://inaturalist-open-data.s3.amazonaws.com/photos/74995704/original.jpg
,1993622,,,,,#N/A,,,,,7,https://inaturalist-open-data.s3.amazonaws.com/photos/126921991/original.jpeg
,4532352,,,,,#N/A,,,,,646,https://inaturalist-open-data.s3.amazonaws.com/photos/321205304/original.jpeg
,4534796,,,,,#N/A,,,,,580,https://inaturalist-open-data.s3.amazonaws.com/photos/35156790/original.jpeg
Morpheis pyracmon,5101371,,,,,1594,,,Morpheis,Cossidae,51,https://inaturalist-open-data.s3.amazonaws.com/photos/174063867/original.jpeg
Morpheis xylotribus,5101374,,,,,1595,,,Morpheis,Cossidae,37,https://inaturalist-open-data.s3.amazonaws.com/photos/104839167/original.jpeg
,5101527,,,,,#N/A,,,,,212,https://inaturalist-open-data.s3.amazonaws.com/photos/256933022/original.jpg
,5101818,,,,,#N/A,,,,,4,http://www.boldsystems.org/pics/MHAOA/02-SRNP-3541-DHJ319354+1141239862.jpg
Euglyphis submarginalis,5101829,,,,,1598,,,Euglyphis,Lasiocampidae,27,https://inaturalist-open-data.s3.amazonaws.com/photos/253111520/original.jpg
,5101839,,,,,#N/A,,,,,35,https://inaturalist-open-data.s3.amazonaws.com/photos/171866830/original.jpg
,5101844,,,,,#N/A,,,,,9,https://inaturalist-open-data.s3.amazonaws.com/photos/173074584/original.jpg
Euglyphis rundala,5101860,,,,,1601,,,Euglyphis,Lasiocampidae,14,https://inaturalist-open-data.s3.amazonaws.com/photos/66172302/original.jpeg
,5101884,,,,,#N/A,,,,,4,https://inaturalist-open-data.s3.amazonaws.com/photos/111194352/original.jpeg
,5101902,,,,,#N/A,,,,,4,https://inaturalist-open-data.s3.amazonaws.com/photos/54884298/original.jpeg
Euglyphis definita,5101933,,,,,1604,,,Euglyphis,Lasiocampidae,4,https://inaturalist-open-data.s3.amazonaws.com/photos/256557435/original.jpeg
,5101934,,,,,#N/A,,,,,6,https://inaturalist-open-data.s3.amazonaws.com/photos/360562273/original.jpg
,5101948,,,,,#N/A,,,,,4,https://inaturalist-open-data.s3.amazonaws.com/photos/33518478/original.jpeg
Euglyphis modesta,5101985,,,,,1607,,,Euglyphis,Lasiocampidae,12,https://inaturalist-open-data.s3.amazonaws.com/photos/65612362/original.jpeg
,5101996,,,,,#N/A,,,,,8,https://inaturalist-open-data.s3.amazonaws.com/photos/12728117/original.jpg
Euglyphis charax,5102002,,,,,1609,,,Euglyphis,Lasiocampidae,4,https://inaturalist-open-data.s3.amazonaws.com/photos/63092493/original.jpeg
,5102009,,,,,#N/A,,,,,23,https://inaturalist-open-data.s3.amazonaws.com/photos/224644080/original.png
,5102010,,,,,#N/A,,,,,15,https://inaturalist-open-data.s3.amazonaws.com/photos/72701289/original.jpg
,5102042,,,,,#N/A,,,,,11,https://inaturalist-open-data.s3.amazonaws.com/photos/119922566/original.jpeg
,5102050,,,,,#N/A,,,,,19,https://inaturalist-open-data.s3.amazonaws.com/photos/63589411/original.jpeg
,5102069,,,,,#N/A,,,,,19,https://inaturalist-open-data.s3.amazonaws.com/photos/219723395/original.jpeg
,5102073,,,,,#N/A,,,,,9,https://inaturalist-open-data.s3.amazonaws.com/photos/153596670/original.jpeg
,5102082,,,,,#N/A,,,,,4,https://inaturalist-open-data.s3.amazonaws.com/photos/379140156/original.jpeg
Euglyphis amathuria,5102093,,,,,1617,,,Euglyphis,Lasiocampidae,266,http://www.boldsystems.org/pics/MHMYP/11-SRNP-71153-DHJ553642+1343250538.jpg
,5102103,,,,,#N/A,,,,,4,https://inaturalist-open-data.s3.amazonaws.com/photos/234170651/original.jpeg
,5102106,,,,,#N/A,,,,,37,https://inaturalist-open-data.s3.amazonaws.com/photos/111292754/original.jpeg
,5102108,,,,,#N/A,,,,,5,http://live.staticflickr.com/5537/9662728896_5d9a316494_b.jpg
,5102111,,,,,#N/A,,,,,4,https://inaturalist-open-data.s3.amazonaws.com/photos/103863062/original.jpeg
,5102134,,,,,#N/A,,,,,12,https://inaturalist-open-data.s3.amazonaws.com/photos/330511441/original.jpeg
,5102152,,,,,#N/A,,,,,6,https://inaturalist-open-data.s3.amazonaws.com/photos/276064138/original.jpeg
Euglyphis thyatira,5102166,,,,,1624,,,Euglyphis,Lasiocampidae,18,https://inaturalist-open-data.s3.amazonaws.com/photos/288016473/original.jpeg
,5102169,,,,,#N/A,,,,,6,http://www.boldsystems.org/pics/MHAOA/99-SRNP-12475-DHJ319420+1141240300.jpg
,5102171,,,,,#N/A,,,,,10,http://www.boldsystems.org/pics/BLPAA/19-SRNP-101864-DHJ711023+1683644042.JPG
,5102203,,,,,#N/A,,,,,12,https://inaturalist-open-data.s3.amazonaws.com/photos/27635467/original.jpeg
,5102351,,,,,#N/A,,,,,16,https://inaturalist-open-data.s3.amazonaws.com/photos/20566605/original.jpg
,5102377,,,,,#N/A,,,,,7,https://inaturalist-open-data.s3.amazonaws.com/photos/111340269/original.jpeg
,5105187,,,,,#N/A,,,,,12,https://inaturalist-open-data.s3.amazonaws.com/photos/187532507/original.jpg
Podalia thanatos,5105193,,,,,1631,,,Podalia,Megalopygidae,32,https://inaturalist-open-data.s3.amazonaws.com/photos/13839422/original.jpeg
Podalia bolivari,5105197,,,,,1632,,,Podalia,Megalopygidae,9,https://inaturalist-open-data.s3.amazonaws.com/photos/169403790/original.jpeg
,5105205,,,,,#N/A,,,,,29,https://inaturalist-open-data.s3.amazonaws.com/photos/343919235/original.jpeg
,5105217,,,,,#N/A,,,,,249,https://inaturalist-open-data.s3.amazonaws.com/photos/60343517/original.jpg
,5105218,,,,,#N/A,,,,,98,https://inaturalist-open-data.s3.amazonaws.com/photos/79241720/original.jpeg
,5105220,,,,,#N/A,,,,,27,https://inaturalist-open-data.s3.amazonaws.com/photos/356720243/original.jpeg
,5105227,,,,,#N/A,,,,,31,https://inaturalist-open-data.s3.amazonaws.com/photos/261910885/original.jpg
,5105229,,,,,#N/A,,,,,26,https://inaturalist-open-data.s3.amazonaws.com/photos/104865066/original.jpeg
,5105293,,,,,#N/A,,,,,12,https://inaturalist-open-data.s3.amazonaws.com/photos/30182866/original.jpeg
,5105306,,,,,#N/A,,,,,4,https://inaturalist-open-data.s3.amazonaws.com/photos/164844803/original.jpeg
,5105362,,,,,#N/A,,,,,5,https://inaturalist-open-data.s3.amazonaws.com/photos/161058683/original.jpg
Euclea norba,5105367,,,,,1642,,,Euclea,Limacodidae,104,https://inaturalist-open-data.s3.amazonaws.com/photos/126797066/original.jpeg
,5105368,,,,,#N/A,,,,,10,https://inaturalist-open-data.s3.amazonaws.com/photos/119129687/original.jpeg
Euclea plugma,5105379,,,,,1644,,,Euclea,Limacodidae,80,https://inaturalist-open-data.s3.amazonaws.com/photos/213936108/original.jpeg
Euclea buscki,5105380,,,,,1645,,,Euclea,Limacodidae,63,https://inaturalist-open-data.s3.amazonaws.com/photos/72431994/original.jpeg
Euclea distrahens,5105408,,,,,1646,,,Euclea,Limacodidae,18,https://inaturalist-open-data.s3.amazonaws.com/photos/264260855/original.jpg
,5105421,,,,,#N/A,,,,,7,https://inaturalist-open-data.s3.amazonaws.com/photos/116499422/original.jpg
,5105447,,,,,#N/A,,,,,153,https://inaturalist-open-data.s3.amazonaws.com/photos/128971386/original.jpeg
,5105491,,,,,#N/A,,,,,106,https://inaturalist-open-data.s3.amazonaws.com/photos/279234731/original.jpeg
,5105498,,,,,#N/A,,,,,21,https://inaturalist-open-data.s3.amazonaws.com/photos/175460822/original.jpeg
,5105499,,,,,#N/A,,,,,23,https://inaturalist-open-data.s3.amazonaws.com/photos/179102555/original.jpg
,5105518,,,,,#N/A,,,,,37,https://inaturalist-open-data.s3.amazonaws.com/photos/173284594/original.jpg
,5105554,,,,,#N/A,,,,,19,https://inaturalist-open-data.s3.amazonaws.com/photos/72994518/original.jpeg
,5105574,,,,,#N/A,,,,,17,https://inaturalist-open-data.s3.amazonaws.com/photos/148877638/original.jpg
,5108665,,,,,#N/A,,,,,622,https://inaturalist-open-data.s3.amazonaws.com/photos/359847242/original.jpg
,5108755,,,,,#N/A,,,,,6,https://ecdysis.org/imglib/scan/MISSA_MEM/MEM456/456196_1654291866_lg.jpg
,5108951,,,,,#N/A,,,,,516,https://inaturalist-open-data.s3.amazonaws.com/photos/389403079/original.jpg
,5108983,,,,,#N/A,,,,,18,https://inaturalist-open-data.s3.amazonaws.com/photos/73160128/original.jpg
,5109585,,,,,#N/A,,,,,5,https://inaturalist-open-data.s3.amazonaws.com/photos/61776217/original.jpg
,5109841,,,,,#N/A,,,,,46,https://inaturalist-open-data.s3.amazonaws.com/photos/103463945/original.jpeg
,5109850,,,,,#N/A,,,,,444,https://inaturalist-open-data.s3.amazonaws.com/photos/176808140/original.jpeg
Spodoptera dolichos,5109881,,,,,1662,,,Spodoptera,Noctuidae,777,https://inaturalist-open-data.s3.amazonaws.com/photos/51701395/original.jpeg
Spodoptera androgea,5109923,,,,,1663,,,Spodoptera,Noctuidae,94,https://inaturalist-open-data.s3.amazonaws.com/photos/309154627/original.jpg
Spodoptera latifascia,5109954,,,,,1664,,,Spodoptera,Noctuidae,363,https://inaturalist-open-data.s3.amazonaws.com/photos/21496921/original.jpeg
,5110044,,,,,#N/A,,,,,78,https://inaturalist-open-data.s3.amazonaws.com/photos/20409549/original.jpg
,5110046,,,,,#N/A,,,,,9,https://inaturalist-open-data.s3.amazonaws.com/photos/235576142/original.jpeg
Closteromorpha reniplaga,5110069,,,,,1667,,,Closteromorpha,Noctuidae,10,https://inaturalist-open-data.s3.amazonaws.com/photos/186288084/original.jpeg
,5110100,,,,,#N/A,,,,,4,https://inaturalist-open-data.s3.amazonaws.com/photos/205050553/original.jpg
,5110109,,,,,#N/A,,,,,5,https://inaturalist-open-data.s3.amazonaws.com/photos/198479635/original.jpg
,5110248,,,,,#N/A,,,,,6,https://inaturalist-open-data.s3.amazonaws.com/photos/62882413/original.jpg
,5110251,,,,,#N/A,,,,,36,https://inaturalist-open-data.s3.amazonaws.com/photos/110691280/original.jpeg
,5110326,,,,,#N/A,,,,,649,https://inaturalist-open-data.s3.amazonaws.com/photos/327725481/original.jpg
,5110327,,,,,#N/A,,,,,660,https://inaturalist-open-data.s3.amazonaws.com/photos/64964085/original.jpeg
Sosxetra grata,5110390,,,,,1674,,,Sosxetra,Erebidae,488,https://inaturalist-open-data.s3.amazonaws.com/photos/260484613/original.jpg
Ceroctena amynta,5110533,,,,,1675,,,Ceroctena,Erebidae,378,https://inaturalist-open-data.s3.amazonaws.com/photos/31264519/original.jpeg
,5110891,,,,,#N/A,,,,,54,https://inaturalist-open-data.s3.amazonaws.com/photos/58384250/original.jpeg
,5111111,,,,,#N/A,,,,,27,https://id.digitarium.fi/api/F.128455/Preview001.jpg
,5111141,,,,,#N/A,,,,,694,https://inaturalist-open-data.s3.amazonaws.com/photos/207329971/original.jpeg
,5111505,,,,,#N/A,,,,,4,http://www.boldsystems.org/pics/LNAUT/CCDB-23270-C08+1413296848.JPG
,5111546,,,,,#N/A,,,,,60,http://www.boldsystems.org/pics/BLPAA/19-SRNP-100540-DHJ709699+1683641838.JPG
,5112125,,,,,#N/A,,,,,28,https://inaturalist-open-data.s3.amazonaws.com/photos/129947257/original.jpg
,5112414,,,,,#N/A,,,,,475,https://inaturalist-open-data.s3.amazonaws.com/photos/5596598/original.jpg
,5112528,,,,,#N/A,,,,,8,https://inaturalist-open-data.s3.amazonaws.com/photos/312746324/original.jpeg
Ophisma tropicalis,5112542,,,,,1684,,,Ophisma,Erebidae,181,https://inaturalist-open-data.s3.amazonaws.com/photos/91196541/original.jpg
,5112626,,,,,#N/A,,,,,43,https://inaturalist-open-data.s3.amazonaws.com/photos/369408495/original.jpeg
,5112782,,,,,#N/A,,,,,6,https://inaturalist-open-data.s3.amazonaws.com/photos/112773707/original.jpeg
Oxidercia thaumantis,5112814,,,,,1687,,,Oxidercia,Erebidae,292,http://www.boldsystems.org/pics/MHAUA/01-SRNP-194-DHJ57021+1365105510.jpg
Oxidercia toxea,5112825,,,,,1688,,,Oxidercia,Erebidae,13,https://inaturalist-open-data.s3.amazonaws.com/photos/302605117/original.jpeg
,5112843,,,,,#N/A,,,,,40,https://inaturalist-open-data.s3.amazonaws.com/photos/174776564/original.jpeg
,5112936,,,,,#N/A,,,,,15,http://mediaphoto.mnhn.fr/media/1400499320846zzut65gXt9CqVLX5
,5112945,,,,,#N/A,,,,,26,http://mediaphoto.mnhn.fr/media/1400499316059cJEpqB0rmVnmBpPv
,5112994,,,,,#N/A,,,,,17,https://inaturalist-open-data.s3.amazonaws.com/photos/216081422/original.jpeg
,5113365,,,,,#N/A,,,,,454,https://inaturalist-open-data.s3.amazonaws.com/photos/154376813/original.jpg
,5113858,,,,,#N/A,,,,,39,http://www.boldsystems.org/pics/LNAUS/CCDB-20816-E06+1381248140.JPG
,5113863,,,,,#N/A,,,,,5,https://inaturalist-open-data.s3.amazonaws.com/photos/350656687/original.jpeg
,5113949,,,,,#N/A,,,,,4,https://inaturalist-open-data.s3.amazonaws.com/photos/113032293/original.jpeg
Glaucostola guttipalpis,5114740,,,,,1697,,,Glaucostola,Erebidae,157,http://www.boldsystems.org/pics/BLPEE/13-SRNP-103225-DHJ675946+1407854376.JPG
,5114878,,,,,#N/A,,,,,13,https://inaturalist-open-data.s3.amazonaws.com/photos/12817032/original.jpg
,5114901,,,,,#N/A,,,,,5,https://inaturalist-open-data.s3.amazonaws.com/photos/95056920/original.jpeg
,5114902,,,,,#N/A,,,,,23,https://inaturalist-open-data.s3.amazonaws.com/photos/179480154/original.jpg
,5114961,,,,,#N/A,,,,,4,https://inaturalist-open-data.s3.amazonaws.com/photos/245896905/original.jpeg
Aclytia punctata,5115045,,,,,1702,,,Aclytia,Erebidae,15,https://inaturalist-open-data.s3.amazonaws.com/photos/164673664/original.jpeg
Aclytia heber,5115046,,,,,1703,,,Aclytia,Erebidae,81,https://inaturalist-open-data.s3.amazonaws.com/photos/273596108/original.jpeg
Aclytia ventralis,5115051,,,,,1704,,,Aclytia,Erebidae,14,https://inaturalist-open-data.s3.amazonaws.com/photos/89535455/original.jpg
Aclytia albistriga,5115065,,,,,1705,,,Aclytia,Erebidae,5,https://inaturalist-open-data.s3.amazonaws.com/photos/6192826/original.jpeg
,5115077,,,,,#N/A,,,,,9,https://inaturalist-open-data.s3.amazonaws.com/photos/29060692/original.jpg
Aethria haemorrhoidalis,5115111,,,,,1707,,,Aethria,Erebidae,20,https://inaturalist-open-data.s3.amazonaws.com/photos/253782738/original.jpeg
,5115436,,,,,#N/A,,,,,15,https://inaturalist-open-data.s3.amazonaws.com/photos/346636771/original.jpeg
Loxophlebia flavipicta,5115445,,,,,1709,,,Loxophlebia,Erebidae,9,https://inaturalist-open-data.s3.amazonaws.com/photos/51847840/original.jpg
Loxophlebia imitata,5115465,,,,,1710,,,Loxophlebia,Erebidae,24,https://inaturalist-open-data.s3.amazonaws.com/photos/200174284/original.jpg
,5115484,,,,,#N/A,,,,,4,https://ecdysis.org/imglib/scan/CSU_CSUC/CSU_ENT1018/CSU_ENT1018599_1_35547_1494341549_lg.jpg
,5115485,,,,,#N/A,,,,,9,https://inaturalist-open-data.s3.amazonaws.com/photos/58984229/original.jpg
,5115488,,,,,#N/A,,,,,38,http://www.boldsystems.org/pics/MHARA/06-SRNP-152-DHJ409401+1365550100.jpg
,5115495,,,,,#N/A,,,,,5,https://inaturalist-open-data.s3.amazonaws.com/photos/150357504/original.jpg
,5115498,,,,,#N/A,,,,,19,https://inaturalist-open-data.s3.amazonaws.com/photos/238608209/original.jpg
,5115500,,,,,#N/A,,,,,229,https://inaturalist-open-data.s3.amazonaws.com/photos/47089567/original.jpeg
,5115503,,,,,#N/A,,,,,6,https://inaturalist-open-data.s3.amazonaws.com/photos/325275143/original.jpeg
,5115533,,,,,#N/A,,,,,8,http://www.boldsystems.org/pics/ASARC/INB0003154536-BAES002665+1315856928.jpg
,5115640,,,,,#N/A,,,,,5,https://ecdysis.org/imglib/scan/MISSA_MEM/MEM334/MEM334881_Epidesma_ursula_VCV_1537555177_lg.jpg
Cosmosoma auge,5116145,,,,,1720,,,Cosmosoma,Erebidae,321,https://inaturalist-open-data.s3.amazonaws.com/photos/120564768/original.jpg
,5116151,,,,,#N/A,,,,,5,https://inaturalist-open-data.s3.amazonaws.com/photos/24291708/original.jpeg
,5116153,,,,,#N/A,,,,,30,https://inaturalist-open-data.s3.amazonaws.com/photos/339146164/original.jpeg
,5116154,,,,,#N/A,,,,,20,https://inaturalist-open-data.s3.amazonaws.com/photos/126774126/original.jpg
Cosmosoma zurcheri,5116155,,,,,1724,,,Cosmosoma,Erebidae,13,https://inaturalist-open-data.s3.amazonaws.com/photos/176076/original.JPG
Cosmosoma teuthras,5116161,,,,,1725,,,Cosmosoma,Erebidae,10,https://archive.org/download/faunaBiogrepalma/Mariposas%20%2838%29.PNG
,5116166,,,,,#N/A,,,,,4,https://inaturalist-open-data.s3.amazonaws.com/photos/174258490/original.jpg
Cosmosoma metallescens,5116169,,,,,1727,,,Cosmosoma,Erebidae,18,https://inaturalist-open-data.s3.amazonaws.com/photos/115435060/original.jpeg
,5116173,,,,,#N/A,,,,,14,https://inaturalist-open-data.s3.amazonaws.com/photos/288378431/original.jpg
,5116195,,,,,#N/A,,,,,30,https://inaturalist-open-data.s3.amazonaws.com/photos/143653709/original.jpg
Cosmosoma xanthosticta,5116198,,,,,1730,,,Cosmosoma,Erebidae,46,https://inaturalist-open-data.s3.amazonaws.com/photos/256308038/original.jpeg
Cosmosoma stibosticta,5116208,,,,,1731,,,Cosmosoma,Erebidae,103,http://www.boldsystems.org/pics/BLARA/08-SRNP-100423_DHJ624487+1213904534.jpg
Cosmosoma batesii,5116215,,,,,1732,,,Cosmosoma,Erebidae,7,https://inaturalist-open-data.s3.amazonaws.com/photos/304022675/original.jpeg
,5116252,,,,,#N/A,,,,,86,https://inaturalist-open-data.s3.amazonaws.com/photos/198002939/original.jpeg
,5116269,,,,,#N/A,,,,,9,https://ecdysis.org/imglib/scan/MISSA_MEM/MEM333/MEM333896_Cosmosoma_semifulva__1536863058_lg.jpg
,5116274,,,,,#N/A,,,,,34,https://inaturalist-open-data.s3.amazonaws.com/photos/243998692/original.jpg
,5116277,,,,,#N/A,,,,,8,https://ecdysis.org/imglib/scan/MISSA_MEM/MEM331/MEM331620_Cosmosoma_advena_CEC_1536862459_lg.jpg
,5116281,,,,,#N/A,,,,,15,https://inaturalist-open-data.s3.amazonaws.com/photos/121429676/original.jpeg
,5116293,,,,,#N/A,,,,,638,https://inaturalist-open-data.s3.amazonaws.com/photos/305143857/original.jpg
Cosmosoma hercyna,5116298,,,,,1739,,,Cosmosoma,Erebidae,186,http://www.boldsystems.org/pics/MHARC/07-SRNP-20419-DHJ368181+1190646064.jpg
Cosmosoma remota,5116299,,,,,1740,,,Cosmosoma,Erebidae,6,https://inaturalist-open-data.s3.amazonaws.com/photos/302598975/original.jpeg
Cosmosoma galatea,5116312,,,,,1741,,,Cosmosoma,Erebidae,6,https://inaturalist-open-data.s3.amazonaws.com/photos/64726972/original.jpeg
,5116321,,,,,#N/A,,,,,13,https://inaturalist-open-data.s3.amazonaws.com/photos/334966069/original.jpg
,5116322,,,,,#N/A,,,,,36,https://inaturalist-open-data.s3.amazonaws.com/photos/355009720/original.jpeg
,5116368,,,,,#N/A,,,,,8,https://inaturalist-open-data.s3.amazonaws.com/photos/110902040/original.jpeg
,5116374,,,,,#N/A,,,,,15,https://inaturalist-open-data.s3.amazonaws.com/photos/362444172/original.jpeg
,5116380,,,,,#N/A,,,,,9,https://inaturalist-open-data.s3.amazonaws.com/photos/336925840/original.jpeg
Evius hippia,5116388,,,,,1747,,,Evius,Erebidae,12,https://inaturalist-open-data.s3.amazonaws.com/photos/60012483/original.jpg
,5116389,,,,,#N/A,,,,,6,https://inaturalist-open-data.s3.amazonaws.com/photos/306581635/original.jpeg
,5116423,,,,,#N/A,,,,,49,https://inaturalist-open-data.s3.amazonaws.com/photos/121820229/original.jpeg
Robinsonia deiopea,5116435,,,,,1750,,,Robinsonia,Erebidae,6,https://inaturalist-open-data.s3.amazonaws.com/photos/95491926/original.jpeg
,5116449,,,,,#N/A,,,,,8,https://inaturalist-open-data.s3.amazonaws.com/photos/72265271/original.jpeg
Robinsonia sanea,5116452,,,,,1752,,,Robinsonia,Erebidae,9,https://inaturalist-open-data.s3.amazonaws.com/photos/121880742/original.jpeg
,5116545,,,,,#N/A,,,,,14,https://inaturalist-open-data.s3.amazonaws.com/photos/275163079/original.jpeg
,5116597,,,,,#N/A,,,,,16,https://inaturalist-open-data.s3.amazonaws.com/photos/8789831/original.jpg
Pompiliodes aliena,5116599,,,,,1755,,,Pompiliodes,Erebidae,11,https://inaturalist-open-data.s3.amazonaws.com/photos/108106539/original.jpeg
,5117133,,,,,#N/A,,,,,32,https://inaturalist-open-data.s3.amazonaws.com/photos/368686140/original.jpeg
,5117140,,,,,#N/A,,,,,13,https://inaturalist-open-data.s3.amazonaws.com/photos/90676575/original.jpeg
,5117244,,,,,#N/A,,,,,16,https://inaturalist-open-data.s3.amazonaws.com/photos/265874053/original.jpeg
,5117245,,,,,#N/A,,,,,63,https://inaturalist-open-data.s3.amazonaws.com/photos/312904365/original.jpeg
,5117253,,,,,#N/A,,,,,4,https://mediaphoto.mnhn.fr/media/1583496299480BDmSZSp8ylZviKRU
,5117262,,,,,#N/A,,,,,33,https://inaturalist-open-data.s3.amazonaws.com/photos/107135243/original.jpg
,5117280,,,,,#N/A,,,,,4,https://inaturalist-open-data.s3.amazonaws.com/photos/65175178/original.jpg
,5117311,,,,,#N/A,,,,,7,https://inaturalist-open-data.s3.amazonaws.com/photos/7174046/original.jpeg
,5117347,,,,,#N/A,,,,,92,https://inaturalist-open-data.s3.amazonaws.com/photos/12880651/original.jpg
,5117348,,,,,#N/A,,,,,137,https://inaturalist-open-data.s3.amazonaws.com/photos/178755899/original.jpeg
,5117413,,,,,#N/A,,,,,50,https://inaturalist-open-data.s3.amazonaws.com/photos/58789472/original.jpeg
,5117414,,,,,#N/A,,,,,177,https://inaturalist-open-data.s3.amazonaws.com/photos/340187147/original.jpeg
,5117422,,,,,#N/A,,,,,33,https://inaturalist-open-data.s3.amazonaws.com/photos/111750614/original.jpeg
,5117430,,,,,#N/A,,,,,403,https://inaturalist-open-data.s3.amazonaws.com/photos/203751439/original.jpeg
,5117466,,,,,#N/A,,,,,4,https://inaturalist-open-data.s3.amazonaws.com/photos/14016533/original.jpeg
,5117496,,,,,#N/A,,,,,10,https://inaturalist-open-data.s3.amazonaws.com/photos/348685941/original.jpg
,5117497,,,,,#N/A,,,,,7,https://inaturalist-open-data.s3.amazonaws.com/photos/14822869/original.jpeg
,5117503,,,,,#N/A,,,,,48,https://inaturalist-open-data.s3.amazonaws.com/photos/307592084/original.jpeg
,5117506,,,,,#N/A,,,,,6,https://inaturalist-open-data.s3.amazonaws.com/photos/24642574/original.jpeg
,5117529,,,,,#N/A,,,,,9,https://inaturalist-open-data.s3.amazonaws.com/photos/96315100/original.jpg
Dysschema jansonis,5117533,,,,,1776,,,Dysschema,Erebidae,141,https://inaturalist-open-data.s3.amazonaws.com/photos/95060212/original.jpeg
,5117551,,,,,#N/A,,,,,18,https://inaturalist-open-data.s3.amazonaws.com/photos/111750523/original.jpeg
,5117608,,,,,#N/A,,,,,10,https://inaturalist-open-data.s3.amazonaws.com/photos/135848665/original.jpg
,5117609,,,,,#N/A,,,,,7,https://inaturalist-open-data.s3.amazonaws.com/photos/191230064/original.jpeg
,5117618,,,,,#N/A,,,,,5,https://inaturalist-open-data.s3.amazonaws.com/photos/59378457/original.jpg
,5117629,,,,,#N/A,,,,,14,https://inaturalist-open-data.s3.amazonaws.com/photos/142590917/original.jpeg
,5117646,,,,,#N/A,,,,,33,https://inaturalist-open-data.s3.amazonaws.com/photos/162057486/original.jpeg
Homoeocera stictosoma,5117678,,,,,1783,,,Homoeocera,Erebidae,9,https://inaturalist-open-data.s3.amazonaws.com/photos/11215400/original.jpg
,5117680,,,,,#N/A,,,,,15,https://inaturalist-open-data.s3.amazonaws.com/photos/26023155/original.jpg
,5117685,,,,,#N/A,,,,,286,https://inaturalist-open-data.s3.amazonaws.com/photos/35079408/original.jpg
Dinia mena,5117687,,,,,1786,,,Dinia,Erebidae,163,https://inaturalist-open-data.s3.amazonaws.com/photos/260235399/original.jpeg
Agylla nivea,5117937,,,,,1787,,,Agylla,Erebidae,8,https://inaturalist-open-data.s3.amazonaws.com/photos/2982711/original.jpg
Agylla separata,5117941,,,,,1788,,,Agylla,Erebidae,24,https://inaturalist-open-data.s3.amazonaws.com/photos/137522099/original.jpeg
,5117951,,,,,#N/A,,,,,17,https://inaturalist-open-data.s3.amazonaws.com/photos/261857489/original.jpg
,5117972,,,,,#N/A,,,,,11,https://inaturalist-open-data.s3.amazonaws.com/photos/205903618/original.jpg
,5118042,,,,,#N/A,,,,,6,https://inaturalist-open-data.s3.amazonaws.com/photos/79776773/original.jpeg
,5118449,,,,,#N/A,,,,,21,https://inaturalist-open-data.s3.amazonaws.com/photos/280446191/original.jpg
,5118587,,,,,#N/A,,,,,10,https://inaturalist-open-data.s3.amazonaws.com/photos/207340506/original.jpeg
,5118590,,,,,#N/A,,,,,4,https://inaturalist-open-data.s3.amazonaws.com/photos/12508370/original.jpg
Hemiceras soso,5118591,,,,,1795,,,Hemiceras,Notodontidae,154,http://www.boldsystems.org/pics/MHANA/03-SRNP-18188-DHJ300400+1145647446.jpg
Hemiceras flava,5118596,,,,,1796,,,Hemiceras,Notodontidae,60,http://www.boldsystems.org/pics/BLPAC/06-SRNP-102154_DHJ502154+1152735570.jpg
Hemiceras zula,5118641,,,,,1797,,,Hemiceras,Notodontidae,281,http://www.boldsystems.org/pics/MHANC/03-srnp-16344-dhj313445+1140664354.jpg
Hemiceras clarki,5118652,,,,,1798,,,Hemiceras,Notodontidae,100,http://www.boldsystems.org/pics/BLPDU/10-SRNP-110610_DHJ655485+1309874698.jpg
,5118656,,,,,#N/A,,,,,6,https://inaturalist-open-data.s3.amazonaws.com/photos/43667193/original.jpeg
Hemiceras vinicosta,5118689,,,,,1800,,,Hemiceras,Notodontidae,7,https://inaturalist-open-data.s3.amazonaws.com/photos/42992135/original.jpg
Hemiceras indistans,5118695,,,,,1801,,,Hemiceras,Notodontidae,104,http://www.boldsystems.org/pics/BLPEF/14-SRNP-104222-DHJ681239+1429633712.JPG
Hemiceras vecina,5118706,,,,,1802,,,Hemiceras,Notodontidae,183,http://www.boldsystems.org/pics/MHANI/07-SRNP-24425-DHJ386950+1365546328.jpg
Hemiceras losa,5118711,,,,,1803,,,Hemiceras,Notodontidae,53,http://www.boldsystems.org/pics/BLPBE/07-SRNP-101712_DHJ611676+1177447372.jpg
,5118721,,,,,#N/A,,,,,12,https://inaturalist-open-data.s3.amazonaws.com/photos/349231243/original.jpeg
,5118740,,,,,#N/A,,,,,15,http://www.boldsystems.org/pics/BLPAA/19-SRNP-104174-DHJ713333+1683647066.JPG
Hemiceras nigrescens,5118750,,,,,1806,,,Hemiceras,Notodontidae,171,http://www.boldsystems.org/pics/MHANJ/97-SRNP-6300-DHJ371765+1213051670.jpg
,5118760,,,,,#N/A,,,,,10,http://www.boldsystems.org/pics/MHANI/06-SRNP-55404-DHJ334526+1365544072.jpg
,5118772,,,,,#N/A,,,,,6,https://inaturalist-open-data.s3.amazonaws.com/photos/308554810/original.jpeg
,5118791,,,,,#N/A,,,,,6,https://inaturalist-open-data.s3.amazonaws.com/photos/1941198/original.JPG
,5118794,,,,,#N/A,,,,,5,https://inaturalist-open-data.s3.amazonaws.com/photos/178132537/original.jpeg
,5118795,,,,,#N/A,,,,,4,https://inaturalist-open-data.s3.amazonaws.com/photos/330027715/original.jpeg
Colax apulus,5119260,,,,,1812,,,Colax,Notodontidae,13,https://inaturalist-open-data.s3.amazonaws.com/photos/279463408/original.jpeg
,5119316,,,,,#N/A,,,,,35,https://inaturalist-open-data.s3.amazonaws.com/photos/277163107/original.jpeg
,5119319,,,,,#N/A,,,,,12,https://inaturalist-open-data.s3.amazonaws.com/photos/400098603/original.jpeg
,5119960,,,,,#N/A,,,,,7,https://inaturalist-open-data.s3.amazonaws.com/photos/314851742/original.jpeg
,5121850,,,,,#N/A,,,,,247,https://inaturalist-open-data.s3.amazonaws.com/photos/223355401/original.jpg
,5122556,,,,,#N/A,,,,,707,https://inaturalist-open-data.s3.amazonaws.com/photos/334867009/original.jpeg
Acrolophus panamae,5122683,,,,,1818,,,Acrolophus,Tineidae,905,https://inaturalist-open-data.s3.amazonaws.com/photos/150539269/original.jpg
Rhobonda gaurisana,5123333,,,,,1819,,,Rhobonda,Choreutidae,11,https://inaturalist-open-data.s3.amazonaws.com/photos/208543550/original.jpg
,5123542,,,,,#N/A,,,,,115,https://inaturalist-open-data.s3.amazonaws.com/photos/10465851/original.jpg
,5123615,,,,,#N/A,,,,,92,https://inaturalist-open-data.s3.amazonaws.com/photos/63884001/original.jpg
Agrius cingulata,5123636,,,,,1822,,,Agrius,Sphingidae,1000,https://inaturalist-open-data.s3.amazonaws.com/photos/230482304/original.jpg
,5123701,,,,,#N/A,,,,,103,https://inaturalist-open-data.s3.amazonaws.com/photos/175807108/original.jpeg
Oryba achemenides,5123704,,,,,1824,,,Oryba,Sphingidae,55,https://inaturalist-open-data.s3.amazonaws.com/photos/49377956/original.jpg
,5123784,,,,,#N/A,,,,,49,https://inaturalist-open-data.s3.amazonaws.com/photos/336405172/original.jpeg
,5123790,,,,,#N/A,,,,,87,https://inaturalist-open-data.s3.amazonaws.com/photos/135946079/original.jpeg
,5123801,,,,,#N/A,,,,,47,https://inaturalist-open-data.s3.amazonaws.com/photos/344378697/original.jpeg
Eumorpha satellitia,5123954,,,,,1828,,,Eumorpha,Sphingidae,495,https://inaturalist-open-data.s3.amazonaws.com/photos/90987980/original.jpeg
Eumorpha anchemolus,5123956,,,,,1829,,,Eumorpha,Sphingidae,231,https://inaturalist-open-data.s3.amazonaws.com/photos/209107874/original.jpg
,5123961,,,,,#N/A,,,,,114,https://inaturalist-open-data.s3.amazonaws.com/photos/392910604/original.jpg
,5123971,,,,,#N/A,,,,,523,https://inaturalist-open-data.s3.amazonaws.com/photos/149142311/original.jpeg
,5123974,,,,,#N/A,,,,,27,https://inaturalist-open-data.s3.amazonaws.com/photos/354291310/original.jpg
Eumorpha vitis,5123979,,,,,1833,,,Eumorpha,Sphingidae,1000,https://inaturalist-open-data.s3.amazonaws.com/photos/162164728/original.jpg
,5123983,,,,,#N/A,,,,,407,https://inaturalist-open-data.s3.amazonaws.com/photos/202613018/original.jpeg
,5123991,,,,,#N/A,,,,,59,http://www.boldsystems.org/pics/BLPAA/16-SRNP-1572-DHJ930832+1551984868.jpg
,5123996,,,,,#N/A,,,,,85,https://inaturalist-open-data.s3.amazonaws.com/photos/363914615/original.jpeg
Enyo gorgon,5124249,,,,,1837,,,Enyo,Sphingidae,230,https://inaturalist-open-data.s3.amazonaws.com/photos/128789070/original.jpeg
Enyo lugubris,5124250,,,,,1838,,,Enyo,Sphingidae,1000,https://inaturalist-open-data.s3.amazonaws.com/photos/98019342/original.jpeg
,5124256,,,,,#N/A,,,,,11,https://inaturalist-open-data.s3.amazonaws.com/photos/362422589/original.jpeg
,5124261,,,,,#N/A,,,,,38,https://inaturalist-open-data.s3.amazonaws.com/photos/303219432/original.jpeg
Enyo ocypete,5124268,,,,,1841,,,Enyo,Sphingidae,406,http://www.boldsystems.org/pics/MHACG/01-SRNP-1927-DHJ95978.jpg
,5124442,,,,,#N/A,,,,,400,https://inaturalist-open-data.s3.amazonaws.com/photos/204748490/original.jpeg
Aellopos fadus,5124443,,,,,1843,,,Aellopos,Sphingidae,120,https://inaturalist-open-data.s3.amazonaws.com/photos/272587015/original.jpeg
Aellopos titan,5124450,,,,,1844,,,Aellopos,Sphingidae,407,https://inaturalist-open-data.s3.amazonaws.com/photos/222064508/original.jpeg
,5124452,,,,,#N/A,,,,,115,https://inaturalist-open-data.s3.amazonaws.com/photos/79529778/original.jpeg
Rothschildia lebeau,5124557,,,,,1846,,,Rothschildia,Saturniidae,368,https://inaturalist-open-data.s3.amazonaws.com/photos/195422366/original.jpg
,5124564,,,,,#N/A,,,,,10,https://inaturalist-open-data.s3.amazonaws.com/photos/32581128/original.jpg
,5124568,,,,,#N/A,,,,,14,http://www.boldsystems.org/pics/JSCR/02-SRNP-2624-DHJ91781.jpg
,5124575,,,,,#N/A,,,,,36,https://inaturalist-open-data.s3.amazonaws.com/photos/93520888/original.jpeg
,5124589,,,,,#N/A,,,,,103,https://inaturalist-open-data.s3.amazonaws.com/photos/160165772/original.jpeg
Rothschildia erycina,5124595,,,,,1851,,,Rothschildia,Saturniidae,134,https://observation.org/photos/25122097.jpg
,5124598,,,,,#N/A,,,,,81,https://inaturalist-open-data.s3.amazonaws.com/photos/67258601/original.jpeg
Titaea tamerlan,5124873,,,,,1853,,,Titaea,Saturniidae,109,https://inaturalist-open-data.s3.amazonaws.com/photos/105331855/original.jpeg
,5125115,,,,,#N/A,,,,,14,https://inaturalist-open-data.s3.amazonaws.com/photos/6247238/original.jpeg
Epia muscosa,5125118,,,,,1855,,,Epia,Bombycidae,119,https://inaturalist-open-data.s3.amazonaws.com/photos/176474949/original.jpeg
Zanola verago,5125141,,,,,1856,,,Zanola,Apatelodidae,22,https://inaturalist-open-data.s3.amazonaws.com/photos/101783532/original.jpeg
Semnia auritalis,5125525,,,,,1857,,,Semnia,Pyralidae,91,https://inaturalist-open-data.s3.amazonaws.com/photos/108742275/original.jpg
,5125526,,,,,#N/A,,,,,6,https://inaturalist-open-data.s3.amazonaws.com/photos/100817412/original.jpeg
,5125540,,,,,#N/A,,,,,15,https://ecdysis.org/imglib/scan/misc/202203/SDNHM236445.JPG
,5125911,,,,,#N/A,,,,,7,https://inaturalist-open-data.s3.amazonaws.com/photos/384572938/original.jpg
,5125916,,,,,#N/A,,,,,114,https://inaturalist-open-data.s3.amazonaws.com/photos/262164187/original.jpeg
Carthara albicosta,5125932,,,,,1862,,,Carthara,Pyralidae,135,http://www.boldsystems.org/pics/MHMYK/10-SRNP-56477-DHJ534095+1345487222.jpg
,5126465,,,,,#N/A,,,,,31,https://inaturalist-open-data.s3.amazonaws.com/photos/7707246/original.jpg
,5126475,,,,,#N/A,,,,,6,http://www.boldsystems.org/pics/MHAMB/81-SRNP-205-DHJ336565+1365544306.jpg
Desmia bajulalis,5126494,,,,,1865,,,Desmia,Crambidae,97,https://inaturalist-open-data.s3.amazonaws.com/photos/304265863/original.jpg
Desmia tages,5126503,,,,,1866,,,Desmia,Crambidae,12,https://inaturalist-open-data.s3.amazonaws.com/photos/92748410/original.jpeg
,5126533,,,,,#N/A,,,,,42,https://bugguide.net/images/cache/I0J/Q40/I0JQ403Q20BRKQDRSQCR7QJR0QJRKQ3R20JRIQ1R70OQG0S0SQORU0YRQQDR0QURX0OQE0H0IQJR7QTRMQS020Z0IQ.jpg
,5126548,,,,,#N/A,,,,,5,https://inaturalist-open-data.s3.amazonaws.com/photos/303669941/original.jpeg
,5126556,,,,,#N/A,,,,,5,https://inaturalist-open-data.s3.amazonaws.com/photos/253747486/original.jpeg
,5126558,,,,,#N/A,,,,,31,http://www.boldsystems.org/pics/MHAMC/98-SRNP-15136-DHJ370980+1220097504.jpg
,5126559,,,,,#N/A,,,,,5,https://inaturalist-open-data.s3.amazonaws.com/photos/238959846/original.jpeg
,5126585,,,,,#N/A,,,,,33,https://inaturalist-open-data.s3.amazonaws.com/photos/85324375/original.jpeg
,5126587,,,,,#N/A,,,,,6,https://inaturalist-open-data.s3.amazonaws.com/photos/117591853/original.jpeg
,5126598,,,,,#N/A,,,,,12,https://inaturalist-open-data.s3.amazonaws.com/photos/173293074/original.jpg
Omiodes cuniculalis,5126614,,,,,1875,,,Omiodes,Crambidae,412,http://www.boldsystems.org/pics/MHMYM/14-SRNP-508-DHJ591447+1429634672.jpg
,5126625,,,,,#N/A,,,,,8,https://inaturalist-open-data.s3.amazonaws.com/photos/341025694/original.jpg
Omiodes fulvicauda,5126626,,,,,1877,,,Omiodes,Crambidae,12,https://inaturalist-open-data.s3.amazonaws.com/photos/8126373/original.jpg
Omiodes humeralis,5126633,,,,,1878,,,Omiodes,Crambidae,14,https://inaturalist-open-data.s3.amazonaws.com/photos/165503978/original.jpeg
,5126648,,,,,#N/A,,,,,13,https://inaturalist-open-data.s3.amazonaws.com/photos/245080505/original.jpg
,5126651,,,,,#N/A,,,,,39,https://inaturalist-open-data.s3.amazonaws.com/photos/178831718/original.jpeg
Omiodes croceiceps,5126655,,,,,1881,,,Omiodes,Crambidae,14,https://inaturalist-open-data.s3.amazonaws.com/photos/104662134/original.jpeg
,5126663,,,,,#N/A,,,,,72,https://inaturalist-open-data.s3.amazonaws.com/photos/342841230/original.jpeg
Argyria centrifugens,5126711,,,,,1883,,,Argyria,Crambidae,5,https://inaturalist-open-data.s3.amazonaws.com/photos/87352777/original.jpg
,5126717,,,,,#N/A,,,,,8,https://inaturalist-open-data.s3.amazonaws.com/photos/30776310/original.jpeg
Argyria nivalis,5126718,,,,,1885,,,Argyria,Crambidae,1000,https://inaturalist-open-data.s3.amazonaws.com/photos/312039452/original.jpeg
Argyria lacteella,5126721,,,,,1886,,,Argyria,Crambidae,162,https://bugguide.net/images/cache/2RH/H5R/2RHH5RZHIRVLRZDLQZOLZZ9L3L2LJL2LMRDZ3LUL3LAL5RZHPRVL6RRHXZHHPRHH4RKH0ZOLMZKHQZ1LXZHH4RLHSZTL.jpg
,5126751,,,,,#N/A,,,,,59,https://inaturalist-open-data.s3.amazonaws.com/photos/349254070/original.jpg
Siga pyronia,5126758,,,,,1888,,,Siga,Crambidae,38,https://inaturalist-open-data.s3.amazonaws.com/photos/6670129/original.jpeg
,5126963,,,,,#N/A,,,,,698,https://inaturalist-open-data.s3.amazonaws.com/photos/140396470/original.jpg
,5127089,,,,,#N/A,,,,,149,https://inaturalist-open-data.s3.amazonaws.com/photos/168031772/original.jpg
Agathodes designalis,5127090,,,,,1891,,,Agathodes,Crambidae,126,http://www.boldsystems.org/pics/MHMYM/14-SRNP-41177-DHJ591375+1429634586.jpg
Glaphyria invisalis,5127118,,,,,1892,,,Glaphyria,Crambidae,381,https://inaturalist-open-data.s3.amazonaws.com/photos/18761935/original.jpeg
,5127209,,,,,#N/A,,,,,64,https://inaturalist-open-data.s3.amazonaws.com/photos/318546971/original.jpg
Megastes grandalis,5127210,,,,,1894,,,Megastes,Crambidae,7,https://inaturalist-open-data.s3.amazonaws.com/photos/181185969/original.jpeg
,5127211,,,,,#N/A,,,,,14,https://inaturalist-open-data.s3.amazonaws.com/photos/318311492/original.jpeg
,5127528,,,,,#N/A,,,,,4,http://www.boldsystems.org/pics/MHAMA/93-SRNP-4716-DHJ332108+1365543708.jpg
,5127562,,,,,#N/A,,,,,45,https://inaturalist-open-data.s3.amazonaws.com/photos/199806211/original.jpeg
Glyphodes sibillalis,5127631,,,,,1898,,,Glyphodes,Crambidae,193,https://inaturalist-open-data.s3.amazonaws.com/photos/286899324/original.jpeg
,5127680,,,,,#N/A,,,,,41,https://inaturalist-open-data.s3.amazonaws.com/photos/175062153/original.jpeg
,5141542,,,,,#N/A,,,,,7,https://inaturalist-open-data.s3.amazonaws.com/photos/9034863/original.jpeg
Thyatira mexicana,5142842,,,,,1901,,,Thyatira,Drepanidae,58,https://inaturalist-open-data.s3.amazonaws.com/photos/253327788/original.jpeg
,5143179,,,,,#N/A,,,,,13,https://inaturalist-open-data.s3.amazonaws.com/photos/41694891/original.jpeg
,5143180,,,,,#N/A,,,,,6,https://inaturalist-open-data.s3.amazonaws.com/photos/308277428/original.jpeg
Urania fulgens,5143232,,,,,1904,,,Urania,Uraniidae,753,https://inaturalist-open-data.s3.amazonaws.com/photos/90160518/original.jpg
,5143618,,,,,#N/A,,,,,5,https://inaturalist-open-data.s3.amazonaws.com/photos/197828889/original.jpeg
,5143987,,,,,#N/A,,,,,22,https://ecdysis.org/imglib/scan/misc/202010/SDNHM166260.JPG
,5143990,,,,,#N/A,,,,,11,https://inaturalist-open-data.s3.amazonaws.com/photos/103785892/original.jpeg
Polla hemeraria,5144043,,,,,1908,,,Polla,Geometridae,9,https://inaturalist-open-data.s3.amazonaws.com/photos/114008407/original.jpeg
,5144327,,,,,#N/A,,,,,21,https://inaturalist-open-data.s3.amazonaws.com/photos/237239003/original.jpg
,5144328,,,,,#N/A,,,,,11,https://inaturalist-open-data.s3.amazonaws.com/photos/89918374/original.jpeg
Paragonia cruraria,5144363,,,,,1911,,,Paragonia,Geometridae,44,https://inaturalist-open-data.s3.amazonaws.com/photos/60247796/original.jpg
,5144494,,,,,#N/A,,,,,19,https://inaturalist-open-data.s3.amazonaws.com/photos/305824131/original.jpeg
,5144646,,,,,#N/A,,,,,14,https://inaturalist-open-data.s3.amazonaws.com/photos/185986086/original.jpeg
,5144649,,,,,#N/A,,,,,10,https://inaturalist-open-data.s3.amazonaws.com/photos/127847442/original.jpg
,5145027,,,,,#N/A,,,,,9,https://inaturalist-open-data.s3.amazonaws.com/photos/37596406/original.jpeg
,5145125,,,,,#N/A,,,,,9,https://inaturalist-open-data.s3.amazonaws.com/photos/201560783/original.jpeg
Scopula umbilicata,5145560,,,,,1917,,,Scopula,Geometridae,599,https://inaturalist-open-data.s3.amazonaws.com/photos/238877672/original.jpg
Scopula subquadrata,5145583,,,,,1918,,,Scopula,Geometridae,14,https://inaturalist-open-data.s3.amazonaws.com/photos/306611967/original.jpeg
,5146130,,,,,#N/A,,,,,7,https://inaturalist-open-data.s3.amazonaws.com/photos/102524280/original.jpeg
,5146145,,,,,#N/A,,,,,6,https://inaturalist-open-data.s3.amazonaws.com/photos/9228229/original.jpg
,5146179,,,,,#N/A,,,,,195,https://bugguide.net/images/cache/OZI/R3Z/OZIR3Z7RHHHZ1LYL9L7ZVL7ZBL0Z1LIZDLERJZRZ6LQRYZ0RTZQR6LJLWLQRDZZZDZ3LNLFLAL6ROLPRVL4RQHERBL0Z.jpg
,5146228,,,,,#N/A,,,,,16,https://inaturalist-open-data.s3.amazonaws.com/photos/201586381/original.jpeg
,5146537,,,,,#N/A,,,,,6,https://inaturalist-open-data.s3.amazonaws.com/photos/61501323/original.jpg
Idaea vagula,5146739,,,,,1924,,,Idaea,Geometridae,5,https://inaturalist-open-data.s3.amazonaws.com/photos/60197257/original.jpeg
Idaea helleria,5146792,,,,,1925,,,Idaea,Geometridae,11,https://inaturalist-open-data.s3.amazonaws.com/photos/14127940/original.jpg
,5146890,,,,,#N/A,,,,,4,https://inaturalist-open-data.s3.amazonaws.com/photos/306923438/original.jpg
Idaea gospera,5146983,,,,,1927,,,Idaea,Geometridae,16,https://inaturalist-open-data.s3.amazonaws.com/photos/240953212/original.jpg
Idaea subfervens,5147031,,,,,1928,,,Idaea,Geometridae,11,https://inaturalist-open-data.s3.amazonaws.com/photos/240793188/original.jpg
Idaea gemma,5147052,,,,,1929,,,Idaea,Geometridae,26,https://inaturalist-open-data.s3.amazonaws.com/photos/39476700/original.jpg
,5147076,,,,,#N/A,,,,,5,https://inaturalist-open-data.s3.amazonaws.com/photos/371265449/original.jpeg
,5147242,,,,,#N/A,,,,,5,https://inaturalist-open-data.s3.amazonaws.com/photos/270559319/original.jpeg
,5147457,,,,,#N/A,,,,,5,https://inaturalist-open-data.s3.amazonaws.com/photos/110350032/original.jpeg
Idaea flavicosta,5147468,,,,,1933,,,Idaea,Geometridae,12,https://inaturalist-open-data.s3.amazonaws.com/photos/251265348/original.jpeg
,5147567,,,,,#N/A,,,,,12,https://inaturalist-open-data.s3.amazonaws.com/photos/12555865/original.jpg
,5148280,,,,,#N/A,,,,,98,https://inaturalist-open-data.s3.amazonaws.com/photos/4845873/original.jpg
,5148497,,,,,#N/A,,,,,11,https://inaturalist-open-data.s3.amazonaws.com/photos/371055657/original.jpeg
,5148509,,,,,#N/A,,,,,4,https://inaturalist-open-data.s3.amazonaws.com/photos/114106403/original.jpeg
,5148540,,,,,#N/A,,,,,6,https://inaturalist-open-data.s3.amazonaws.com/photos/55814335/original.jpg
,5148557,,,,,#N/A,,,,,6,https://inaturalist-open-data.s3.amazonaws.com/photos/244788317/original.jpeg
Iridopsis validaria,5148593,,,,,1940,,,Iridopsis,Geometridae,44,https://inaturalist-open-data.s3.amazonaws.com/photos/262197592/original.jpeg
,5148602,,,,,#N/A,,,,,6,https://inaturalist-open-data.s3.amazonaws.com/photos/343787268/original.jpeg
,5148611,,,,,#N/A,,,,,16,https://inaturalist-open-data.s3.amazonaws.com/photos/104097414/original.jpeg
Pero polygonaria,5148624,,,,,1943,,,Pero,Geometridae,20,https://inaturalist-open-data.s3.amazonaws.com/photos/287851978/original.jpeg
Pero amanda,5148642,,,,,1944,,,Pero,Geometridae,78,http://www.boldsystems.org/pics/BLPBB/06-SRNP-108888_DHJ608888+1199992260.jpg
,5148645,,,,,#N/A,,,,,6,https://inaturalist-open-data.s3.amazonaws.com/photos/378169767/original.jpeg
Pero plagodiata,5148664,,,,,1946,,,Pero,Geometridae,8,https://inaturalist-open-data.s3.amazonaws.com/photos/114295887/original.jpeg
,5148721,,,,,#N/A,,,,,11,https://inaturalist-open-data.s3.amazonaws.com/photos/6714522/original.jpeg
,5148736,,,,,#N/A,,,,,4,https://inaturalist-open-data.s3.amazonaws.com/photos/104395950/original.jpeg
Pero exquisita,5148738,,,,,1949,,,Pero,Geometridae,9,https://inaturalist-open-data.s3.amazonaws.com/photos/310215331/original.jpeg
,5148741,,,,,#N/A,,,,,8,https://inaturalist-open-data.s3.amazonaws.com/photos/234934675/original.jpg
,5148772,,,,,#N/A,,,,,5,https://inaturalist-open-data.s3.amazonaws.com/photos/363776818/original.jpg
Pero chapela,5148811,,,,,1952,,,Pero,Geometridae,11,https://inaturalist-open-data.s3.amazonaws.com/photos/88626286/original.jpeg
,5148822,,,,,#N/A,,,,,4,https://inaturalist-open-data.s3.amazonaws.com/photos/104093478/original.jpeg
,5148835,,,,,#N/A,,,,,4,https://inaturalist-open-data.s3.amazonaws.com/photos/104454405/original.jpeg
,5148837,,,,,#N/A,,,,,5,https://inaturalist-open-data.s3.amazonaws.com/photos/197354984/original.jpg
,5148849,,,,,#N/A,,,,,6,https://inaturalist-open-data.s3.amazonaws.com/photos/104454155/original.jpeg
,5148885,,,,,#N/A,,,,,5,https://inaturalist-open-data.s3.amazonaws.com/photos/147700278/original.jpeg
,5148892,,,,,#N/A,,,,,6,https://inaturalist-open-data.s3.amazonaws.com/photos/334609596/original.jpg
Pero delauta,5148902,,,,,1959,,,Pero,Geometridae,80,http://www.boldsystems.org/pics/BLPDR/10-SRNP-105756_DHJ650631+1274816578.jpg
,5148934,,,,,#N/A,,,,,196,https://inaturalist-open-data.s3.amazonaws.com/photos/387689954/original.jpg
,5148987,,,,,#N/A,,,,,13,https://inaturalist-open-data.s3.amazonaws.com/photos/59197763/original.jpg
,5149222,,,,,#N/A,,,,,54,https://inaturalist-open-data.s3.amazonaws.com/photos/361469728/original.jpg
,5149226,,,,,#N/A,,,,,4,https://inaturalist-open-data.s3.amazonaws.com/photos/102313690/original.jpeg
,5149236,,,,,#N/A,,,,,13,http://www.boldsystems.org/pics/MHAGB/93-SRNP-3066-DHJ357420+1175910016.jpg
,5149246,,,,,#N/A,,,,,15,https://inaturalist-open-data.s3.amazonaws.com/photos/310195367/original.jpeg
Epimecis conjugaria,5149252,,,,,1966,,,Epimecis,Geometridae,7,https://inaturalist-open-data.s3.amazonaws.com/photos/247782343/original.jpeg
,5149255,,,,,#N/A,,,,,17,https://inaturalist-open-data.s3.amazonaws.com/photos/167134383/original.jpg
,5149257,,,,,#N/A,,,,,7,https://inaturalist-open-data.s3.amazonaws.com/photos/92078169/original.jpeg
,5149811,,,,,#N/A,,,,,72,https://inaturalist-open-data.s3.amazonaws.com/photos/294282526/original.jpeg
,5150054,,,,,#N/A,,,,,4,https://inaturalist-open-data.s3.amazonaws.com/photos/245177680/original.jpg
,5150062,,,,,#N/A,,,,,12,https://inaturalist-open-data.s3.amazonaws.com/photos/245563125/original.jpg
,5771877,,,,,#N/A,,,,,680,https://inaturalist-open-data.s3.amazonaws.com/photos/37632386/original.jpg
Rothschildia orizaba,5806244,,,,,1973,,,Rothschildia,Saturniidae,243,https://inaturalist-open-data.s3.amazonaws.com/photos/305577696/original.jpeg
Macaria abydata,5880539,,,,,1974,,,Macaria,Geometridae,1000,https://inaturalist-open-data.s3.amazonaws.com/photos/94401600/original.jpeg
,5884258,,,,,#N/A,,,,,692,https://inaturalist-open-data.s3.amazonaws.com/photos/112453271/original.jpg
,6115953,,,,,#N/A,,,,,708,https://inaturalist-open-data.s3.amazonaws.com/photos/144276824/original.jpeg
,6117485,,,,,#N/A,,,,,254,https://inaturalist-open-data.s3.amazonaws.com/photos/90601305/original.jpeg
,6118011,,,,,#N/A,,,,,40,https://inaturalist-open-data.s3.amazonaws.com/photos/11564565/original.jpeg
,6121010,,,,,#N/A,,,,,544,https://inaturalist-open-data.s3.amazonaws.com/photos/339901568/original.jpeg
,6121218,,,,,#N/A,,,,,125,http://www.boldsystems.org/pics/LNAUW/CCDB-29469-B10+1515361980.JPG
,6199058,,,,,#N/A,,,,,7,https://inaturalist-open-data.s3.amazonaws.com/photos/6304751/original.jpeg
,6199059,,,,,#N/A,,,,,5,https://inaturalist-open-data.s3.amazonaws.com/photos/98673397/original.jpeg
,7008861,,,,,#N/A,,,,,13,https://inaturalist-open-data.s3.amazonaws.com/photos/225846652/original.jpeg
,7372375,,,,,#N/A,,,,,113,https://inaturalist-open-data.s3.amazonaws.com/photos/5118687/original.jpg
,7383338,,,,,#N/A,,,,,75,https://inaturalist-open-data.s3.amazonaws.com/photos/105286731/original.jpg
,7400814,,,,,#N/A,,,,,691,https://inaturalist-open-data.s3.amazonaws.com/photos/250302553/original.jpeg
Iscadia furcifera,7417236,,,,,1987,,,Iscadia,Nolidae,8,https://inaturalist-open-data.s3.amazonaws.com/photos/52518783/original.jpeg
,7458466,,,,,#N/A,,,,,19,https://inaturalist-open-data.s3.amazonaws.com/photos/373240606/original.jpg
,7480993,,,,,#N/A,,,,,82,https://inaturalist-open-data.s3.amazonaws.com/photos/178103366/original.jpg
,7482011,,,,,#N/A,,,,,8,https://inaturalist-open-data.s3.amazonaws.com/photos/98518699/original.jpeg
Eulepidotis guttata,7483687,,,,,1991,,,Eulepidotis,Erebidae,11,https://inaturalist-open-data.s3.amazonaws.com/photos/76035485/original.jpg
,7526302,,,,,#N/A,,,,,30,https://inaturalist-open-data.s3.amazonaws.com/photos/221185616/original.jpg
Agaraea semivitrea,7535515,,,,,1993,,,Arctagyrta,Erebidae,110,https://inaturalist-open-data.s3.amazonaws.com/photos/262920552/original.jpeg
,7560430,,,,,#N/A,,,,,17,https://inaturalist-open-data.s3.amazonaws.com/photos/63150544/original.jpeg
,7576763,,,,,#N/A,,,,,15,https://inaturalist-open-data.s3.amazonaws.com/photos/353846869/original.jpg
,7579194,,,,,#N/A,,,,,14,https://inaturalist-open-data.s3.amazonaws.com/photos/85379280/original.jpeg
,7585597,,,,,#N/A,,,,,5,https://inaturalist-open-data.s3.amazonaws.com/photos/5337273/original.jpg
,7611914,,,,,#N/A,,,,,231,https://inaturalist-open-data.s3.amazonaws.com/photos/342058227/original.jpeg
Condica mimica,7617061,,,,,1999,,,Condica,Noctuidae,38,https://inaturalist-open-data.s3.amazonaws.com/photos/265976749/original.jpeg
,7628188,,,,,#N/A,,,,,249,https://inaturalist-open-data.s3.amazonaws.com/photos/96815614/original.jpg
,7634138,,,,,#N/A,,,,,32,https://inaturalist-open-data.s3.amazonaws.com/photos/234821293/original.jpg
,7656332,,,,,#N/A,,,,,22,https://inaturalist-open-data.s3.amazonaws.com/photos/286006636/original.jpeg
,7689966,,,,,#N/A,,,,,114,https://inaturalist-open-data.s3.amazonaws.com/photos/59103981/original.jpeg
Mocis disseverans,7716829,,,,,2004,,,Mocis,Erebidae,236,https://inaturalist-open-data.s3.amazonaws.com/photos/11894326/original.jpg
,7731757,,,,,#N/A,,,,,16,https://inaturalist-open-data.s3.amazonaws.com/photos/393320913/original.jpeg
,7742476,,,,,#N/A,,,,,12,https://inaturalist-open-data.s3.amazonaws.com/photos/195520477/original.jpg
,7779835,,,,,#N/A,,,,,15,https://inaturalist-open-data.s3.amazonaws.com/photos/259076347/original.jpeg
,7803585,,,,,#N/A,,,,,146,https://inaturalist-open-data.s3.amazonaws.com/photos/341121729/original.jpg
,7817853,,,,,#N/A,,,,,13,https://inaturalist-open-data.s3.amazonaws.com/photos/284239835/original.jpeg
,7820748,,,,,#N/A,,,,,31,https://inaturalist-open-data.s3.amazonaws.com/photos/118498507/original.jpeg
,7842594,,,,,#N/A,,,,,10,https://inaturalist-open-data.s3.amazonaws.com/photos/83876294/original.jpg
,7864212,,,,,#N/A,,,,,606,https://inaturalist-open-data.s3.amazonaws.com/photos/211935472/original.jpeg
,7882824,,,,,#N/A,,,,,287,https://inaturalist-open-data.s3.amazonaws.com/photos/12250257/original.jpg
,7911151,,,,,#N/A,,,,,247,https://inaturalist-open-data.s3.amazonaws.com/photos/231575472/original.jpg
,7924383,,,,,#N/A,,,,,176,https://inaturalist-open-data.s3.amazonaws.com/photos/266404662/original.jpg
Coenipeta damonia,7932827,,,,,2016,,,Acolasis,Erebidae,11,https://inaturalist-open-data.s3.amazonaws.com/photos/6308866/original.jpeg
Oiketicus kirbyi,7946946,,,,,2017,,,Oiketicus,Psychidae,31,https://inaturalist-open-data.s3.amazonaws.com/photos/218551767/original.jpeg
Lephana muffula,8007854,,,,,2018,,,Lephana,Erebidae,10,https://inaturalist-open-data.s3.amazonaws.com/photos/168710387/original.jpg
Eulepidotis perlata,8021437,,,,,2019,,,Eulepidotis,Erebidae,8,https://inaturalist-open-data.s3.amazonaws.com/photos/29081233/original.jpg
Herminodes atrosignata,8028211,,,,,2020,,,Scolecocampa,Erebidae,36,https://inaturalist-open-data.s3.amazonaws.com/photos/172659309/original.jpg
,8038868,,,,,#N/A,,,,,23,https://inaturalist-open-data.s3.amazonaws.com/photos/45877768/original.jpeg
Iscadia purpurascens,8091428,,,,,2022,,,Iscadia,Nolidae,69,http://www.boldsystems.org/pics/BLPDM/09-SRNP-109452-DHJ642687+1364926900.jpg
,8121236,,,,,#N/A,,,,,7,https://inaturalist-open-data.s3.amazonaws.com/photos/277981780/original.jpeg
,8133070,,,,,#N/A,,,,,8,https://inaturalist-open-data.s3.amazonaws.com/photos/109562607/original.jpeg
,8134945,,,,,#N/A,,,,,28,https://inaturalist-open-data.s3.amazonaws.com/photos/111745070/original.jpeg
,8146570,,,,,#N/A,,,,,96,https://inaturalist-open-data.s3.amazonaws.com/photos/113001792/original.jpg
Baniana ostia,8177591,,,,,2027,,,Baniana,Erebidae,39,https://inaturalist-open-data.s3.amazonaws.com/photos/179296284/original.jpeg
,8245258,,,,,#N/A,,,,,28,https://inaturalist-open-data.s3.amazonaws.com/photos/343560710/original.jpeg
,8256857,,,,,#N/A,,,,,27,https://inaturalist-open-data.s3.amazonaws.com/photos/186218053/original.jpeg
,8274236,,,,,#N/A,,,,,5,http://www.boldsystems.org/pics/LNAUS/CCDB-20827-C06+1384374436.jpg
,8283686,,,,,#N/A,,,,,25,https://inaturalist-open-data.s3.amazonaws.com/photos/28400205/original.jpg
,8299504,,,,,#N/A,,,,,43,https://inaturalist-open-data.s3.amazonaws.com/photos/332645853/original.jpg
,8311782,,,,,#N/A,,,,,18,https://bugguide.net/images/cache/0RF/ZMR/0RFZMRYZ8RWL0ZBL7Z1LIZNLJLELZZOZ7R3ZIRDZHZCZGRBLQZCLHZJZQR6LIR3Z6RQH2RZHIZOLIZTLGRQH7ZCLIZ.jpg
Samea ecclesialis,8324720,,,,,2034,,,Samea,Crambidae,1000,https://inaturalist-open-data.s3.amazonaws.com/photos/240698436/original.jpg
,8331687,,,,,#N/A,,,,,170,https://inaturalist-open-data.s3.amazonaws.com/photos/89947083/original.jpg
,8379616,,,,,#N/A,,,,,143,https://inaturalist-open-data.s3.amazonaws.com/photos/253392431/original.jpg
Dialithis gemmifera,8384839,,,,,2037,,,Dialithis,Erebidae,58,https://inaturalist-open-data.s3.amazonaws.com/photos/86450754/original.jpg
,8405656,,,,,#N/A,,,,,453,https://inaturalist-open-data.s3.amazonaws.com/photos/336990395/original.jpeg
,8411198,,,,,#N/A,,,,,33,https://inaturalist-open-data.s3.amazonaws.com/photos/54373693/original.jpg
,8425580,,,,,#N/A,,,,,689,https://inaturalist-open-data.s3.amazonaws.com/photos/4964071/original.jpg
,8429622,,,,,#N/A,,,,,222,https://inaturalist-open-data.s3.amazonaws.com/photos/12200146/original.jpg
,8718724,,,,,#N/A,,,,,8,https://inaturalist-open-data.s3.amazonaws.com/photos/178083800/original.jpeg
,8768364,,,,,#N/A,,,,,4,https://inaturalist-open-data.s3.amazonaws.com/photos/309919453/original.jpeg
,8769946,,,,,#N/A,,,,,14,https://inaturalist-open-data.s3.amazonaws.com/photos/90860747/original.jpeg
Euclysia dentifasciata,8819888,,,,,2045,,,Euclysia,Geometridae,5,https://inaturalist-open-data.s3.amazonaws.com/photos/60597451/original.jpg
Niphograpta albiguttalis,8876855,,,,,2046,,,Niphograpta,Crambidae,122,https://inaturalist-open-data.s3.amazonaws.com/photos/267902239/original.jpeg
,8881153,,,,,#N/A,,,,,6,https://inaturalist-open-data.s3.amazonaws.com/photos/312494828/original.jpeg
Balbura dorsisigna,8881975,,,,,2048,,,Balbura,Erebidae,20,https://inaturalist-open-data.s3.amazonaws.com/photos/66251316/original.jpg
,8908367,,,,,#N/A,,,,,5,http://www.boldsystems.org/pics/BLPAA/19-SRNP-104505-DHJ713664+1683647116.JPG
,8925247,,,,,#N/A,,,,,9,https://inaturalist-open-data.s3.amazonaws.com/photos/30295153/original.jpeg
,8933773,,,,,#N/A,,,,,534,https://inaturalist-open-data.s3.amazonaws.com/photos/367238146/original.jpeg
,8934619,,,,,#N/A,,,,,5,https://ecdysis.org/imglib/scan/MISSA_MEM/MEM331/MEM331528_Episcepsis_capysca_C_1536861385_lg.jpg
,8959404,,,,,#N/A,,,,,4,http://www.boldsystems.org/pics/MHANB/00-SRNP-1937-DHJ302212+1145642820.jpg
Spilomela discordens,8981028,,,,,2054,,,Zebronia,Crambidae,147,http://www.boldsystems.org/pics/BLPEG/13-SRNP-40662-DHJ577403+1407850338.jpg
,8994239,,,,,#N/A,,,,,4,http://www.boldsystems.org/pics/ACGIN/INBIOCRI000494661-IACH003061+1331924538.jpg
,9000912,,,,,#N/A,,,,,4,http://www.boldsystems.org/pics/LNAUY/CCDB-33979-G06+1588950288.jpg
,9015343,,,,,#N/A,,,,,4,http://www.boldsystems.org/pics/LNAUT/CCDB-28564-H08+1429106542.JPG
,9026618,,,,,#N/A,,,,,5,https://inaturalist-open-data.s3.amazonaws.com/photos/379666517/original.jpeg
Lineodes fontella,9059564,,,,,2059,,,Lineodes,Crambidae,65,https://inaturalist-open-data.s3.amazonaws.com/photos/137243582/original.jpg
,9064039,,,,,#N/A,,,,,7,https://inaturalist-open-data.s3.amazonaws.com/photos/121503598/original.jpeg
,9111683,,,,,#N/A,,,,,10,https://inaturalist-open-data.s3.amazonaws.com/photos/318495273/original.jpeg
,9121406,,,,,#N/A,,,,,20,https://inaturalist-open-data.s3.amazonaws.com/photos/162480337/original.jpeg
,9160166,,,,,#N/A,,,,,8,https://inaturalist-open-data.s3.amazonaws.com/photos/57495597/original.jpg
,9176354,,,,,#N/A,,,,,47,https://inaturalist-open-data.s3.amazonaws.com/photos/190897089/original.jpg
,9209825,,,,,#N/A,,,,,4,http://www.boldsystems.org/pics/ACGIN/INBIOCRI002010968-IACH003086+1331925130.jpg
,9219232,,,,,#N/A,,,,,6,https://inaturalist-open-data.s3.amazonaws.com/photos/77245833/original.jpeg
Calledema jocasta,9236803,,,,,2067,,,Calledema,Notodontidae,19,https://inaturalist-open-data.s3.amazonaws.com/photos/266793354/original.jpeg
Patalene aenetusaria,9243264,,,,,2068,,,Patalene,Geometridae,107,https://inaturalist-open-data.s3.amazonaws.com/photos/294906201/original.jpeg
Calonotos metallicus,9244283,,,,,2069,,,Calonotos,Erebidae,12,https://inaturalist-open-data.s3.amazonaws.com/photos/308542723/original.jpg
,9250528,,,,,#N/A,,,,,29,https://inaturalist-open-data.s3.amazonaws.com/photos/303569006/original.jpg
,9259200,,,,,#N/A,,,,,6,https://inaturalist-open-data.s3.amazonaws.com/photos/183170632/original.jpeg
,9264326,,,,,#N/A,,,,,441,https://bugguide.net/images/cache/4KA/KIK/4KAKIK1KKKY02QA0PQD0AQRS1QLS4KF0NQ10EQD08QA0EQC08QO00KNKRK10PQUKEQUKKK6KRKV05QJ01QJ0IKDKWQHS.jpg
,9269372,,,,,#N/A,,,,,50,https://inaturalist-open-data.s3.amazonaws.com/photos/355093853/original.jpg
,9274983,,,,,#N/A,,,,,6,https://inaturalist-open-data.s3.amazonaws.com/photos/307623649/original.jpeg
Scotura annulata,9292596,,,,,2075,,,Scotura,Notodontidae,19,https://inaturalist-open-data.s3.amazonaws.com/photos/230236908/original.jpg
Eusarca cayennaria,9295721,,,,,2076,,,Eusarca,Geometridae,16,https://inaturalist-open-data.s3.amazonaws.com/photos/171656064/original.jpeg
,9305226,,,,,#N/A,,,,,24,https://inaturalist-open-data.s3.amazonaws.com/photos/91524457/original.jpeg
Goodgeria notabilis,9305351,,,,,2078,,,Goodgeria,Notodontidae,7,https://inaturalist-open-data.s3.amazonaws.com/photos/112483192/original.jpeg
Eusarca distycharia,9331058,,,,,2079,,,Eusarca,Geometridae,13,https://scan-bugs.org:443/imglib/scan/misc/202010/SDNHM118163_firstlabel.JPEG
,9332550,,,,,#N/A,,,,,79,https://inaturalist-open-data.s3.amazonaws.com/photos/161794717/original.jpg
Cyclophora melitia,9336379,,,,,2081,,,Cyclophora,Geometridae,16,https://inaturalist-open-data.s3.amazonaws.com/photos/32981878/original.jpeg
,9342344,,,,,#N/A,,,,,613,https://inaturalist-open-data.s3.amazonaws.com/photos/21805915/original.jpg
,9348294,,,,,#N/A,,,,,7,https://inaturalist-open-data.s3.amazonaws.com/photos/120075411/original.jpeg
,9354496,,,,,#N/A,,,,,522,https://inaturalist-open-data.s3.amazonaws.com/photos/323183554/original.jpg
,9361344,,,,,#N/A,,,,,20,https://inaturalist-open-data.s3.amazonaws.com/photos/251908501/original.jpg
Pseudodirphia eumedide,9384105,,,,,2086,,,Pseudodirphia,Saturniidae,11,https://inaturalist-open-data.s3.amazonaws.com/photos/223374750/original.jpeg
,9386661,,,,,#N/A,,,,,8,https://inaturalist-open-data.s3.amazonaws.com/photos/359936974/original.jpeg
,9391442,,,,,#N/A,,,,,110,https://inaturalist-open-data.s3.amazonaws.com/photos/333402186/original.jpeg
,9404454,,,,,#N/A,,,,,21,https://inaturalist-open-data.s3.amazonaws.com/photos/148151940/original.jpeg
Othorene purpurascens,9438454,,,,,2090,,,Othorene,Saturniidae,28,https://inaturalist-open-data.s3.amazonaws.com/photos/122116332/original.jpeg
,9454503,,,,,#N/A,,,,,13,https://inaturalist-open-data.s3.amazonaws.com/photos/43779495/original.jpeg
Episcepsis venata,9463712,,,,,2092,,,Episcepsis,Erebidae,18,https://inaturalist-open-data.s3.amazonaws.com/photos/162562898/original.jpeg
Phiditia cuprea,9464859,,,,,2093,,,Phiditia,Phiditiidae,17,https://inaturalist-open-data.s3.amazonaws.com/photos/244859370/original.jpeg
,9482037,,,,,#N/A,,,,,5,https://inaturalist-open-data.s3.amazonaws.com/photos/114661962/original.jpeg
,9494296,,,,,#N/A,,,,,13,http://www.boldsystems.org/pics/BLPEG/14-SRNP-100767-DHJ677784+1407854450.JPG
,9498909,,,,,#N/A,,,,,5,https://inaturalist-open-data.s3.amazonaws.com/photos/238399451/original.jpeg
,9515392,,,,,#N/A,,,,,9,https://inaturalist-open-data.s3.amazonaws.com/photos/280518735/original.jpg
Patalene asychisaria,9528588,,,,,2098,,,Patalene,Geometridae,11,https://inaturalist-open-data.s3.amazonaws.com/photos/79396574/original.jpeg
Eumorpha megaeacus,9542481,,,,,2099,,,Eumorpha,Sphingidae,15,https://inaturalist-open-data.s3.amazonaws.com/photos/31930391/original.jpg
,9550265,,,,,#N/A,,,,,631,https://inaturalist-open-data.s3.amazonaws.com/photos/237489206/original.jpg
,9565811,,,,,#N/A,,,,,4,https://inaturalist-open-data.s3.amazonaws.com/photos/56635924/original.jpg
Oxytenis naemia,9566788,,,,,2102,,,Oxytenis,Saturniidae,115,http://www.boldsystems.org/pics/MHMXX/08-SRNP-31279-DHJ392041+1237989840.jpg
,9567770,,,,,#N/A,,,,,52,https://inaturalist-open-data.s3.amazonaws.com/photos/217654272/original.jpg
Pseudodirphia agis,9577751,,,,,2104,,,Pseudodirphia,Saturniidae,6,https://inaturalist-open-data.s3.amazonaws.com/photos/30007756/original.jpg
,9590066,,,,,#N/A,,,,,697,https://inaturalist-open-data.s3.amazonaws.com/photos/78243605/original.jpeg
,9592003,,,,,#N/A,,,,,4,http://www.boldsystems.org/pics/XAA/99-SRNP-16438b.jpg
,9602403,,,,,#N/A,,,,,36,https://inaturalist-open-data.s3.amazonaws.com/photos/109840810/original.jpeg
,9607205,,,,,#N/A,,,,,4,http://www.boldsystems.org/pics/BLPDF/18-SRNP-106766-DHJ707853+1683302948.JPG
Xanthyda drucei,9614908,,,,,2109,,,Xanthyda,Erebidae,96,http://www.boldsystems.org/pics/MHARA/06-SRNP-22826-DHJ360865+1365545822.jpg
,9615101,,,,,#N/A,,,,,5,https://inaturalist-open-data.s3.amazonaws.com/photos/101849475/original.jpeg
,9619088,,,,,#N/A,,,,,47,https://inaturalist-open-data.s3.amazonaws.com/photos/25102231/original.jpeg
Lepasta bractea,9624061,,,,,2112,,,Lemairegisa,Notodontidae,19,https://inaturalist-open-data.s3.amazonaws.com/photos/101849654/original.jpeg
Macaria nundinata,9630449,,,,,2113,,,Macaria,Geometridae,188,http://www.boldsystems.org/pics/BLPAG/06-SRNP-105994_DHJ605994+1201560780.jpg
,9630748,,,,,#N/A,,,,,48,https://inaturalist-open-data.s3.amazonaws.com/photos/171822355/original.jpeg
Oxytenis modestia,9634178,,,,,2115,,,Oxytenis,Saturniidae,29,https://inaturalist-open-data.s3.amazonaws.com/photos/152225465/original.jpg
Malocampa subguttata,9832247,,,,,2116,,,Malocampa,Notodontidae,43,http://www.boldsystems.org/pics/BLPDM/09-SRNP-109710-DHJ642945+1364926912.jpg
,9832559,,,,,#N/A,,,,,14,https://live.staticflickr.com/65535/49836067338_5816ee638a_b.jpg
,9832952,,,,,#N/A,,,,,9,https://inaturalist-open-data.s3.amazonaws.com/photos/149134520/original.jpeg
,9837830,,,,,#N/A,,,,,10,https://inaturalist-open-data.s3.amazonaws.com/photos/287004373/original.jpg
Pseudodirphia regia,9854169,,,,,2120,,,Pseudodirphia,Saturniidae,12,https://inaturalist-open-data.s3.amazonaws.com/photos/47065982/original.jpeg
,9860596,,,,,#N/A,,,,,5,http://www.boldsystems.org/pics/MHAUF/82-srnp-1781-dhj321265+1140457752.jpg
,9891979,,,,,#N/A,,,,,20,https://inaturalist-open-data.s3.amazonaws.com/photos/178069029/original.jpg
,9896621,,,,,#N/A,,,,,5,https://inaturalist-open-data.s3.amazonaws.com/photos/307129733/original.jpeg
,9905470,,,,,#N/A,,,,,8,https://inaturalist-open-data.s3.amazonaws.com/photos/153045371/original.jpg
,9913521,,,,,#N/A,,,,,4,http://www.boldsystems.org/pics/MHANB/93-SRNP-4362-DHJ302362+1145653344.jpg
,9915814,,,,,#N/A,,,,,28,https://inaturalist-open-data.s3.amazonaws.com/photos/179558653/original.jpeg
,9920701,,,,,#N/A,,,,,7,https://inaturalist-open-data.s3.amazonaws.com/photos/97214236/original.jpg
Xylodonta terrena,9920709,,,,,2128,,,Xylodonta,Notodontidae,99,http://www.boldsystems.org/pics/MHANC/97-srnp-764-dhj322330+1140667988.jpg
,9932233,,,,,#N/A,,,,,8,https://inaturalist-open-data.s3.amazonaws.com/photos/382383190/original.jpeg
,9941073,,,,,#N/A,,,,,41,https://inaturalist-open-data.s3.amazonaws.com/photos/169922407/original.jpeg
,9942150,,,,,#N/A,,,,,14,https://inaturalist-open-data.s3.amazonaws.com/photos/168461215/original.jpeg
,9952629,,,,,#N/A,,,,,5,https://inaturalist-open-data.s3.amazonaws.com/photos/130823101/original.jpeg
Macaria achetata,9952646,,,,,2133,,,Macaria,Geometridae,9,https://inaturalist-open-data.s3.amazonaws.com/photos/133188846/original.jpeg
,9964372,,,,,#N/A,,,,,4,https://inaturalist-open-data.s3.amazonaws.com/photos/309549434/original.jpg
,9985687,,,,,#N/A,,,,,17,https://inaturalist-open-data.s3.amazonaws.com/photos/306651159/original.jpeg
,9994925,,,,,#N/A,,,,,4,https://inaturalist-open-data.s3.amazonaws.com/photos/117486122/original.jpeg
,9998585,,,,,#N/A,,,,,18,https://inaturalist-open-data.s3.amazonaws.com/photos/123845136/original.jpeg
,10008924,,,,,#N/A,,,,,14,https://inaturalist-open-data.s3.amazonaws.com/photos/125219450/original.jpeg
,10009576,,,,,#N/A,,,,,7,https://inaturalist-open-data.s3.amazonaws.com/photos/104856033/original.jpeg
Othorene intermedia,10014056,,,,,2140,,,Othorene,Saturniidae,99,http://www.boldsystems.org/pics/BLPBD/07-SRNP-100907_DHJ610871+1173819750.jpg
Parasa sandrae,10020529,,,,,2141,,,Parasa,Limacodidae,108,http://www.boldsystems.org/pics/MHLIA/04-SRNP-55709-DHJ337215+1365544474.jpg
,10024819,,,,,#N/A,,,,,7,https://inaturalist-open-data.s3.amazonaws.com/photos/253298261/original.jpeg
,10024844,,,,,#N/A,,,,,6,https://inaturalist-open-data.s3.amazonaws.com/photos/75485887/original.jpeg
Dichogama prognealis,10026133,,,,,2144,,,Dichogama,Crambidae,16,https://inaturalist-open-data.s3.amazonaws.com/photos/57968292/original.jpg
,10026333,,,,,#N/A,,,,,4,http://www.boldsystems.org/pics/MHAMA/80-SRNP-92-DHJ332523+1365543734.jpg
Herpetogramma salbialis,10027568,,,,,2146,,,Herpetogramma,Crambidae,249,http://www.boldsystems.org/pics/MHAMA/05-SRNP-42236-DHJ336101+1365544284.jpg
,10028407,,,,,#N/A,,,,,30,https://inaturalist-open-data.s3.amazonaws.com/photos/101513601/original.jpeg
,10031533,,,,,#N/A,,,,,13,https://inaturalist-open-data.s3.amazonaws.com/photos/120039105/original.jpeg
,10041234,,,,,#N/A,,,,,15,https://inaturalist-open-data.s3.amazonaws.com/photos/13149109/original.jpg
,10046565,,,,,#N/A,,,,,7,https://inaturalist-open-data.s3.amazonaws.com/photos/97021115/original.jpeg
,10051204,,,,,#N/A,,,,,7,https://inaturalist-open-data.s3.amazonaws.com/photos/227683259/original.jpg
,10053993,,,,,#N/A,,,,,9,https://inaturalist-open-data.s3.amazonaws.com/photos/175756248/original.jpg
,10056902,,,,,#N/A,,,,,22,https://inaturalist-open-data.s3.amazonaws.com/photos/119692383/original.jpg
Oxytenis modoccidentalis,10060405,,,,,2154,,,Oxytenis,Saturniidae,84,http://www.boldsystems.org/pics/BLPAA/06-SRNP-100277_DHJ600277+1143642246.jpg
,10060843,,,,,#N/A,,,,,22,https://inaturalist-open-data.s3.amazonaws.com/photos/116380950/original.jpeg
Syssphinx jennyphillipsae,10070778,,,,,2156,,,Syssphinx,Saturniidae,6,https://inaturalist-open-data.s3.amazonaws.com/photos/67484962/original.jpeg
,10072256,,,,,#N/A,,,,,14,https://inaturalist-open-data.s3.amazonaws.com/photos/90950328/original.jpeg
Perigramma vicina,10088253,,,,,2158,,,Perigramma,Geometridae,23,https://inaturalist-open-data.s3.amazonaws.com/photos/6592103/original.jpeg
,10094803,,,,,#N/A,,,,,23,https://inaturalist-open-data.s3.amazonaws.com/photos/226757472/original.jpg
,10096644,,,,,#N/A,,,,,11,https://inaturalist-open-data.s3.amazonaws.com/photos/105804505/original.jpeg
,10101109,,,,,#N/A,,,,,5,https://ecdysis.org/imglib/scan/DMNS_Ento/ZE118/ZE118081-dorsal_1576106603_lg.jpg
Therinia transversaria,10103570,,,,,2162,,,Therinia,Saturniidae,65,https://inaturalist-open-data.s3.amazonaws.com/photos/291430085/original.jpeg
,10104188,,,,,#N/A,,,,,4,http://www.boldsystems.org/pics/MHAUC/01-srnp-5320-dhj319681+1140446826.jpg
Conchylodes nolckenialis,10107015,,,,,2164,,,Conchylodes,Crambidae,147,http://www.boldsystems.org/pics/MHAMB/06-SRNP-6128-DHJ354121+1172950062.jpg
Diaphania glauculalis,10111904,,,,,2165,,,Diaphania,Crambidae,106,http://www.boldsystems.org/pics/MHMYK/14-SRNP-47590-DHJ906807+1468513624.jpg
Cecrita biundata,10115073,,,,,2166,,,Disphragis,Notodontidae,749,https://inaturalist-open-data.s3.amazonaws.com/photos/42720416/original.jpeg
,10118643,,,,,#N/A,,,,,509,https://bugguide.net/images/cache/VRJ/KUR/VRJKUR3KFR70K050CQG0TQ80CQ40S00QYRQQNRFKDRP0L060Q0E0L0N0JQHQ9R70H0U0FQX0H0W0YQG0NRG0OQYKNR.jpg
,10118834,,,,,#N/A,,,,,10,http://www.boldsystems.org/pics/MHMYD/09-SRNP-1390-DHJ453702+1365551288.jpg
,10119226,,,,,#N/A,,,,,14,https://inaturalist-open-data.s3.amazonaws.com/photos/2598913/original.JPG
,10119642,,,,,#N/A,,,,,4,https://inaturalist-open-data.s3.amazonaws.com/photos/248925352/original.jpg
Syssphinx quadrilineata,10123854,,,,,2171,,,Syssphinx,Saturniidae,106,http://www.boldsystems.org/pics/BLPEG/14-SRNP-103131-DHJ680148+1429632988.JPG
Macaria regulata,10127068,,,,,2172,,,Macaria,Geometridae,86,http://www.boldsystems.org/pics/BLPDN/10-SRNP-101548-DHJ646423+1364927390.jpg
Thaelia subrubiginosa,10136784,,,,,2173,,,Thaelia,Mimallonidae,14,https://inaturalist-open-data.s3.amazonaws.com/photos/125623017/original.jpeg
,10141929,,,,,#N/A,,,,,4,http://www.boldsystems.org/pics/MHAUA/86-srnp-376-dhj314612+1140457928.jpg
Patalene chaonia,10145086,,,,,2175,,,Patalene,Geometridae,7,https://inaturalist-open-data.s3.amazonaws.com/photos/7196681/original.jpg
,10148542,,,,,#N/A,,,,,41,https://inaturalist-open-data.s3.amazonaws.com/photos/91766698/original.jpg
Automeris dagmarae,10156710,,,,,2177,,,Automeris,Saturniidae,83,http://www.boldsystems.org/pics/JSCR/95-SRNP-11471-DHJ91555.jpg
,10159346,,,,,#N/A,,,,,30,https://inaturalist-open-data.s3.amazonaws.com/photos/6587859/original.jpeg
Trichromia cotes,10165805,,,,,2179,,,Trichromia,Erebidae,120,http://www.boldsystems.org/pics/BLPCO/08-SRNP-104366_DHJ628430+1224603378.jpg
,10177100,,,,,#N/A,,,,,13,https://inaturalist-open-data.s3.amazonaws.com/photos/26020141/original.jpg
,10193575,,,,,#N/A,,,,,6,https://inaturalist-open-data.s3.amazonaws.com/photos/120204434/original.jpeg
,10196489,,,,,#N/A,,,,,10,https://inaturalist-open-data.s3.amazonaws.com/photos/292080378/original.jpeg
,10197721,,,,,#N/A,,,,,11,https://inaturalist-open-data.s3.amazonaws.com/photos/360409537/original.jpg
,10211929,,,,,#N/A,,,,,7,http://www.boldsystems.org/pics/MHMXC/93-SRNP-2425-DHJ33890+1365542912.jpg
,10214972,,,,,#N/A,,,,,245,https://inaturalist-open-data.s3.amazonaws.com/photos/104972027/original.jpeg
,10221195,,,,,#N/A,,,,,92,https://inaturalist-open-data.s3.amazonaws.com/photos/99281818/original.jpeg
,10222898,,,,,#N/A,,,,,8,https://inaturalist-open-data.s3.amazonaws.com/photos/95294358/original.jpeg
,10229823,,,,,#N/A,,,,,13,https://inaturalist-open-data.s3.amazonaws.com/photos/32345477/original.jpeg
,10239817,,,,,#N/A,,,,,11,http://www.boldsystems.org/pics/MHAMA/92-SRNP-1072.2-DHJ332334+1365543722.jpg
,10248521,,,,,#N/A,,,,,110,https://inaturalist-open-data.s3.amazonaws.com/photos/295343599/original.jpg
,10251952,,,,,#N/A,,,,,5,http://www.boldsystems.org/pics/MHCPA/04-SRNP-60065-DHJ343548+1365545234.jpg
,10253959,,,,,#N/A,,,,,15,https://inaturalist-open-data.s3.amazonaws.com/photos/336496090/original.jpeg
,10254883,,,,,#N/A,,,,,6,https://inaturalist-open-data.s3.amazonaws.com/photos/111486832/original.jpeg
Deuterophysa asychanalis,10262758,,,,,2194,,,Deuterophysa,Crambidae,5,https://inaturalist-open-data.s3.amazonaws.com/photos/80922810/original.jpeg
Diaphania exclusalis,10262844,,,,,2195,,,Diaphania,Crambidae,25,https://inaturalist-open-data.s3.amazonaws.com/photos/256154521/original.jpeg
,10266365,,,,,#N/A,,,,,10,https://inaturalist-open-data.s3.amazonaws.com/photos/200329436/original.jpg
Macaria approximaria,10267648,,,,,2197,,,Macaria,Geometridae,9,https://inaturalist-open-data.s3.amazonaws.com/photos/3527201/original.JPG
,10268998,,,,,#N/A,,,,,6,https://inaturalist-open-data.s3.amazonaws.com/photos/13973668/original.jpeg
,10275287,,,,,#N/A,,,,,16,https://inaturalist-open-data.s3.amazonaws.com/photos/363749093/original.jpg
Eusarca nemora,10288719,,,,,2200,,,Eusarca,Geometridae,42,https://inaturalist-open-data.s3.amazonaws.com/photos/87666587/original.jpeg
,10290140,,,,,#N/A,,,,,9,https://inaturalist-open-data.s3.amazonaws.com/photos/75484747/original.jpeg
,10308515,,,,,#N/A,,,,,22,https://inaturalist-open-data.s3.amazonaws.com/photos/6641342/original.jpeg
Caio championi,10314381,,,,,2203,,,Caio,Saturniidae,40,https://inaturalist-open-data.s3.amazonaws.com/photos/198717926/original.jpeg
,10314952,,,,,#N/A,,,,,79,"https://images.collections.yale.edu/iiif/2/ypm:49136558-7505-453e-b75a-be0de0167562/full/!1920,1920/0/default.jpg"
,10316796,,,,,#N/A,,,,,4,https://inaturalist-open-data.s3.amazonaws.com/photos/4180275/original.JPG
,10317110,,,,,#N/A,,,,,4,https://inaturalist-open-data.s3.amazonaws.com/photos/260852764/original.jpeg
,10320474,,,,,#N/A,,,,,8,https://inaturalist-open-data.s3.amazonaws.com/photos/84453738/original.jpeg
,10324511,,,,,#N/A,,,,,14,https://inaturalist-open-data.s3.amazonaws.com/photos/90022807/original.jpg
,10325227,,,,,#N/A,,,,,5,https://mediaphoto.mnhn.fr/media/1700047218582DrtLxsD0kXzJbHTy
,10325555,,,,,#N/A,,,,,5,https://inaturalist-open-data.s3.amazonaws.com/photos/97894108/original.jpeg
,10327601,,,,,#N/A,,,,,6,https://inaturalist-open-data.s3.amazonaws.com/photos/61992627/original.jpeg
,10339040,,,,,#N/A,,,,,5,https://inaturalist-open-data.s3.amazonaws.com/photos/365639087/original.jpg
Macaria cardinea,10347310,,,,,2213,,,Macaria,Geometridae,6,https://inaturalist-open-data.s3.amazonaws.com/photos/73771505/original.jpeg
,10352577,,,,,#N/A,,,,,8,https://inaturalist-open-data.s3.amazonaws.com/photos/398307996/original.jpg
,10354717,,,,,#N/A,,,,,14,https://inaturalist-open-data.s3.amazonaws.com/photos/257430537/original.jpg
,10355323,,,,,#N/A,,,,,8,https://inaturalist-open-data.s3.amazonaws.com/photos/347195245/original.jpeg
,10358105,,,,,#N/A,,,,,4,https://inaturalist-open-data.s3.amazonaws.com/photos/179118681/original.jpg
,10368183,,,,,#N/A,,,,,16,https://inaturalist-open-data.s3.amazonaws.com/photos/180054904/original.jpeg
Truncaptera guatemalensis,10373021,,,,,2219,,,Truncaptera,Notodontidae,143,http://www.boldsystems.org/pics/BLPDK/09-SRNP-105649_DHJ638884+1249312226.jpg
,10374542,,,,,#N/A,,,,,4,https://inaturalist-open-data.s3.amazonaws.com/photos/100561724/original.jpeg
,10385585,,,,,#N/A,,,,,5,https://inaturalist-open-data.s3.amazonaws.com/photos/120039408/original.jpeg
,10386395,,,,,#N/A,,,,,4,https://inaturalist-open-data.s3.amazonaws.com/photos/115533241/original.jpeg
Ceratocilia sixolalis,10391532,,,,,2223,,,Ceratocilia,Crambidae,161,http://www.boldsystems.org/pics/BLPBF/07-SRNP-102706_DHJ612670+1178635088.jpg
,10395440,,,,,#N/A,,,,,53,https://inaturalist-open-data.s3.amazonaws.com/photos/263189614/original.jpeg
,10396660,,,,,#N/A,,,,,4,https://inaturalist-open-data.s3.amazonaws.com/photos/376813386/original.jpeg
,10398335,,,,,#N/A,,,,,21,https://inaturalist-open-data.s3.amazonaws.com/photos/130259266/original.jpeg
Prochoerodes tetragonata,10398792,,,,,2227,,,Prochoerodes,Geometridae,12,https://inaturalist-open-data.s3.amazonaws.com/photos/220678571/original.jpeg
Ulaluma valva,10403887,,,,,2228,,,Ulaluma,Mimallonidae,7,https://inaturalist-open-data.s3.amazonaws.com/photos/67738735/original.jpeg
,10408178,,,,,#N/A,,,,,4,https://inaturalist-open-data.s3.amazonaws.com/photos/105118289/original.jpeg
,10422460,,,,,#N/A,,,,,30,https://inaturalist-open-data.s3.amazonaws.com/photos/106715416/original.jpeg
,10423870,,,,,#N/A,,,,,7,https://inaturalist-open-data.s3.amazonaws.com/photos/344591166/original.jpg
,10433796,,,,,#N/A,,,,,6,https://inaturalist-open-data.s3.amazonaws.com/photos/91037856/original.jpeg
,10439369,,,,,#N/A,,,,,23,https://inaturalist-open-data.s3.amazonaws.com/photos/242278771/original.jpeg
,10446574,,,,,#N/A,,,,,13,https://inaturalist-open-data.s3.amazonaws.com/photos/98506570/original.jpeg
,10452430,,,,,#N/A,,,,,10,http://www.boldsystems.org/pics/MHAUF/91-SRNP-1095-DHJ356297+1172945192.jpg
,10454248,,,,,#N/A,,,,,26,https://inaturalist-open-data.s3.amazonaws.com/photos/190969384/original.jpg
,10466176,,,,,#N/A,,,,,22,https://inaturalist-open-data.s3.amazonaws.com/photos/110063521/original.jpeg
,10467943,,,,,#N/A,,,,,7,https://inaturalist-open-data.s3.amazonaws.com/photos/30489783/original.jpeg
,10469201,,,,,#N/A,,,,,16,https://inaturalist-open-data.s3.amazonaws.com/photos/317840799/original.jpeg
Ginaldia arecosa,10478466,,,,,2240,,,Ginaldia,Notodontidae,82,http://www.boldsystems.org/pics/BLPDS/10-SRNP-106726_DHJ651601+1275409034.jpg
,10484916,,,,,#N/A,,,,,6,https://inaturalist-open-data.s3.amazonaws.com/photos/237786554/original.jpeg
,10507100,,,,,#N/A,,,,,4,https://inaturalist-open-data.s3.amazonaws.com/photos/100583717/original.jpeg
,10508244,,,,,#N/A,,,,,11,https://inaturalist-open-data.s3.amazonaws.com/photos/65949208/original.jpeg
,10518920,,,,,#N/A,,,,,7,https://inaturalist-open-data.s3.amazonaws.com/photos/12492369/original.jpg
,10520508,,,,,#N/A,,,,,11,https://inaturalist-open-data.s3.amazonaws.com/photos/120023362/original.jpeg
,10526082,,,,,#N/A,,,,,4,https://inaturalist-open-data.s3.amazonaws.com/photos/111267879/original.jpeg
Oxytenis nubila,10530239,,,,,2247,,,Oxytenis,Saturniidae,6,https://inaturalist-open-data.s3.amazonaws.com/photos/49122154/original.jpeg
,10560768,,,,,#N/A,,,,,37,https://inaturalist-open-data.s3.amazonaws.com/photos/226754092/original.jpeg
,10564738,,,,,#N/A,,,,,33,https://inaturalist-open-data.s3.amazonaws.com/photos/86079240/original.jpeg
,10580195,,,,,#N/A,,,,,26,https://inaturalist-open-data.s3.amazonaws.com/photos/130823788/original.jpeg
,10584379,,,,,#N/A,,,,,4,https://inaturalist-open-data.s3.amazonaws.com/photos/60597559/original.jpg
Periphoba arcaei,10591617,,,,,2252,,,Periphoba,Saturniidae,76,https://inaturalist-open-data.s3.amazonaws.com/photos/34725229/original.jpeg
,10592498,,,,,#N/A,,,,,10,https://inaturalist-open-data.s3.amazonaws.com/photos/189596160/original.jpeg
,10604008,,,,,#N/A,,,,,16,https://inaturalist-open-data.s3.amazonaws.com/photos/47058188/original.jpg
,10605938,,,,,#N/A,,,,,14,https://inaturalist-open-data.s3.amazonaws.com/photos/164147226/original.jpeg
,10616747,,,,,#N/A,,,,,4,https://inaturalist-open-data.s3.amazonaws.com/photos/100778847/original.jpeg
,10617721,,,,,#N/A,,,,,20,https://inaturalist-open-data.s3.amazonaws.com/photos/177445392/original.jpg
,10626558,,,,,#N/A,,,,,7,https://inaturalist-open-data.s3.amazonaws.com/photos/346646212/original.jpeg
,10631656,,,,,#N/A,,,,,13,https://inaturalist-open-data.s3.amazonaws.com/photos/145973647/original.jpg
,10638921,,,,,#N/A,,,,,8,https://inaturalist-open-data.s3.amazonaws.com/photos/6640946/original.jpeg
Nagara vitrea,10642453,,,,,2261,,,Stictoptera,Euteliidae,68,http://www.boldsystems.org/pics/MHMXZ/08-SRNP-881-DHJ396801+1240971506.jpg
,10644173,,,,,#N/A,,,,,6,https://inaturalist-open-data.s3.amazonaws.com/photos/182467186/original.jpeg
Synchlora expulsata,10650351,,,,,2263,,,Synchlora,Geometridae,34,https://inaturalist-open-data.s3.amazonaws.com/photos/32279945/original.jpg
,10650720,,,,,#N/A,,,,,12,https://inaturalist-open-data.s3.amazonaws.com/photos/232038957/original.jpeg
,10655532,,,,,#N/A,,,,,6,http://www.boldsystems.org/pics/MHAUC/93-srnp-770-dhj320151+1140458832.jpg
,10682107,,,,,#N/A,,,,,10,https://inaturalist-open-data.s3.amazonaws.com/photos/310397630/original.jpeg
,10704929,,,,,#N/A,,,,,9,https://inaturalist-open-data.s3.amazonaws.com/photos/180002822/original.jpeg
,10711384,,,,,#N/A,,,,,6,https://inaturalist-open-data.s3.amazonaws.com/photos/363536651/original.jpg
Lepasta maltha,10730710,,,,,2269,,,Lemairegisa,Notodontidae,9,https://inaturalist-open-data.s3.amazonaws.com/photos/51889567/original.jpg
Adeloneivaia centrojason,10731187,,,,,2270,,,Adeloneivaia,Saturniidae,157,http://www.boldsystems.org/pics/BCISA/LESACE-22000003-BCI16197-D+1288286358.JPG
,10746109,,,,,#N/A,,,,,5,http://www.boldsystems.org/pics/MHANI/06-SRNP-30422-DHJ334449+1365544064.jpg
Cisthene citrina,10763692,,,,,2272,,,Cisthene,Erebidae,6,https://inaturalist-open-data.s3.amazonaws.com/photos/92237336/original.jpg
,10799264,,,,,#N/A,,,,,6,https://inaturalist-open-data.s3.amazonaws.com/photos/249210820/original.jpeg
Spilomela perspicata,10807787,,,,,2274,,,Zebronia,Crambidae,52,https://inaturalist-open-data.s3.amazonaws.com/photos/80691977/original.jpg
,10811237,,,,,#N/A,,,,,6,https://inaturalist-open-data.s3.amazonaws.com/photos/73815556/original.jpeg
,10830546,,,,,#N/A,,,,,148,https://inaturalist-open-data.s3.amazonaws.com/photos/209955336/original.jpg
,10833398,,,,,#N/A,,,,,7,https://inaturalist-open-data.s3.amazonaws.com/photos/245779333/original.jpeg
Feigeria magna,10851228,,,,,2278,,,Feigeria,Erebidae,50,https://inaturalist-open-data.s3.amazonaws.com/photos/309872711/original.jpeg
,10876358,,,,,#N/A,,,,,4,https://inaturalist-open-data.s3.amazonaws.com/photos/363027337/original.jpg
Euclea costaricana,10880699,,,,,2280,,,Euclea,Limacodidae,21,https://inaturalist-open-data.s3.amazonaws.com/photos/95659346/original.jpeg
,10885865,,,,,#N/A,,,,,15,https://inaturalist-open-data.s3.amazonaws.com/photos/107040182/original.jpeg
,10886231,,,,,#N/A,,,,,6,http://www.boldsystems.org/pics/MHMXG/84-SRNP-1519-DHJ358152+1172118452.jpg
,10898690,,,,,#N/A,,,,,5,https://inaturalist-open-data.s3.amazonaws.com/photos/80186639/original.jpeg
Mimallo amilia,10973357,,,,,2284,,,Mimallo,Mimallonidae,58,https://inaturalist-open-data.s3.amazonaws.com/photos/188517032/original.jpeg
Marasmia cochrusalis,11044778,,,,,2285,,,Cnaphalocrocis,Crambidae,25,https://inaturalist-open-data.s3.amazonaws.com/photos/248160376/original.jpeg
,11216605,,,,,#N/A,,,,,8,https://inaturalist-open-data.s3.amazonaws.com/photos/109151827/original.jpg
,11417957,,,,,#N/A,,,,,5,https://inaturalist-open-data.s3.amazonaws.com/photos/363014244/original.jpg
Automeris parapichinchensis,11426513,,,,,2288,,,Automeris,Saturniidae,229,http://www.boldsystems.org/pics/BLPAA/17-SRNP-726-DHJ930936+1551985382.jpg
,11430214,,,,,#N/A,,,,,27,https://inaturalist-open-data.s3.amazonaws.com/photos/260983914/original.jpeg
Athyrma adjutrix,11430466,,,,,2290,,,Athyrma,Erebidae,14,https://inaturalist-open-data.s3.amazonaws.com/photos/223627305/original.jpg
,11452851,,,,,#N/A,,,,,9,https://inaturalist-open-data.s3.amazonaws.com/photos/118982576/original.jpeg
,11455289,,,,,#N/A,,,,,25,https://inaturalist-open-data.s3.amazonaws.com/photos/190637505/original.jpg
,11459671,,,,,#N/A,,,,,9,https://inaturalist-open-data.s3.amazonaws.com/photos/107693821/original.jpeg
Erinnyis oenotrus,11468731,,,,,2294,,,Erinnyis,Sphingidae,151,https://inaturalist-open-data.s3.amazonaws.com/photos/241113937/original.jpg
Episcepsis hypoleuca,11471022,,,,,2295,,,Episcepsis,Erebidae,10,https://inaturalist-open-data.s3.amazonaws.com/photos/292540298/original.jpg
,11486713,,,,,#N/A,,,,,7,https://inaturalist-open-data.s3.amazonaws.com/photos/95732038/original.jpeg
Lepidoneiva caecum,11494405,,,,,2297,,,Lepidoneiva,Erebidae,28,https://inaturalist-open-data.s3.amazonaws.com/photos/80767789/original.jpg
,11495556,,,,,#N/A,,,,,200,https://inaturalist-open-data.s3.amazonaws.com/photos/42397382/original.jpeg
,11506397,,,,,#N/A,,,,,26,https://inaturalist-open-data.s3.amazonaws.com/photos/309831542/original.jpeg
,11507608,,,,,#N/A,,,,,54,https://inaturalist-open-data.s3.amazonaws.com/photos/60197089/original.jpeg
,11533575,,,,,#N/A,,,,,6,https://ecdysis.org/imglib/scan/CSU_CSUC/CSU_ENT0055/CSU_ENT0055704_1-5_1569514735_lg.jpg
,11540684,,,,,#N/A,,,,,11,https://inaturalist-open-data.s3.amazonaws.com/photos/184536745/original.jpg
,11547965,,,,,#N/A,,,,,6,https://inaturalist-open-data.s3.amazonaws.com/photos/108146609/original.jpeg
,11553296,,,,,#N/A,,,,,12,https://inaturalist-open-data.s3.amazonaws.com/photos/261541177/original.jpeg
,11566967,,,,,#N/A,,,,,39,https://inaturalist-open-data.s3.amazonaws.com/photos/200622040/original.jpeg
,11572470,,,,,#N/A,,,,,4,https://inaturalist-open-data.s3.amazonaws.com/photos/148012953/original.jpg
,11604238,,,,,#N/A,,,,,6,https://inaturalist-open-data.s3.amazonaws.com/photos/131675948/original.jpeg
,11612071,,,,,#N/A,,,,,6,https://inaturalist-open-data.s3.amazonaws.com/photos/345823349/original.jpeg
,11627374,,,,,#N/A,,,,,6,http://www.boldsystems.org/pics/MHAUC/04-srnp-42927-dhj317647+1140452550.jpg
,11631259,,,,,#N/A,,,,,9,https://inaturalist-open-data.s3.amazonaws.com/photos/295854282/original.jpeg
Valvaminor davisi,11646000,,,,,2311,,,Valvaminor,Erebidae,21,https://inaturalist-open-data.s3.amazonaws.com/photos/187826539/original.jpg
,11654109,,,,,#N/A,,,,,8,https://inaturalist-open-data.s3.amazonaws.com/photos/105180249/original.jpeg
,11657571,,,,,#N/A,,,,,11,https://ecdysis.org/imglib/storage/portals/scan/ASU_ASUHIC/ASUHIC0095/ASUHIC0095785_habitus_dorsal_1529976073_lg.jpg
,11661427,,,,,#N/A,,,,,5,https://inaturalist-open-data.s3.amazonaws.com/photos/98650299/original.jpg
,11671032,,,,,#N/A,,,,,13,http://www.boldsystems.org/pics/MHAUG/86-SRNP-164.2-DHJ365137+1220039334.jpg
,11671913,,,,,#N/A,,,,,5,https://inaturalist-open-data.s3.amazonaws.com/photos/146182837/original.jpeg
,11674412,,,,,#N/A,,,,,14,https://inaturalist-open-data.s3.amazonaws.com/photos/100070237/original.jpeg
,11677480,,,,,#N/A,,,,,39,https://inaturalist-open-data.s3.amazonaws.com/photos/63588590/original.jpeg
,11721130,,,,,#N/A,,,,,17,https://inaturalist-open-data.s3.amazonaws.com/photos/105180909/original.jpeg
,11723982,,,,,#N/A,,,,,7,https://inaturalist-open-data.s3.amazonaws.com/photos/114777368/original.jpeg
Lepidoneiva teuthras,11725616,,,,,2321,,,Lepidoneiva,Erebidae,110,https://inaturalist-open-data.s3.amazonaws.com/photos/48110334/original.jpg
,11740083,,,,,#N/A,,,,,9,https://inaturalist-open-data.s3.amazonaws.com/photos/333258326/original.jpeg
Leptostales angulata,11740492,,,,,2323,,,Leptostales,Geometridae,15,https://inaturalist-open-data.s3.amazonaws.com/photos/250042151/original.jpeg
,11742094,,,,,#N/A,,,,,8,https://inaturalist-open-data.s3.amazonaws.com/photos/85727544/original.jpeg
,11742694,,,,,#N/A,,,,,19,https://inaturalist-open-data.s3.amazonaws.com/photos/90871305/original.jpeg
Paragonia tasima,11744427,,,,,2326,,,Paragonia,Geometridae,4,https://inaturalist-open-data.s3.amazonaws.com/photos/250757998/original.jpeg
,11747506,,,,,#N/A,,,,,4,https://inaturalist-open-data.s3.amazonaws.com/photos/12045050/original.jpg
,11751392,,,,,#N/A,,,,,5,https://inaturalist-open-data.s3.amazonaws.com/photos/369771391/original.jpg
,11758968,,,,,#N/A,,,,,6,https://inaturalist-open-data.s3.amazonaws.com/photos/378492347/original.jpeg
Oiketicus geyeri,11773446,,,,,2330,,,Oiketicus,Psychidae,7,https://inaturalist-open-data.s3.amazonaws.com/photos/166859717/original.jpg
,11804427,,,,,#N/A,,,,,9,https://inaturalist-open-data.s3.amazonaws.com/photos/105719569/original.jpeg
,11823350,,,,,#N/A,,,,,13,https://inaturalist-open-data.s3.amazonaws.com/photos/262038220/original.jpg
,11823607,,,,,#N/A,,,,,15,https://inaturalist-open-data.s3.amazonaws.com/photos/375714127/original.jpeg
,11849732,,,,,#N/A,,,,,5,https://inaturalist-open-data.s3.amazonaws.com/photos/261536080/original.jpeg
Thagona tibialis,11855431,,,,,2335,,,Thagona,Erebidae,19,https://inaturalist-open-data.s3.amazonaws.com/photos/306019733/original.jpeg
Parilexia cermala,11860541,,,,,2336,,,Parilexia,Geometridae,16,https://inaturalist-open-data.s3.amazonaws.com/photos/106833647/original.jpeg
,11890681,,,,,#N/A,,,,,82,https://inaturalist-open-data.s3.amazonaws.com/photos/264458442/original.jpeg
Euclera meones,11904675,,,,,2338,,,Euclera,Erebidae,30,https://inaturalist-open-data.s3.amazonaws.com/photos/304666349/original.jpeg
,12025529,,,,,#N/A,,,,,15,https://inaturalist-open-data.s3.amazonaws.com/photos/91486139/original.jpeg
,12106417,,,,,#N/A,,,,,690,https://inaturalist-open-data.s3.amazonaws.com/photos/220723104/original.jpeg
,12171469,,,,,#N/A,,,,,12,https://inaturalist-open-data.s3.amazonaws.com/photos/184373465/original.jpeg
,12174211,,,,,#N/A,,,,,4,https://inaturalist-open-data.s3.amazonaws.com/photos/175444876/original.jpeg
,12174792,,,,,#N/A,,,,,5,https://inaturalist-open-data.s3.amazonaws.com/photos/24207803/original.jpeg
,12175932,,,,,#N/A,,,,,29,https://inaturalist-open-data.s3.amazonaws.com/photos/99335077/original.jpeg
,12178497,,,,,#N/A,,,,,4,https://inaturalist-open-data.s3.amazonaws.com/photos/193725019/original.jpeg
,12181308,,,,,#N/A,,,,,10,https://inaturalist-open-data.s3.amazonaws.com/photos/247819189/original.jpeg
Schidax squammaria,12182905,,,,,2347,,,Schidax,Uraniidae,14,https://inaturalist-open-data.s3.amazonaws.com/photos/246230571/original.jpg
Episcepsis thetis,12186497,,,,,2348,,,Episcepsis,Erebidae,13,https://scan-bugs.org:443/imglib/scan/MISSA_MEM/MEM331/MEM331579_Episcepsis_thetis_CE_1536861592_lg.jpg
,12194283,,,,,#N/A,,,,,247,https://inaturalist-open-data.s3.amazonaws.com/photos/113724234/original.jpg
,12200726,,,,,#N/A,,,,,6,https://ecdysis.org/imglib/scan/MISSA_MEM/MEM375/MEM375944_Ophisma_despagnesi_I_1552922080_lg.jpg
,12205077,,,,,#N/A,,,,,6,https://inaturalist-open-data.s3.amazonaws.com/photos/189298636/original.jpeg
,12205642,,,,,#N/A,,,,,27,https://id.digitarium.fi/api/F.312027/Preview001.jpg
,12209221,,,,,#N/A,,,,,12,https://inaturalist-open-data.s3.amazonaws.com/photos/63554015/original.jpeg
,12209825,,,,,#N/A,,,,,5,https://inaturalist-open-data.s3.amazonaws.com/photos/388319522/original.jpeg
,12217590,,,,,#N/A,,,,,9,https://inaturalist-open-data.s3.amazonaws.com/photos/152124177/original.jpg
,12224829,,,,,#N/A,,,,,4,https://inaturalist-open-data.s3.amazonaws.com/photos/95613619/original.jpg
,12230308,,,,,#N/A,,,,,26,https://inaturalist-open-data.s3.amazonaws.com/photos/90614135/original.jpeg
,12231011,,,,,#N/A,,,,,4,https://inaturalist-open-data.s3.amazonaws.com/photos/69368298/original.jpeg
Cyclophora insigniata,12256131,,,,,2359,,,Cyclophora,Geometridae,9,https://inaturalist-open-data.s3.amazonaws.com/photos/81559824/original.jpeg